[
    {
        "code": 1,
        "hotel": "3 Sis"
    },
    {
        "code": 2,
        "hotel": "99 Gallery & De Viang"
    },
    {
        "code": 3,
        "hotel": "Amazes You Chiang Mai Tour"
    },
    {
        "code": 4,
        "hotel": "Anoma Boutique House"
    },
    {
        "code": 5,
        "hotel": "At Chiang Mai (by SK Tour)"
    },
    {
        "code": 6,
        "hotel": "Baan Huen Phen"
    },
    {
        "code": 7,
        "hotel": "Baan Klang Wiang"
    },
    {
        "code": 8,
        "hotel": "BB Montra"
    },
    {
        "code": 9,
        "hotel": "Bed Phra Singh"
    },
    {
        "code": 10,
        "hotel": "Big Tree Boutique Hotel"
    },
    {
        "code": 11,
        "hotel": "Bohdi Serene (by My Chiang Mai Tour)"
    },
    {
        "code": 12,
        "hotel": "Buffalo Tours"
    },
    {
        "code": 13,
        "hotel": "Buri Gallery"
    },
    {
        "code": 14,
        "hotel": "Chiang Mai Boutique"
    },
    {
        "code": 15,
        "hotel": "Chiang Mai Summer"
    },
    {
        "code": 16,
        "hotel": "Chompor Lanna"
    },
    {
        "code": 17,
        "hotel": "Come Chiang Mai Lanna"
    },
    {
        "code": 18,
        "hotel": "Cozytel"
    },
    {
        "code": 19,
        "hotel": "De Lanna"
    },
    {
        "code": 20,
        "hotel": "De Naga"
    },
    {
        "code": 21,
        "hotel": "Esthia Chiang Mai"
    },
    {
        "code": 22,
        "hotel": "Eurana Boutique"
    },
    {
        "code": 23,
        "hotel": "G2 Boutique"
    },
    {
        "code": 24,
        "hotel": "Golden Wellschange to  Ping Nakara (Front)"
    },
    {
        "code": 25,
        "hotel": "Good Morning"
    },
    {
        "code": 26,
        "hotel": "Gord Chiang Mai"
    },
    {
        "code": 27,
        "hotel": "Green Tiger Vegetarian House"
    },
    {
        "code": 28,
        "hotel": "Hotel M (by Choice Car Rental)"
    },
    {
        "code": 29,
        "hotel": "Imm Tha Pae (by Asia Travel)"
    },
    {
        "code": 30,
        "hotel": "Jangmung Boutique House"
    },
    {
        "code": 31,
        "hotel": "Kodchasri Thani"
    },
    {
        "code": 32,
        "hotel": "La Pillow"
    },
    {
        "code": 33,
        "hotel": "Le Canal"
    },
    {
        "code": 34,
        "hotel": "Leechiang Hotel"
    },
    {
        "code": 35,
        "hotel": "Makka"
    },
    {
        "code": 36,
        "hotel": "Namton Boutique Hotel"
    },
    {
        "code": 37,
        "hotel": "Pak Chiang Mai"
    },
    {
        "code": 38,
        "hotel": "Parasol Inn"
    },
    {
        "code": 39,
        "hotel": "Pat's Klang Viang"
    },
    {
        "code": 40,
        "hotel": "Portico 21"
    },
    {
        "code": 41,
        "hotel": "Rachamankha"
    },
    {
        "code": 42,
        "hotel": "RatiLanna"
    },
    {
        "code": 43,
        "hotel": "Rich Lanna House"
    },
    {
        "code": 44,
        "hotel": "Roseate Chiang Mai (by D Tour)"
    },
    {
        "code": 45,
        "hotel": "Sira Boutique Hotel"
    },
    {
        "code": 46,
        "hotel": "Sirilanna (By K.Sofia & Front)"
    },
    {
        "code": 47,
        "hotel": "Tamarind Village"
    },
    {
        "code": 48,
        "hotel": "The 20 Lodge"
    },
    {
        "code": 49,
        "hotel": "The Log Home"
    },
    {
        "code": 50,
        "hotel": "The Rim Resort"
    },
    {
        "code": 51,
        "hotel": "The An-Teak Chiang Mai"
    },
    {
        "code": 52,
        "hotel": "Thapae Loft"
    },
    {
        "code": 53,
        "hotel": "The Peaberry"
    },
    {
        "code": 54,
        "hotel": "The Simply Room"
    },
    {
        "code": 55,
        "hotel": "U Chiang Mai"
    },
    {
        "code": 56,
        "hotel": "Vieng Mantra"
    },
    {
        "code": 57,
        "hotel": "Villa Duang Champa & Western House"
    },
    {
        "code": 58,
        "hotel": "Villa Tha Pae"
    },
    {
        "code": 59,
        "hotel": "1 Niman Gallery"
    },
    {
        "code": 60,
        "hotel": "9W Boutique"
    },
    {
        "code": 61,
        "hotel": "Akyra Manor Chiang Mai"
    },
    {
        "code": 62,
        "hotel": "Amata Lanna"
    },
    {
        "code": 63,
        "hotel": "Anantara (Club Lounge)"
    },
    {
        "code": 64,
        "hotel": "Anantara (Front & Concierge)"
    },
    {
        "code": 65,
        "hotel": "Aruntara"
    },
    {
        "code": 66,
        "hotel": "At Niman"
    },
    {
        "code": 67,
        "hotel": "At Pingnakorn (Niman)"
    },
    {
        "code": 68,
        "hotel": "(B2) Ayatana"
    },
    {
        "code": 69,
        "hotel": "Baan U Sabai"
    },
    {
        "code": 70,
        "hotel": "Ban Ratchiangsaen Baan Ratchiangsaen"
    },
    {
        "code": 71,
        "hotel": "Baiyok Ciao Hotel"
    },
    {
        "code": 72,
        "hotel": "Blue Elephant"
    },
    {
        "code": 73,
        "hotel": "Chanatt Hotel Chalnatt Hotel"
    },
    {
        "code": 74,
        "hotel": "Chang Thai House"
    },
    {
        "code": 75,
        "hotel": "Chiang Mai Orchid"
    },
    {
        "code": 76,
        "hotel": "Chiang Mai Plaza (by Jasmine Tour)"
    },
    {
        "code": 77,
        "hotel": "De Chai (Niman)"
    },
    {
        "code": 78,
        "hotel": "Eastin Tan (by Chiang Mai Empress Tour)"
    },
    {
        "code": 79,
        "hotel": "Gerard Habitat"
    },
    {
        "code": 80,
        "hotel": "Go Chiang Mai"
    },
    {
        "code": 81,
        "hotel": "Golden Bell Hotel"
    },
    {
        "code": 82,
        "hotel": "Grand Lanna Hotel"
    },
    {
        "code": 83,
        "hotel": "Holiday inn"
    },
    {
        "code": 84,
        "hotel": "Hug Collecton"
    },
    {
        "code": 85,
        "hotel": "Jira Luxury"
    },
    {
        "code": 86,
        "hotel": "Lanna Palace"
    },
    {
        "code": 87,
        "hotel": "Maraya Hotel"
    },
    {
        "code": 88,
        "hotel": "May Flower"
    },
    {
        "code": 89,
        "hotel": "Must Travel"
    },
    {
        "code": 90,
        "hotel": "Nap In Chiang Mai"
    },
    {
        "code": 91,
        "hotel": "Niman Soi 9"
    },
    {
        "code": 92,
        "hotel": "Nimman Mai"
    },
    {
        "code": 93,
        "hotel": "Nordwind"
    },
    {
        "code": 94,
        "hotel": "Pacific World"
    },
    {
        "code": 95,
        "hotel": "Patitta Aparment"
    },
    {
        "code": 96,
        "hotel": "Ping Nakara (By Lanna Boutique)"
    },
    {
        "code": 97,
        "hotel": "Prestige Cm"
    },
    {
        "code": 98,
        "hotel": "Ratchiangsean Flora House Ratchiangsaen Flora House"
    },
    {
        "code": 99,
        "hotel": "Rimping Village"
    },
    {
        "code": 100,
        "hotel": "S Private House"
    },
    {
        "code": 101,
        "hotel": "Shangri La (Concierge)"
    },
    {
        "code": 102,
        "hotel": "Shangri La (Horizon Club)"
    },
    {
        "code": 103,
        "hotel": "Shiek Istana (by Your Time Trip & Travel)"
    },
    {
        "code": 104,
        "hotel": "Singha Montra"
    },
    {
        "code": 105,
        "hotel": "Tad Come Village"
    },
    {
        "code": 106,
        "hotel": "Thannatee Boutique Hotel"
    },
    {
        "code": 107,
        "hotel": "The Artel Nimman Hotel"
    },
    {
        "code": 108,
        "hotel": "The Park"
    },
    {
        "code": 109,
        "hotel": "The Vulcano"
    },
    {
        "code": 110,
        "hotel": "Tri Yaan Na Ros"
    },
    {
        "code": 111,
        "hotel": "VC @ Saunpaak"
    },
    {
        "code": 112,
        "hotel": "Victoria Nimman"
    },
    {
        "code": 113,
        "hotel": "Wiang Chang Klan"
    },
    {
        "code": 114,
        "hotel": "Woodfield Resort"
    },
    {
        "code": 115,
        "hotel": "Yantarasri Resort"
    },
    {
        "code": 116,
        "hotel": "Yesterday"
    },
    {
        "code": 117,
        "hotel": "137 Pillars"
    },
    {
        "code": 118,
        "hotel": "Amora (by Lanna Voyage)"
    },
    {
        "code": 119,
        "hotel": "Baan Sean Fang Baan Saen Fang"
    },
    {
        "code": 120,
        "hotel": "Ban Thai Village (by Lanna Exclusive Tour)"
    },
    {
        "code": 121,
        "hotel": "CH Hotel"
    },
    {
        "code": 122,
        "hotel": "Chiang Mai Night Bazaar Boutique Hotel"
    },
    {
        "code": 123,
        "hotel": "De Chai (Tha Pae)"
    },
    {
        "code": 124,
        "hotel": "Decem Hotel"
    },
    {
        "code": 125,
        "hotel": "Imperial Mae Ping (by Sea Tours)"
    },
    {
        "code": 126,
        "hotel": "Kampaeng Ngam (by Lanna Exclusive Tour)"
    },
    {
        "code": 127,
        "hotel": "Ketawa"
    },
    {
        "code": 128,
        "hotel": "Khum Jao Luang"
    },
    {
        "code": 129,
        "hotel": "Lamduan Boutique"
    },
    {
        "code": 130,
        "hotel": "Mo Rooms"
    },
    {
        "code": 131,
        "hotel": "Na Tha Pae Na Thapae"
    },
    {
        "code": 132,
        "hotel": "Nara Tour"
    },
    {
        "code": 133,
        "hotel": "Nidhra Lanna"
    },
    {
        "code": 134,
        "hotel": "Puripunn"
    },
    {
        "code": 135,
        "hotel": "Rainforest"
    },
    {
        "code": 136,
        "hotel": "RarinJinda (by Funny Tour)"
    },
    {
        "code": 137,
        "hotel": "Rompo Boutique"
    },
    {
        "code": 138,
        "hotel": "Sala Lanna"
    },
    {
        "code": 139,
        "hotel": "Shewe Wana"
    },
    {
        "code": 140,
        "hotel": "Siripanna"
    },
    {
        "code": 141,
        "hotel": "Studio 99 Service Apartment"
    },
    {
        "code": 142,
        "hotel": "The Small"
    },
    {
        "code": 143,
        "hotel": "Travel Hup"
    },
    {
        "code": 144,
        "hotel": "Vieng Tha Pae"
    },
    {
        "code": 145,
        "hotel": "Villa De Chiang Mai"
    },
    {
        "code": 146,
        "hotel": "We Valley Boutique Hotel"
    },
    {
        "code": 147,
        "hotel": "Yaang Come Village"
    },
    {
        "code": 148,
        "hotel": "At Pingnakorn (Huay Kaew)"
    },
    {
        "code": 149,
        "hotel": "Bed Niman"
    },
    {
        "code": 150,
        "hotel": "Centara Asia World"
    },
    {
        "code": 151,
        "hotel": "Centara (by CLT)"
    },
    {
        "code": 152,
        "hotel": "D2"
    },
    {
        "code": 153,
        "hotel": "D2U"
    },
    {
        "code": 154,
        "hotel": "Furama (by Front Desk)"
    },
    {
        "code": 155,
        "hotel": "Grand Napat"
    },
    {
        "code": 156,
        "hotel": "Ibis Style"
    },
    {
        "code": 157,
        "hotel": "Khum Puhcome (by Chaing Mai Empress Tour)"
    },
    {
        "code": 158,
        "hotel": "Kiree Thara"
    },
    {
        "code": 159,
        "hotel": "Lani Chiang Mai"
    },
    {
        "code": 160,
        "hotel": "Le Meridien (Concierge)"
    },
    {
        "code": 161,
        "hotel": "Le Meridien (Le Club)"
    },
    {
        "code": 162,
        "hotel": "My Home (Mercure)"
    },
    {
        "code": 163,
        "hotel": "Na Patra (Grand Napat)"
    },
    {
        "code": 164,
        "hotel": "Pattara Place"
    },
    {
        "code": 165,
        "hotel": "Qi 68"
    },
    {
        "code": 166,
        "hotel": "Royal Princess (by World Travel Service)"
    },
    {
        "code": 167,
        "hotel": "Ruen Come In"
    },
    {
        "code": 168,
        "hotel": "Sireeampan"
    },
    {
        "code": 169,
        "hotel": "Star (by Chiang Mai Empress Tour)"
    },
    {
        "code": 170,
        "hotel": "Suriwongse (by Chiang Mai Empress Tour)"
    },
    {
        "code": 171,
        "hotel": "The Balcony"
    },
    {
        "code": 172,
        "hotel": "The Seven Senses"
    },
    {
        "code": 173,
        "hotel": "Vanilla Residence"
    },
    {
        "code": 174,
        "hotel": "Villa Kobboon Klinbua(Villa Korbhun Khinbua)"
    },
    {
        "code": 175,
        "hotel": "Zzziesta"
    },
    {
        "code": 176,
        "hotel": "May I In (by Fab Tour)"
    },
    {
        "code": 177,
        "hotel": "Chiang Mai Gate (U Nice Travel)"
    },
    {
        "code": 178,
        "hotel": "Sparrow Trip (@ Chiang Mai Gate)"
    },
    {
        "code": 179,
        "hotel": "IRI (Inter Radius International)"
    },
    {
        "code": 180,
        "hotel": "Bed Changkian"
    },
    {
        "code": 181,
        "hotel": "The Sila"
    },
    {
        "code": 182,
        "hotel": "Hug niman"
    },
    {
        "code": 183,
        "hotel": "Arcadia"
    },
    {
        "code": 184,
        "hotel": "Ban Boo Loo"
    },
    {
        "code": 185,
        "hotel": "AP Good At Travel"
    },
    {
        "code": 186,
        "hotel": "Direct Booking (Internet / Phone Call / E-mail)"
    },
    {
        "code": 187,
        "hotel": "Guide"
    },
    {
        "code": 188,
        "hotel": "NST"
    },
    {
        "code": 189,
        "hotel": "Lamphu House"
    },
    {
        "code": 190,
        "hotel": "Baan Ing Ping"
    },
    {
        "code": 191,
        "hotel": "My Chiang Mai Tour (Counter)"
    },
    {
        "code": 192,
        "hotel": "Jasmine Chiang Mai Boutique Hotel"
    },
    {
        "code": 193,
        "hotel": "Chu Hotel"
    },
    {
        "code": 194,
        "hotel": "I You B&B"
    },
    {
        "code": 195,
        "hotel": "Hotel De Artistes"
    },
    {
        "code": 196,
        "hotel": "The White Elephant Home"
    },
    {
        "code": 197,
        "hotel": "Holiday PlusChange toDestination Chiang Mai"
    },
    {
        "code": 198,
        "hotel": "Cozy Inn"
    },
    {
        "code": 199,
        "hotel": "C'mor"
    },
    {
        "code": 200,
        "hotel": "Welcome More"
    },
    {
        "code": 201,
        "hotel": "Western House Change toMaliroom"
    },
    {
        "code": 202,
        "hotel": "Nawa Sheeva"
    },
    {
        "code": 203,
        "hotel": "The Golden Well Residence"
    },
    {
        "code": 204,
        "hotel": "Art Mai"
    },
    {
        "code": 205,
        "hotel": "Viator"
    },
    {
        "code": 206,
        "hotel": "www.tour-in-chiangmai.com"
    },
    {
        "code": 207,
        "hotel": "Chiang Mai Local Tour (K. Odi)"
    },
    {
        "code": 208,
        "hotel": "Ban Chang Tong (บ้านช้างทอง)"
    },
    {
        "code": 209,
        "hotel": "Gold Star Travel"
    },
    {
        "code": 210,
        "hotel": "THM Richie Co., Ltd"
    },
    {
        "code": 211,
        "hotel": "OMG Experience"
    },
    {
        "code": 212,
        "hotel": "Hopewell (Hog Lai Heng) International Travel Service Co., Ltd"
    },
    {
        "code": 213,
        "hotel": "Trikaya Cultural & Acadiemic Travel Service"
    },
    {
        "code": 214,
        "hotel": "Bangkok Travel Club Co., Ltd"
    },
    {
        "code": 215,
        "hotel": "VIP Reiser Thailand"
    },
    {
        "code": 216,
        "hotel": "2 July Travel Co., Ltd"
    },
    {
        "code": 217,
        "hotel": "Inn Viaggi Asia Co., Ltd"
    },
    {
        "code": 218,
        "hotel": "Golf Tripz (Greenedge Enterprise PVT Ltd)"
    },
    {
        "code": 219,
        "hotel": "AM Interr Service Co., Ltd"
    },
    {
        "code": 220,
        "hotel": "Triba East"
    },
    {
        "code": 221,
        "hotel": "HW Genting Holiday Sdn Bhd"
    },
    {
        "code": 222,
        "hotel": "Sun & Tree Travel & Tour Sdn Bhd"
    },
    {
        "code": 223,
        "hotel": "Asian Overland Service Tour & Travel Sdn Bhd"
    },
    {
        "code": 224,
        "hotel": "Tong Yan Travel"
    },
    {
        "code": 225,
        "hotel": "M.I.C.E Hubs Travel & Tour Sdn Bhd"
    },
    {
        "code": 226,
        "hotel": "Asian Empress Travel & Tour Co., Ltd"
    },
    {
        "code": 227,
        "hotel": "Mai Hsoong Travel Ltd"
    },
    {
        "code": 228,
        "hotel": "Easy Go Travel & Tours Co., Ltd"
    },
    {
        "code": 229,
        "hotel": "MGI Tour"
    },
    {
        "code": 230,
        "hotel": "Travel Expert Shenzhen"
    },
    {
        "code": 231,
        "hotel": "Elegant Lotus Travel & Tour"
    },
    {
        "code": 232,
        "hotel": "Gulf Tour Manager"
    },
    {
        "code": 233,
        "hotel": "Great Star Light"
    },
    {
        "code": 234,
        "hotel": "Asiana Tour"
    },
    {
        "code": 235,
        "hotel": "Rajah Travel Corporation"
    },
    {
        "code": 236,
        "hotel": "Pinnacle Travel Service Pte Ltd"
    },
    {
        "code": 237,
        "hotel": "Boarding Pass"
    },
    {
        "code": 238,
        "hotel": "GTMC"
    },
    {
        "code": 239,
        "hotel": "APS Trade & Travel Co., ltd"
    },
    {
        "code": 240,
        "hotel": "gta"
    },
    {
        "code": 241,
        "hotel": "Prestige Holiday Co., Ltd"
    },
    {
        "code": 242,
        "hotel": "Kate & Hasu"
    },
    {
        "code": 243,
        "hotel": "Lanna Tree Boutique"
    },
    {
        "code": 244,
        "hotel": "Rim Nim Hostel"
    },
    {
        "code": 245,
        "hotel": "The Chaya Resort and Spa Chiang Mai"
    },
    {
        "code": 246,
        "hotel": "CTM Tour Thailand Co., Ltd"
    },
    {
        "code": 247,
        "hotel": "MD Boutique Hotel"
    },
    {
        "code": 248,
        "hotel": "Titian Permata Travel & Tour Sdh Hbd"
    },
    {
        "code": 249,
        "hotel": "Greendays Travel"
    },
    {
        "code": 250,
        "hotel": "Wua Lai Boutique Hotel Chiang Mai"
    },
    {
        "code": 251,
        "hotel": "iWuolai Hotel"
    },
    {
        "code": 252,
        "hotel": "Rowaco Asia Travel"
    },
    {
        "code": 253,
        "hotel": "Hyde Park Residence Chiang Mai"
    },
    {
        "code": 254,
        "hotel": "New WTS Travel Service Co., Ltd"
    },
    {
        "code": 255,
        "hotel": "Trantong Boutique"
    },
    {
        "code": 256,
        "hotel": "Lanna Dusita"
    },
    {
        "code": 257,
        "hotel": "Virtual Travel Guide"
    },
    {
        "code": 258,
        "hotel": "Wild Kingdom"
    },
    {
        "code": 259,
        "hotel": "T.P.T Chiang Mai Tourisport"
    },
    {
        "code": 260,
        "hotel": "Continental International"
    },
    {
        "code": 261,
        "hotel": "Planet World Wide"
    },
    {
        "code": 262,
        "hotel": "Be My Guest"
    },
    {
        "code": 263,
        "hotel": "Thai Incoming Co., Ltd."
    },
    {
        "code": 264,
        "hotel": "Retail Business Service"
    },
    {
        "code": 265,
        "hotel": "Guarantee Great Tours"
    },
    {
        "code": 266,
        "hotel": "The Thai Star Co., Ltd"
    },
    {
        "code": 267,
        "hotel": "Inflight Service Co., Ltd"
    },
    {
        "code": 268,
        "hotel": "Bangkok Icon Tour (wetourthailand.com)"
    },
    {
        "code": 269,
        "hotel": "Sabaidee Chiang Mai"
    },
    {
        "code": 270,
        "hotel": "S17 @ Nimman"
    },
    {
        "code": 271,
        "hotel": "New Thai Trade"
    },
    {
        "code": 272,
        "hotel": "Boo Boo Travel ans Tour Inc."
    },
    {
        "code": 273,
        "hotel": "Radios Tour"
    },
    {
        "code": 274,
        "hotel": "Wealth Boutique Hotel"
    },
    {
        "code": 275,
        "hotel": "De Klang Vieng"
    },
    {
        "code": 276,
        "hotel": "Giftbox Travel Co.,Ltd"
    },
    {
        "code": 277,
        "hotel": "My Chiang Mai Boutique Lodge"
    },
    {
        "code": 278,
        "hotel": "Buri Siri Boutique Hotel"
    },
    {
        "code": 279,
        "hotel": "NST-TC EVENT"
    },
    {
        "code": 280,
        "hotel": "B House Boutique Hotel"
    },
    {
        "code": 281,
        "hotel": "Go & Go Travel and Tour Co., Ltd"
    },
    {
        "code": 282,
        "hotel": "SMITH RESIDENCE"
    },
    {
        "code": 283,
        "hotel": "GREEN SLEEP"
    },
    {
        "code": 284,
        "hotel": "Thong Rang's House"
    },
    {
        "code": 285,
        "hotel": "Chiang Mai Grand View"
    },
    {
        "code": 286,
        "hotel": "X-Kingdom Guesthouse"
    },
    {
        "code": 287,
        "hotel": "ANANTARA SERVICE SUITE"
    },
    {
        "code": 288,
        "hotel": "VIANG LUANG"
    },
    {
        "code": 289,
        "hotel": "Battery Park Midtown Villa"
    },
    {
        "code": 290,
        "hotel": "Baan Yin Dee"
    },
    {
        "code": 291,
        "hotel": "Makka Chiva"
    },
    {
        "code": 292,
        "hotel": "Hongkhao Village"
    },
    {
        "code": 293,
        "hotel": "Spirit Tour Thailand"
    },
    {
        "code": 294,
        "hotel": "Absolute Bangkok & Absolute Chiang Mai"
    },
    {
        "code": 295,
        "hotel": "Pacific Horizon Travel"
    },
    {
        "code": 296,
        "hotel": "Friend for Asia"
    },
    {
        "code": 297,
        "hotel": "Thai Akara Lanna Boutique"
    },
    {
        "code": 298,
        "hotel": "Viang Ngam Lanna Villa"
    },
    {
        "code": 299,
        "hotel": "Old Town Chiang Mai Boutique"
    },
    {
        "code": 300,
        "hotel": "Sibsan Luxury Hotel"
    },
    {
        "code": 301,
        "hotel": "Baan Hanibah Bed & Breakfast"
    },
    {
        "code": 302,
        "hotel": "Casa Marocc Chiang Mai"
    },
    {
        "code": 303,
        "hotel": "S'Trips Poshtel"
    },
    {
        "code": 304,
        "hotel": "Lanna Boutique Resort"
    },
    {
        "code": 305,
        "hotel": "Na Nirund Boutique Resort"
    },
    {
        "code": 306,
        "hotel": "Mhon Sa Hotel"
    },
    {
        "code": 307,
        "hotel": "Bed Chiang Mai Gate"
    },
    {
        "code": 308,
        "hotel": "Amu Jamu Co., Ltd"
    },
    {
        "code": 309,
        "hotel": "Royal Silk Holidays Co., Ltd"
    },
    {
        "code": 310,
        "hotel": "Amata Lanna Village"
    },
    {
        "code": 311,
        "hotel": "Sanae's Hotel Chiang Mai"
    },
    {
        "code": 312,
        "hotel": "Ratana Hotel (www.ratanahotel.com)"
    },
    {
        "code": 313,
        "hotel": "PB Travel Agency Center Co., Ltd"
    },
    {
        "code": 314,
        "hotel": "Trazy Co., Ltd"
    },
    {
        "code": 315,
        "hotel": "Amazing Tour and Travel (Chonburi)"
    },
    {
        "code": 316,
        "hotel": "Pang Suan Kaew (Front)"
    },
    {
        "code": 317,
        "hotel": "Sighseeing Group Co., Ltd"
    },
    {
        "code": 318,
        "hotel": "Buono Tour Co., Ltd"
    },
    {
        "code": 319,
        "hotel": "ITC Bangkok Co., Ltd"
    },
    {
        "code": 320,
        "hotel": "Golden Discovery"
    },
    {
        "code": 321,
        "hotel": "Yor Thai Holidays (Yor indo-thai group co., ltd)"
    },
    {
        "code": 322,
        "hotel": "Om Tour and Trading (Thailand) Co., Ltd"
    },
    {
        "code": 323,
        "hotel": "Once Upon a Time Boutique Home"
    },
    {
        "code": 324,
        "hotel": "Le Charcoa Hotel Agoda"
    },
    {
        "code": 325,
        "hotel": "Sabai Sabai Hotel"
    },
    {
        "code": 326,
        "hotel": "X2 Chiang Mai Riverside Resort"
    },
    {
        "code": 327,
        "hotel": "Get Your Guide"
    },
    {
        "code": 328,
        "hotel": "Triumph Star Co., Ltd"
    },
    {
        "code": 329,
        "hotel": "De Chai The Deco"
    },
    {
        "code": 330,
        "hotel": "The Signature Hotel @ Thapae"
    },
    {
        "code": 331,
        "hotel": "Bossotel Inn (due with P' Chock)"
    },
    {
        "code": 332,
        "hotel": "Nature Joy Tour (Alternative Health Center Co., Ltd)"
    }
]