-- phpMyAdmin SQL Dump
-- version 4.3.8
-- http://www.phpmyadmin.net
--
-- Host: localhost
-- Generation Time: Mar 20, 2018 at 04:49 AM
-- Server version: 5.5.51-38.2
-- PHP Version: 5.6.30

SET SQL_MODE = "NO_AUTO_VALUE_ON_ZERO";
SET time_zone = "+00:00";


/*!40101 SET @OLD_CHARACTER_SET_CLIENT=@@CHARACTER_SET_CLIENT */;
/*!40101 SET @OLD_CHARACTER_SET_RESULTS=@@CHARACTER_SET_RESULTS */;
/*!40101 SET @OLD_COLLATION_CONNECTION=@@COLLATION_CONNECTION */;
/*!40101 SET NAMES utf8 */;

--
-- Database: `nst_touringcenter`
--

-- --------------------------------------------------------

--
-- Table structure for table `accounts`
--

CREATE TABLE IF NOT EXISTS `accounts` (
  `id` int(10) unsigned NOT NULL,
  `account_type_id` int(11) NOT NULL,
  `firstname` varchar(255) COLLATE utf8_unicode_ci NOT NULL,
  `lastname` varchar(255) COLLATE utf8_unicode_ci NOT NULL,
  `email` varchar(255) COLLATE utf8_unicode_ci DEFAULT NULL,
  `phone` varchar(255) COLLATE utf8_unicode_ci DEFAULT NULL,
  `passport_number` varchar(255) COLLATE utf8_unicode_ci DEFAULT NULL,
  `address` text COLLATE utf8_unicode_ci,
  `city` varchar(255) COLLATE utf8_unicode_ci DEFAULT NULL,
  `province` varchar(255) COLLATE utf8_unicode_ci DEFAULT NULL,
  `country` varchar(255) COLLATE utf8_unicode_ci DEFAULT NULL,
  `postcode` varchar(255) COLLATE utf8_unicode_ci DEFAULT NULL,
  `nationality` varchar(255) COLLATE utf8_unicode_ci DEFAULT NULL,
  `hotel` varchar(255) COLLATE utf8_unicode_ci DEFAULT NULL,
  `is_active` tinyint(4) NOT NULL DEFAULT '1',
  `created_by` varchar(50) COLLATE utf8_unicode_ci NOT NULL DEFAULT 'System',
  `updated_by` varchar(50) COLLATE utf8_unicode_ci DEFAULT NULL,
  `created_at` timestamp NOT NULL DEFAULT '0000-00-00 00:00:00',
  `updated_at` timestamp NOT NULL DEFAULT '0000-00-00 00:00:00'
) ENGINE=InnoDB DEFAULT CHARSET=utf8 COLLATE=utf8_unicode_ci;

-- --------------------------------------------------------

--
-- Table structure for table `account_types`
--

CREATE TABLE IF NOT EXISTS `account_types` (
  `id` int(10) unsigned NOT NULL,
  `type` varchar(50) COLLATE utf8_unicode_ci NOT NULL,
  `is_active` tinyint(4) NOT NULL DEFAULT '1',
  `created_by` varchar(50) COLLATE utf8_unicode_ci NOT NULL DEFAULT 'System',
  `updated_by` varchar(50) COLLATE utf8_unicode_ci DEFAULT NULL,
  `created_at` timestamp NOT NULL DEFAULT '0000-00-00 00:00:00',
  `updated_at` timestamp NOT NULL DEFAULT '0000-00-00 00:00:00'
) ENGINE=InnoDB AUTO_INCREMENT=6 DEFAULT CHARSET=utf8 COLLATE=utf8_unicode_ci;

--
-- Dumping data for table `account_types`
--

INSERT INTO `account_types` (`id`, `type`, `is_active`, `created_by`, `updated_by`, `created_at`, `updated_at`) VALUES
(1, 'User', 1, 'System', NULL, '2018-01-31 03:27:52', '2018-01-31 03:27:52'),
(2, 'Member', 1, 'System', NULL, '2018-01-31 03:27:52', '2018-01-31 03:27:52'),
(3, 'Affiliate', 1, 'System', NULL, '2018-01-31 03:27:53', '2018-01-31 03:27:53'),
(4, 'Admin', 1, 'System', NULL, '2018-01-31 03:27:53', '2018-01-31 03:27:53'),
(5, 'Manager', 1, 'System', NULL, '2018-01-31 03:27:53', '2018-01-31 03:27:53');

-- --------------------------------------------------------

--
-- Table structure for table `affiliate_commissions`
--

CREATE TABLE IF NOT EXISTS `affiliate_commissions` (
  `id` int(10) unsigned NOT NULL,
  `account_id` int(11) NOT NULL,
  `adult` int(11) NOT NULL,
  `child` int(11) NOT NULL DEFAULT '0',
  `infant` int(11) NOT NULL DEFAULT '0',
  `adult_price` double(10,2) NOT NULL,
  `child_price` double(10,2) NOT NULL,
  `commission` double(10,2) NOT NULL,
  `is_active` tinyint(4) NOT NULL DEFAULT '1',
  `created_by` varchar(50) COLLATE utf8_unicode_ci NOT NULL DEFAULT 'System',
  `updated_by` varchar(50) COLLATE utf8_unicode_ci DEFAULT NULL,
  `created_at` timestamp NOT NULL DEFAULT '0000-00-00 00:00:00',
  `updated_at` timestamp NOT NULL DEFAULT '0000-00-00 00:00:00'
) ENGINE=InnoDB DEFAULT CHARSET=utf8 COLLATE=utf8_unicode_ci;

-- --------------------------------------------------------

--
-- Table structure for table `affiliate_commission_details`
--

CREATE TABLE IF NOT EXISTS `affiliate_commission_details` (
  `id` int(10) unsigned NOT NULL,
  `account_id` int(11) NOT NULL,
  `tour_title` varchar(100) COLLATE utf8_unicode_ci NOT NULL,
  `tour_type` varchar(50) COLLATE utf8_unicode_ci NOT NULL,
  `commission` double(10,2) NOT NULL,
  `is_adult` tinyint(4) NOT NULL DEFAULT '1',
  `is_infant` tinyint(4) NOT NULL DEFAULT '0',
  `is_active` tinyint(4) NOT NULL DEFAULT '1',
  `created_by` varchar(50) COLLATE utf8_unicode_ci NOT NULL DEFAULT 'System',
  `updated_by` varchar(50) COLLATE utf8_unicode_ci DEFAULT NULL,
  `created_at` timestamp NOT NULL DEFAULT '0000-00-00 00:00:00',
  `updated_at` timestamp NOT NULL DEFAULT '0000-00-00 00:00:00'
) ENGINE=InnoDB DEFAULT CHARSET=utf8 COLLATE=utf8_unicode_ci;

-- --------------------------------------------------------

--
-- Table structure for table `affiliate_tour_statistics`
--

CREATE TABLE IF NOT EXISTS `affiliate_tour_statistics` (
  `id` int(10) unsigned NOT NULL,
  `account_id` int(11) NOT NULL,
  `transaction_tour_id` int(11) NOT NULL,
  `tour_code` varchar(10) COLLATE utf8_unicode_ci NOT NULL,
  `tour_title` varchar(100) COLLATE utf8_unicode_ci NOT NULL,
  `tour_privacy` varchar(50) COLLATE utf8_unicode_ci NOT NULL,
  `tour_travel_time` varchar(100) COLLATE utf8_unicode_ci NOT NULL,
  `tour_price` double(10,2) NOT NULL,
  `is_adult` tinyint(4) NOT NULL DEFAULT '1',
  `is_infant` tinyint(4) NOT NULL DEFAULT '0',
  `is_active` tinyint(4) NOT NULL DEFAULT '1',
  `created_by` varchar(50) COLLATE utf8_unicode_ci NOT NULL DEFAULT 'System',
  `updated_by` varchar(50) COLLATE utf8_unicode_ci DEFAULT NULL,
  `created_at` timestamp NOT NULL DEFAULT '0000-00-00 00:00:00',
  `updated_at` timestamp NOT NULL DEFAULT '0000-00-00 00:00:00'
) ENGINE=InnoDB DEFAULT CHARSET=utf8 COLLATE=utf8_unicode_ci;

-- --------------------------------------------------------

--
-- Table structure for table `configuration_emails`
--

CREATE TABLE IF NOT EXISTS `configuration_emails` (
  `id` int(10) unsigned NOT NULL,
  `email_id` int(11) NOT NULL,
  `email_type_id` int(11) NOT NULL,
  `email_contact_type_id` int(11) NOT NULL,
  `is_to` tinyint(4) NOT NULL DEFAULT '0',
  `is_cc` tinyint(4) NOT NULL DEFAULT '0',
  `is_bcc` tinyint(4) NOT NULL DEFAULT '0',
  `is_active` tinyint(4) NOT NULL DEFAULT '1',
  `created_by` varchar(50) COLLATE utf8_unicode_ci NOT NULL DEFAULT 'System',
  `updated_by` varchar(50) COLLATE utf8_unicode_ci DEFAULT NULL,
  `created_at` timestamp NOT NULL DEFAULT '0000-00-00 00:00:00',
  `updated_at` timestamp NOT NULL DEFAULT '0000-00-00 00:00:00'
) ENGINE=InnoDB AUTO_INCREMENT=13 DEFAULT CHARSET=utf8 COLLATE=utf8_unicode_ci;

--
-- Dumping data for table `configuration_emails`
--

INSERT INTO `configuration_emails` (`id`, `email_id`, `email_type_id`, `email_contact_type_id`, `is_to`, `is_cc`, `is_bcc`, `is_active`, `created_by`, `updated_by`, `created_at`, `updated_at`) VALUES
(1, 12, 1, 1, 0, 1, 0, 1, 'System', NULL, '2018-01-31 03:27:54', '2018-01-31 03:27:54'),
(2, 20, 1, 1, 0, 1, 0, 1, 'System', NULL, '2018-01-31 03:27:54', '2018-01-31 03:27:54'),
(3, 8, 1, 1, 0, 0, 1, 1, 'System', NULL, '2018-01-31 03:27:54', '2018-01-31 03:27:54'),
(4, 6, 2, 1, 0, 1, 0, 1, 'System', NULL, '2018-01-31 03:27:54', '2018-01-31 03:27:54'),
(5, 12, 2, 1, 0, 1, 0, 1, 'System', NULL, '2018-01-31 03:27:54', '2018-01-31 03:27:54'),
(6, 19, 2, 1, 0, 1, 0, 1, 'System', NULL, '2018-01-31 03:27:54', '2018-01-31 03:27:54'),
(7, 6, 3, 1, 1, 0, 0, 1, 'System', NULL, '2018-01-31 03:27:54', '2018-01-31 03:27:54'),
(8, 8, 3, 1, 0, 0, 1, 1, 'System', NULL, '2018-01-31 03:27:54', '2018-01-31 03:27:54'),
(9, 8, 4, 1, 1, 0, 0, 1, 'System', NULL, '2018-01-31 03:27:54', '2018-01-31 03:27:54'),
(10, 6, 5, 1, 1, 0, 0, 1, 'System', NULL, '2018-01-31 03:27:54', '2018-01-31 03:27:54'),
(11, 8, 5, 1, 0, 0, 1, 1, 'System', NULL, '2018-01-31 03:27:54', '2018-01-31 03:27:54'),
(12, 6, 6, 1, 1, 0, 0, 1, 'System', NULL, '2018-01-31 03:27:54', '2018-01-31 03:27:54');

-- --------------------------------------------------------

--
-- Table structure for table `configuration_tour_holidays`
--

CREATE TABLE IF NOT EXISTS `configuration_tour_holidays` (
  `id` int(10) unsigned NOT NULL,
  `tour_id` int(11) NOT NULL,
  `holiday_id` int(11) NOT NULL,
  `holiday_type_id` int(11) NOT NULL,
  `is_active` tinyint(4) NOT NULL DEFAULT '1',
  `created_by` varchar(50) COLLATE utf8_unicode_ci NOT NULL DEFAULT 'System',
  `updated_by` varchar(50) COLLATE utf8_unicode_ci DEFAULT NULL,
  `created_at` timestamp NOT NULL DEFAULT '0000-00-00 00:00:00',
  `updated_at` timestamp NOT NULL DEFAULT '0000-00-00 00:00:00'
) ENGINE=InnoDB AUTO_INCREMENT=37 DEFAULT CHARSET=utf8 COLLATE=utf8_unicode_ci;

--
-- Dumping data for table `configuration_tour_holidays`
--

INSERT INTO `configuration_tour_holidays` (`id`, `tour_id`, `holiday_id`, `holiday_type_id`, `is_active`, `created_by`, `updated_by`, `created_at`, `updated_at`) VALUES
(1, 1, 2, 1, 1, 'System', NULL, '2018-01-31 03:27:55', '2018-01-31 03:27:55'),
(2, 2, 1, 1, 1, 'System', NULL, '2018-01-31 03:27:55', '2018-01-31 03:27:55'),
(3, 3, 1, 1, 1, 'System', NULL, '2018-01-31 03:27:55', '2018-01-31 03:27:55'),
(4, 4, 1, 1, 1, 'System', NULL, '2018-01-31 03:27:55', '2018-01-31 03:27:55'),
(5, 5, 1, 1, 1, 'System', NULL, '2018-01-31 03:27:55', '2018-01-31 03:27:55'),
(6, 6, 1, 1, 1, 'System', NULL, '2018-01-31 03:27:55', '2018-01-31 03:27:55'),
(7, 7, 1, 1, 1, 'System', NULL, '2018-01-31 03:27:56', '2018-01-31 03:27:56'),
(8, 8, 1, 1, 1, 'System', NULL, '2018-01-31 03:27:56', '2018-01-31 03:27:56'),
(9, 9, 1, 1, 1, 'System', NULL, '2018-01-31 03:27:56', '2018-01-31 03:27:56'),
(10, 10, 2, 1, 1, 'System', NULL, '2018-01-31 03:27:56', '2018-01-31 03:27:56'),
(11, 11, 1, 1, 1, 'System', NULL, '2018-01-31 03:27:56', '2018-01-31 03:27:56'),
(12, 12, 1, 1, 1, 'System', NULL, '2018-01-31 03:27:56', '2018-01-31 03:27:56'),
(13, 13, 2, 1, 1, 'System', NULL, '2018-01-31 03:27:56', '2018-01-31 03:27:56'),
(14, 14, 2, 1, 1, 'System', NULL, '2018-01-31 03:27:56', '2018-01-31 03:27:56'),
(15, 15, 2, 1, 1, 'System', NULL, '2018-01-31 03:27:56', '2018-01-31 03:27:56'),
(16, 16, 2, 1, 1, 'System', NULL, '2018-01-31 03:27:56', '2018-01-31 03:27:56'),
(17, 17, 1, 1, 1, 'System', NULL, '2018-01-31 03:27:56', '2018-01-31 03:27:56'),
(18, 18, 1, 1, 1, 'System', NULL, '2018-01-31 03:27:56', '2018-01-31 03:27:56'),
(19, 1, 3, 1, 1, 'System', NULL, '2018-01-31 03:27:56', '2018-01-31 03:27:56'),
(20, 2, 3, 1, 1, 'System', NULL, '2018-01-31 03:27:56', '2018-01-31 03:27:56'),
(21, 3, 3, 1, 1, 'System', NULL, '2018-01-31 03:27:56', '2018-01-31 03:27:56'),
(22, 4, 3, 1, 1, 'System', NULL, '2018-01-31 03:27:56', '2018-01-31 03:27:56'),
(23, 5, 3, 1, 1, 'System', NULL, '2018-01-31 03:27:56', '2018-01-31 03:27:56'),
(24, 6, 3, 1, 1, 'System', NULL, '2018-01-31 03:27:57', '2018-01-31 03:27:57'),
(25, 7, 3, 1, 1, 'System', NULL, '2018-01-31 03:27:57', '2018-01-31 03:27:57'),
(26, 8, 3, 1, 1, 'System', NULL, '2018-01-31 03:27:57', '2018-01-31 03:27:57'),
(27, 9, 3, 1, 1, 'System', NULL, '2018-01-31 03:27:57', '2018-01-31 03:27:57'),
(28, 10, 3, 1, 1, 'System', NULL, '2018-01-31 03:27:57', '2018-01-31 03:27:57'),
(29, 11, 3, 1, 1, 'System', NULL, '2018-01-31 03:27:57', '2018-01-31 03:27:57'),
(30, 12, 3, 1, 1, 'System', NULL, '2018-01-31 03:27:57', '2018-01-31 03:27:57'),
(31, 13, 3, 1, 1, 'System', NULL, '2018-01-31 03:27:57', '2018-01-31 03:27:57'),
(32, 14, 3, 1, 1, 'System', NULL, '2018-01-31 03:27:57', '2018-01-31 03:27:57'),
(33, 15, 3, 1, 1, 'System', NULL, '2018-01-31 03:27:57', '2018-01-31 03:27:57'),
(34, 16, 3, 1, 1, 'System', NULL, '2018-01-31 03:27:57', '2018-01-31 03:27:57'),
(35, 17, 3, 1, 1, 'System', NULL, '2018-01-31 03:27:57', '2018-01-31 03:27:57'),
(36, 18, 3, 1, 1, 'System', NULL, '2018-01-31 03:27:57', '2018-01-31 03:27:57');

-- --------------------------------------------------------

--
-- Table structure for table `configuration_tour_prices`
--

CREATE TABLE IF NOT EXISTS `configuration_tour_prices` (
  `id` int(10) unsigned NOT NULL,
  `tour_id` int(11) NOT NULL,
  `tour_category_id` int(11) NOT NULL,
  `tour_pax_id` int(11) NOT NULL,
  `tour_privacy_id` int(11) NOT NULL,
  `tour_type_id` int(11) NOT NULL,
  `tour_travel_time_type_id` int(11) NOT NULL,
  `transportation_id` int(11) NOT NULL,
  `payment_mode_id` int(11) NOT NULL,
  `net_price_adult` double(10,2) NOT NULL,
  `net_price_child` double(10,2) NOT NULL,
  `sell_price_adult` double(10,2) NOT NULL,
  `sell_price_child` double(10,2) NOT NULL,
  `adult_price` double(10,2) NOT NULL,
  `child_price` double(10,2) NOT NULL,
  `commission_adult` double(10,2) NOT NULL,
  `commission_child` double(10,2) NOT NULL,
  `single_riding` double(10,2) NOT NULL,
  `period_start` date NOT NULL,
  `period_end` date NOT NULL,
  `is_active` tinyint(4) NOT NULL DEFAULT '1',
  `created_by` varchar(50) COLLATE utf8_unicode_ci NOT NULL DEFAULT 'System',
  `updated_by` varchar(50) COLLATE utf8_unicode_ci DEFAULT NULL,
  `created_at` timestamp NOT NULL DEFAULT '0000-00-00 00:00:00',
  `updated_at` timestamp NOT NULL DEFAULT '0000-00-00 00:00:00'
) ENGINE=InnoDB AUTO_INCREMENT=643 DEFAULT CHARSET=utf8 COLLATE=utf8_unicode_ci;

--
-- Dumping data for table `configuration_tour_prices`
--

INSERT INTO `configuration_tour_prices` (`id`, `tour_id`, `tour_category_id`, `tour_pax_id`, `tour_privacy_id`, `tour_type_id`, `tour_travel_time_type_id`, `transportation_id`, `payment_mode_id`, `net_price_adult`, `net_price_child`, `sell_price_adult`, `sell_price_child`, `adult_price`, `child_price`, `commission_adult`, `commission_child`, `single_riding`, `period_start`, `period_end`, `is_active`, `created_by`, `updated_by`, `created_at`, `updated_at`) VALUES
(1, 1, 2, 4, 1, 1, 1, 1, 1, 650.00, 400.00, 900.00, 550.00, 900.00, 550.00, 250.00, 150.00, 0.00, '2018-01-01', '2018-10-31', 1, 'System', NULL, '2018-01-31 03:27:58', '2018-01-31 03:27:58'),
(2, 1, 2, 1, 2, 1, 1, 1, 1, 1200.00, 700.00, 1500.00, 900.00, 1500.00, 900.00, 300.00, 200.00, 0.00, '2018-01-01', '2018-10-31', 1, 'System', NULL, '2018-01-31 03:27:58', '2018-01-31 03:27:58'),
(3, 1, 2, 2, 2, 1, 1, 1, 1, 850.00, 500.00, 1150.00, 700.00, 1150.00, 700.00, 300.00, 200.00, 0.00, '2018-01-01', '2018-10-31', 1, 'System', NULL, '2018-01-31 03:27:58', '2018-01-31 03:27:58'),
(4, 1, 2, 3, 2, 1, 1, 1, 1, 700.00, 450.00, 1000.00, 650.00, 1000.00, 650.00, 300.00, 200.00, 0.00, '2018-01-01', '2018-10-31', 1, 'System', NULL, '2018-01-31 03:27:58', '2018-01-31 03:27:58'),
(5, 1, 2, 4, 1, 1, 1, 1, 2, 650.00, 400.00, 900.00, 550.00, 650.00, 400.00, 250.00, 150.00, 0.00, '2018-01-01', '2018-10-31', 1, 'System', NULL, '2018-01-31 03:27:58', '2018-01-31 03:27:58'),
(6, 1, 2, 1, 2, 1, 1, 1, 2, 1200.00, 700.00, 1500.00, 900.00, 1200.00, 700.00, 300.00, 200.00, 0.00, '2018-01-01', '2018-10-31', 1, 'System', NULL, '2018-01-31 03:27:58', '2018-01-31 03:27:58'),
(7, 1, 2, 2, 2, 1, 1, 1, 2, 850.00, 500.00, 1150.00, 700.00, 850.00, 500.00, 300.00, 200.00, 0.00, '2018-01-01', '2018-10-31', 1, 'System', NULL, '2018-01-31 03:27:58', '2018-01-31 03:27:58'),
(8, 1, 2, 3, 2, 1, 1, 1, 2, 700.00, 450.00, 1000.00, 650.00, 700.00, 450.00, 300.00, 200.00, 0.00, '2018-01-01', '2018-10-31', 1, 'System', NULL, '2018-01-31 03:27:58', '2018-01-31 03:27:58'),
(9, 1, 2, 4, 1, 1, 1, 1, 3, 670.10, 412.37, 900.00, 550.00, 670.10, 412.37, 229.90, 137.63, 0.00, '2018-01-01', '2018-10-31', 1, 'System', NULL, '2018-01-31 03:27:58', '2018-01-31 03:27:58'),
(10, 1, 2, 1, 2, 1, 1, 1, 3, 1237.11, 721.65, 1500.00, 900.00, 1237.11, 721.65, 262.89, 178.35, 0.00, '2018-01-01', '2018-10-31', 1, 'System', NULL, '2018-01-31 03:27:58', '2018-01-31 03:27:58'),
(11, 1, 2, 2, 2, 1, 1, 1, 3, 876.29, 515.46, 1150.00, 700.00, 876.29, 515.46, 273.71, 184.54, 0.00, '2018-01-01', '2018-10-31', 1, 'System', NULL, '2018-01-31 03:27:58', '2018-01-31 03:27:58'),
(12, 1, 2, 3, 2, 1, 1, 1, 3, 721.65, 463.91, 1000.00, 650.00, 721.65, 463.91, 278.35, 186.09, 0.00, '2018-01-01', '2018-10-31', 1, 'System', NULL, '2018-01-31 03:27:58', '2018-01-31 03:27:58'),
(13, 1, 2, 4, 1, 1, 1, 1, 4, 700.00, 450.00, 900.00, 550.00, 700.00, 450.00, 200.00, 100.00, 0.00, '2018-01-01', '2018-10-31', 1, 'System', NULL, '2018-01-31 03:27:58', '2018-01-31 03:27:58'),
(14, 1, 2, 1, 2, 1, 1, 1, 4, 1200.00, 700.00, 1500.00, 900.00, 1200.00, 700.00, 300.00, 200.00, 0.00, '2018-01-01', '2018-10-31', 1, 'System', NULL, '2018-01-31 03:27:58', '2018-01-31 03:27:58'),
(15, 1, 2, 2, 2, 1, 1, 1, 4, 850.00, 500.00, 1150.00, 700.00, 850.00, 500.00, 300.00, 200.00, 0.00, '2018-01-01', '2018-10-31', 1, 'System', NULL, '2018-01-31 03:27:58', '2018-01-31 03:27:58'),
(16, 1, 2, 3, 2, 1, 1, 1, 4, 700.00, 450.00, 1000.00, 650.00, 700.00, 450.00, 300.00, 200.00, 0.00, '2018-01-01', '2018-10-31', 1, 'System', NULL, '2018-01-31 03:27:59', '2018-01-31 03:27:59'),
(17, 1, 2, 4, 1, 1, 1, 1, 5, 721.65, 463.92, 900.00, 550.00, 721.65, 463.92, 178.35, 86.08, 0.00, '2018-01-01', '2018-10-31', 1, 'System', NULL, '2018-01-31 03:27:59', '2018-01-31 03:27:59'),
(18, 1, 2, 1, 2, 1, 1, 1, 5, 1237.11, 721.65, 1500.00, 900.00, 1237.11, 721.65, 262.89, 178.35, 0.00, '2018-01-01', '2018-10-31', 1, 'System', NULL, '2018-01-31 03:27:59', '2018-01-31 03:27:59'),
(19, 1, 2, 2, 2, 1, 1, 1, 5, 876.29, 515.46, 1150.00, 700.00, 876.29, 515.46, 273.71, 184.54, 0.00, '2018-01-01', '2018-10-31', 1, 'System', NULL, '2018-01-31 03:27:59', '2018-01-31 03:27:59'),
(20, 1, 2, 3, 2, 1, 1, 1, 5, 721.65, 412.37, 1000.00, 650.00, 721.65, 412.37, 278.35, 237.63, 0.00, '2018-01-01', '2018-10-31', 1, 'System', NULL, '2018-01-31 03:27:59', '2018-01-31 03:27:59'),
(21, 1, 2, 4, 1, 1, 1, 1, 6, 650.00, 400.00, 900.00, 550.00, 765.00, 467.50, 250.00, 150.00, 0.00, '2018-01-01', '2018-10-31', 1, 'System', NULL, '2018-01-31 03:27:59', '2018-01-31 03:27:59'),
(22, 1, 2, 1, 2, 1, 1, 1, 6, 1200.00, 700.00, 1500.00, 900.00, 1275.00, 765.00, 300.00, 200.00, 0.00, '2018-01-01', '2018-10-31', 1, 'System', NULL, '2018-01-31 03:27:59', '2018-01-31 03:27:59'),
(23, 1, 2, 2, 2, 1, 1, 1, 6, 850.00, 500.00, 1150.00, 700.00, 977.50, 595.00, 300.00, 200.00, 0.00, '2018-01-01', '2018-10-31', 1, 'System', NULL, '2018-01-31 03:27:59', '2018-01-31 03:27:59'),
(24, 1, 2, 3, 2, 1, 1, 1, 6, 700.00, 450.00, 1000.00, 650.00, 850.00, 552.50, 300.00, 200.00, 0.00, '2018-01-01', '2018-10-31', 1, 'System', NULL, '2018-01-31 03:27:59', '2018-01-31 03:27:59'),
(25, 1, 2, 4, 1, 1, 1, 1, 7, 650.00, 400.00, 900.00, 550.00, 720.00, 440.00, 250.00, 150.00, 0.00, '2018-01-01', '2018-10-31', 1, 'System', NULL, '2018-01-31 03:27:59', '2018-01-31 03:27:59'),
(26, 1, 2, 1, 2, 1, 1, 1, 7, 1200.00, 700.00, 1500.00, 900.00, 1200.00, 720.00, 300.00, 200.00, 0.00, '2018-01-01', '2018-10-31', 1, 'System', NULL, '2018-01-31 03:27:59', '2018-01-31 03:27:59'),
(27, 1, 2, 2, 2, 1, 1, 1, 7, 850.00, 500.00, 1150.00, 700.00, 920.00, 560.00, 300.00, 200.00, 0.00, '2018-01-01', '2018-10-31', 1, 'System', NULL, '2018-01-31 03:27:59', '2018-01-31 03:27:59'),
(28, 1, 2, 3, 2, 1, 1, 1, 7, 700.00, 450.00, 1000.00, 650.00, 800.00, 520.00, 300.00, 200.00, 0.00, '2018-01-01', '2018-10-31', 1, 'System', NULL, '2018-01-31 03:27:59', '2018-01-31 03:27:59'),
(29, 1, 2, 4, 1, 1, 1, 1, 8, 650.00, 400.00, 900.00, 550.00, 675.00, 412.50, 250.00, 150.00, 0.00, '2018-01-01', '2018-10-31', 1, 'System', NULL, '2018-01-31 03:27:59', '2018-01-31 03:27:59'),
(30, 1, 2, 1, 2, 1, 1, 1, 8, 1200.00, 700.00, 1500.00, 900.00, 1125.00, 675.00, 300.00, 200.00, 0.00, '2018-01-01', '2018-10-31', 1, 'System', NULL, '2018-01-31 03:27:59', '2018-01-31 03:27:59'),
(31, 1, 2, 2, 2, 1, 1, 1, 8, 850.00, 500.00, 1150.00, 700.00, 862.50, 525.00, 300.00, 200.00, 0.00, '2018-01-01', '2018-10-31', 1, 'System', NULL, '2018-01-31 03:27:59', '2018-01-31 03:27:59'),
(32, 1, 2, 3, 2, 1, 1, 1, 8, 700.00, 450.00, 1000.00, 650.00, 750.00, 487.50, 300.00, 200.00, 0.00, '2018-01-01', '2018-10-31', 1, 'System', NULL, '2018-01-31 03:27:59', '2018-01-31 03:27:59'),
(33, 1, 2, 4, 1, 1, 1, 1, 9, 650.00, 400.00, 900.00, 550.00, 630.00, 385.00, 250.00, 150.00, 0.00, '2018-01-01', '2018-10-31', 1, 'System', NULL, '2018-01-31 03:28:00', '2018-01-31 03:28:00'),
(34, 1, 2, 1, 2, 1, 1, 1, 9, 1200.00, 700.00, 1500.00, 900.00, 1050.00, 630.00, 300.00, 200.00, 0.00, '2018-01-01', '2018-10-31', 1, 'System', NULL, '2018-01-31 03:28:00', '2018-01-31 03:28:00'),
(35, 1, 2, 2, 2, 1, 1, 1, 9, 850.00, 500.00, 1150.00, 700.00, 805.00, 490.00, 300.00, 200.00, 0.00, '2018-01-01', '2018-10-31', 1, 'System', NULL, '2018-01-31 03:28:00', '2018-01-31 03:28:00'),
(36, 1, 2, 3, 2, 1, 1, 1, 9, 700.00, 450.00, 1000.00, 650.00, 700.00, 455.00, 300.00, 200.00, 0.00, '2018-01-01', '2018-10-31', 1, 'System', NULL, '2018-01-31 03:28:00', '2018-01-31 03:28:00'),
(37, 1, 2, 4, 1, 1, 1, 1, 10, 650.00, 400.00, 900.00, 550.00, 900.00, 550.00, 250.00, 150.00, 0.00, '2018-01-01', '2018-10-31', 1, 'System', NULL, '2018-01-31 03:28:00', '2018-01-31 03:28:00'),
(38, 1, 2, 1, 2, 1, 1, 1, 10, 1200.00, 700.00, 1500.00, 900.00, 1500.00, 900.00, 300.00, 200.00, 0.00, '2018-01-01', '2018-10-31', 1, 'System', NULL, '2018-01-31 03:28:00', '2018-01-31 03:28:00'),
(39, 1, 2, 2, 2, 1, 1, 1, 10, 850.00, 500.00, 1150.00, 700.00, 1150.00, 700.00, 300.00, 200.00, 0.00, '2018-01-01', '2018-10-31', 1, 'System', NULL, '2018-01-31 03:28:00', '2018-01-31 03:28:00'),
(40, 1, 2, 3, 2, 1, 1, 1, 10, 700.00, 450.00, 1000.00, 650.00, 1000.00, 650.00, 300.00, 200.00, 0.00, '2018-01-01', '2018-10-31', 1, 'System', NULL, '2018-01-31 03:28:00', '2018-01-31 03:28:00'),
(41, 2, 2, 4, 1, 1, 1, 1, 1, 650.00, 400.00, 900.00, 550.00, 900.00, 550.00, 250.00, 150.00, 0.00, '2018-01-01', '2018-10-31', 1, 'System', NULL, '2018-01-31 03:28:00', '2018-01-31 03:28:00'),
(42, 2, 2, 1, 2, 1, 1, 1, 1, 1100.00, 650.00, 1400.00, 850.00, 1400.00, 850.00, 300.00, 200.00, 0.00, '2018-01-01', '2018-10-31', 1, 'System', NULL, '2018-01-31 03:28:00', '2018-01-31 03:28:00'),
(43, 2, 2, 2, 2, 1, 1, 1, 1, 850.00, 500.00, 1150.00, 700.00, 1150.00, 700.00, 300.00, 200.00, 0.00, '2018-01-01', '2018-10-31', 1, 'System', NULL, '2018-01-31 03:28:00', '2018-01-31 03:28:00'),
(44, 2, 2, 3, 2, 1, 1, 1, 1, 700.00, 450.00, 1000.00, 650.00, 1000.00, 650.00, 300.00, 200.00, 0.00, '2018-01-01', '2018-10-31', 1, 'System', NULL, '2018-01-31 03:28:00', '2018-01-31 03:28:00'),
(45, 2, 2, 4, 1, 1, 1, 1, 2, 650.00, 400.00, 900.00, 550.00, 650.00, 400.00, 250.00, 150.00, 0.00, '2018-01-01', '2018-10-31', 1, 'System', NULL, '2018-01-31 03:28:00', '2018-01-31 03:28:00'),
(46, 2, 2, 1, 2, 1, 1, 1, 2, 1100.00, 650.00, 1400.00, 850.00, 1100.00, 650.00, 300.00, 200.00, 0.00, '2018-01-01', '2018-10-31', 1, 'System', NULL, '2018-01-31 03:28:00', '2018-01-31 03:28:00'),
(47, 2, 2, 2, 2, 1, 1, 1, 2, 850.00, 500.00, 1150.00, 700.00, 850.00, 500.00, 300.00, 200.00, 0.00, '2018-01-01', '2018-10-31', 1, 'System', NULL, '2018-01-31 03:28:00', '2018-01-31 03:28:00'),
(48, 2, 2, 3, 2, 1, 1, 1, 2, 700.00, 450.00, 1000.00, 650.00, 700.00, 450.00, 300.00, 200.00, 0.00, '2018-01-01', '2018-10-31', 1, 'System', NULL, '2018-01-31 03:28:00', '2018-01-31 03:28:00'),
(49, 2, 2, 4, 1, 1, 1, 1, 3, 670.10, 412.37, 900.00, 550.00, 670.10, 412.37, 229.90, 137.63, 0.00, '2018-01-01', '2018-10-31', 1, 'System', NULL, '2018-01-31 03:28:00', '2018-01-31 03:28:00'),
(50, 2, 2, 1, 2, 1, 1, 1, 3, 1134.02, 670.10, 1400.00, 850.00, 1134.02, 670.10, 265.98, 179.90, 0.00, '2018-01-01', '2018-10-31', 1, 'System', NULL, '2018-01-31 03:28:00', '2018-01-31 03:28:00'),
(51, 2, 2, 2, 2, 1, 1, 1, 3, 876.29, 515.46, 1150.00, 700.00, 876.29, 515.46, 273.71, 184.54, 0.00, '2018-01-01', '2018-10-31', 1, 'System', NULL, '2018-01-31 03:28:01', '2018-01-31 03:28:01'),
(52, 2, 2, 3, 2, 1, 1, 1, 3, 721.65, 463.91, 1000.00, 650.00, 721.65, 463.91, 278.35, 186.09, 0.00, '2018-01-01', '2018-10-31', 1, 'System', NULL, '2018-01-31 03:28:01', '2018-01-31 03:28:01'),
(53, 2, 2, 4, 1, 1, 1, 1, 4, 700.00, 450.00, 900.00, 550.00, 700.00, 450.00, 200.00, 100.00, 0.00, '2018-01-01', '2018-10-31', 1, 'System', NULL, '2018-01-31 03:28:01', '2018-01-31 03:28:01'),
(54, 2, 2, 1, 2, 1, 1, 1, 4, 1100.00, 650.00, 1400.00, 850.00, 1100.00, 650.00, 300.00, 200.00, 0.00, '2018-01-01', '2018-10-31', 1, 'System', NULL, '2018-01-31 03:28:01', '2018-01-31 03:28:01'),
(55, 2, 2, 2, 2, 1, 1, 1, 4, 850.00, 500.00, 1150.00, 700.00, 850.00, 500.00, 300.00, 200.00, 0.00, '2018-01-01', '2018-10-31', 1, 'System', NULL, '2018-01-31 03:28:01', '2018-01-31 03:28:01'),
(56, 2, 2, 3, 2, 1, 1, 1, 4, 700.00, 450.00, 1000.00, 650.00, 700.00, 450.00, 300.00, 200.00, 0.00, '2018-01-01', '2018-10-31', 1, 'System', NULL, '2018-01-31 03:28:01', '2018-01-31 03:28:01'),
(57, 2, 2, 4, 1, 1, 1, 1, 5, 721.65, 463.92, 900.00, 550.00, 721.65, 463.92, 178.35, 86.08, 0.00, '2018-01-01', '2018-10-31', 1, 'System', NULL, '2018-01-31 03:28:01', '2018-01-31 03:28:01'),
(58, 2, 2, 1, 2, 1, 1, 1, 5, 1134.02, 670.10, 1400.00, 850.00, 1134.02, 670.10, 265.98, 179.90, 0.00, '2018-01-01', '2018-10-31', 1, 'System', NULL, '2018-01-31 03:28:01', '2018-01-31 03:28:01'),
(59, 2, 2, 2, 2, 1, 1, 1, 5, 876.29, 515.46, 1150.00, 700.00, 876.29, 515.46, 273.71, 184.54, 0.00, '2018-01-01', '2018-10-31', 1, 'System', NULL, '2018-01-31 03:28:01', '2018-01-31 03:28:01'),
(60, 2, 2, 3, 2, 1, 1, 1, 5, 721.65, 412.37, 1000.00, 650.00, 721.65, 412.37, 278.35, 237.63, 0.00, '2018-01-01', '2018-10-31', 1, 'System', NULL, '2018-01-31 03:28:01', '2018-01-31 03:28:01'),
(61, 2, 2, 4, 1, 1, 1, 1, 6, 650.00, 400.00, 900.00, 550.00, 765.00, 467.50, 250.00, 150.00, 0.00, '2018-01-01', '2018-10-31', 1, 'System', NULL, '2018-01-31 03:28:01', '2018-01-31 03:28:01'),
(62, 2, 2, 1, 2, 1, 1, 1, 6, 1100.00, 650.00, 1400.00, 850.00, 1190.00, 722.50, 300.00, 200.00, 0.00, '2018-01-01', '2018-10-31', 1, 'System', NULL, '2018-01-31 03:28:01', '2018-01-31 03:28:01'),
(63, 2, 2, 2, 2, 1, 1, 1, 6, 850.00, 500.00, 1150.00, 700.00, 977.50, 595.00, 300.00, 200.00, 0.00, '2018-01-01', '2018-10-31', 1, 'System', NULL, '2018-01-31 03:28:01', '2018-01-31 03:28:01'),
(64, 2, 2, 3, 2, 1, 1, 1, 6, 700.00, 450.00, 1000.00, 650.00, 850.00, 552.50, 300.00, 200.00, 0.00, '2018-01-01', '2018-10-31', 1, 'System', NULL, '2018-01-31 03:28:01', '2018-01-31 03:28:01'),
(65, 2, 2, 4, 1, 1, 1, 1, 7, 650.00, 400.00, 900.00, 550.00, 720.00, 440.00, 250.00, 150.00, 0.00, '2018-01-01', '2018-10-31', 1, 'System', NULL, '2018-01-31 03:28:01', '2018-01-31 03:28:01'),
(66, 2, 2, 1, 2, 1, 1, 1, 7, 1100.00, 650.00, 1400.00, 850.00, 1120.00, 680.00, 300.00, 200.00, 0.00, '2018-01-01', '2018-10-31', 1, 'System', NULL, '2018-01-31 03:28:01', '2018-01-31 03:28:01'),
(67, 2, 2, 2, 2, 1, 1, 1, 7, 850.00, 500.00, 1150.00, 700.00, 920.00, 560.00, 300.00, 200.00, 0.00, '2018-01-01', '2018-10-31', 1, 'System', NULL, '2018-01-31 03:28:01', '2018-01-31 03:28:01'),
(68, 2, 2, 3, 2, 1, 1, 1, 7, 700.00, 450.00, 1000.00, 650.00, 800.00, 520.00, 300.00, 200.00, 0.00, '2018-01-01', '2018-10-31', 1, 'System', NULL, '2018-01-31 03:28:01', '2018-01-31 03:28:01'),
(69, 2, 2, 4, 1, 1, 1, 1, 8, 650.00, 400.00, 900.00, 550.00, 675.00, 412.50, 250.00, 150.00, 0.00, '2018-01-01', '2018-10-31', 1, 'System', NULL, '2018-01-31 03:28:02', '2018-01-31 03:28:02'),
(70, 2, 2, 1, 2, 1, 1, 1, 8, 1100.00, 650.00, 1400.00, 850.00, 1050.00, 637.50, 300.00, 200.00, 0.00, '2018-01-01', '2018-10-31', 1, 'System', NULL, '2018-01-31 03:28:02', '2018-01-31 03:28:02'),
(71, 2, 2, 2, 2, 1, 1, 1, 8, 850.00, 500.00, 1150.00, 700.00, 862.50, 525.00, 300.00, 200.00, 0.00, '2018-01-01', '2018-10-31', 1, 'System', NULL, '2018-01-31 03:28:02', '2018-01-31 03:28:02'),
(72, 2, 2, 3, 2, 1, 1, 1, 8, 700.00, 450.00, 1000.00, 650.00, 750.00, 487.50, 300.00, 200.00, 0.00, '2018-01-01', '2018-10-31', 1, 'System', NULL, '2018-01-31 03:28:02', '2018-01-31 03:28:02'),
(73, 2, 2, 4, 1, 1, 1, 1, 9, 650.00, 400.00, 900.00, 550.00, 630.00, 385.00, 250.00, 150.00, 0.00, '2018-01-01', '2018-10-31', 1, 'System', NULL, '2018-01-31 03:28:02', '2018-01-31 03:28:02'),
(74, 2, 2, 1, 2, 1, 1, 1, 9, 1100.00, 650.00, 1400.00, 850.00, 980.00, 595.00, 300.00, 200.00, 0.00, '2018-01-01', '2018-10-31', 1, 'System', NULL, '2018-01-31 03:28:02', '2018-01-31 03:28:02'),
(75, 2, 2, 2, 2, 1, 1, 1, 9, 850.00, 500.00, 1150.00, 700.00, 805.00, 490.00, 300.00, 200.00, 0.00, '2018-01-01', '2018-10-31', 1, 'System', NULL, '2018-01-31 03:28:02', '2018-01-31 03:28:02'),
(76, 2, 2, 3, 2, 1, 1, 1, 9, 700.00, 450.00, 1000.00, 650.00, 700.00, 455.00, 300.00, 200.00, 0.00, '2018-01-01', '2018-10-31', 1, 'System', NULL, '2018-01-31 03:28:02', '2018-01-31 03:28:02'),
(77, 2, 2, 4, 1, 1, 1, 1, 10, 650.00, 400.00, 900.00, 550.00, 900.00, 550.00, 250.00, 150.00, 0.00, '2018-01-01', '2018-10-31', 1, 'System', NULL, '2018-01-31 03:28:02', '2018-01-31 03:28:02'),
(78, 2, 2, 1, 2, 1, 1, 1, 10, 1100.00, 650.00, 1400.00, 850.00, 1400.00, 850.00, 300.00, 200.00, 0.00, '2018-01-01', '2018-10-31', 1, 'System', NULL, '2018-01-31 03:28:02', '2018-01-31 03:28:02'),
(79, 2, 2, 2, 2, 1, 1, 1, 10, 850.00, 500.00, 1150.00, 700.00, 1150.00, 700.00, 300.00, 200.00, 0.00, '2018-01-01', '2018-10-31', 1, 'System', NULL, '2018-01-31 03:28:02', '2018-01-31 03:28:02'),
(80, 2, 2, 3, 2, 1, 1, 1, 10, 700.00, 450.00, 1000.00, 650.00, 1000.00, 650.00, 300.00, 200.00, 0.00, '2018-01-01', '2018-10-31', 1, 'System', NULL, '2018-01-31 03:28:02', '2018-01-31 03:28:02'),
(81, 3, 3, 4, 1, 1, 1, 1, 1, 850.00, 850.00, 1100.00, 1100.00, 1100.00, 1100.00, 250.00, 250.00, 500.00, '2018-01-01', '2018-10-31', 1, 'System', NULL, '2018-01-31 03:28:02', '2018-01-31 03:28:02'),
(82, 3, 3, 1, 2, 1, 1, 1, 1, 1300.00, 1300.00, 1600.00, 1600.00, 1600.00, 1600.00, 300.00, 300.00, 500.00, '2018-01-01', '2018-10-31', 1, 'System', NULL, '2018-01-31 03:28:02', '2018-01-31 03:28:02'),
(83, 3, 3, 2, 2, 1, 1, 1, 1, 1100.00, 1100.00, 1400.00, 1400.00, 1400.00, 1400.00, 300.00, 300.00, 500.00, '2018-01-01', '2018-10-31', 1, 'System', NULL, '2018-01-31 03:28:02', '2018-01-31 03:28:02'),
(84, 3, 3, 3, 2, 1, 1, 1, 1, 950.00, 950.00, 1250.00, 1250.00, 1250.00, 1250.00, 300.00, 300.00, 500.00, '2018-01-01', '2018-10-31', 1, 'System', NULL, '2018-01-31 03:28:02', '2018-01-31 03:28:02'),
(85, 3, 3, 4, 1, 1, 1, 1, 2, 850.00, 850.00, 1100.00, 1100.00, 850.00, 850.00, 250.00, 250.00, 500.00, '2018-01-01', '2018-10-31', 1, 'System', NULL, '2018-01-31 03:28:02', '2018-01-31 03:28:02'),
(86, 3, 3, 1, 2, 1, 1, 1, 2, 1300.00, 1300.00, 1600.00, 1600.00, 1300.00, 1300.00, 300.00, 300.00, 500.00, '2018-01-01', '2018-10-31', 1, 'System', NULL, '2018-01-31 03:28:02', '2018-01-31 03:28:02'),
(87, 3, 3, 2, 2, 1, 1, 1, 2, 1100.00, 1100.00, 1400.00, 1400.00, 1100.00, 1100.00, 300.00, 300.00, 500.00, '2018-01-01', '2018-10-31', 1, 'System', NULL, '2018-01-31 03:28:03', '2018-01-31 03:28:03'),
(88, 3, 3, 3, 2, 1, 1, 1, 2, 950.00, 950.00, 1250.00, 1250.00, 950.00, 950.00, 300.00, 300.00, 500.00, '2018-01-01', '2018-10-31', 1, 'System', NULL, '2018-01-31 03:28:03', '2018-01-31 03:28:03'),
(89, 3, 3, 4, 1, 1, 1, 1, 3, 876.29, 876.29, 1100.00, 1100.00, 876.29, 876.29, 223.71, 223.71, 500.00, '2018-01-01', '2018-10-31', 1, 'System', NULL, '2018-01-31 03:28:03', '2018-01-31 03:28:03'),
(90, 3, 3, 1, 2, 1, 1, 1, 3, 1340.21, 1340.21, 1600.00, 1600.00, 1340.21, 1340.21, 259.79, 259.79, 500.00, '2018-01-01', '2018-10-31', 1, 'System', NULL, '2018-01-31 03:28:03', '2018-01-31 03:28:03'),
(91, 3, 3, 2, 2, 1, 1, 1, 3, 1134.02, 1134.02, 1400.00, 1400.00, 1134.02, 1134.02, 265.98, 265.98, 500.00, '2018-01-01', '2018-10-31', 1, 'System', NULL, '2018-01-31 03:28:03', '2018-01-31 03:28:03'),
(92, 3, 3, 3, 2, 1, 1, 1, 3, 979.38, 979.38, 1250.00, 1250.00, 979.38, 979.38, 270.62, 270.62, 500.00, '2018-01-01', '2018-10-31', 1, 'System', NULL, '2018-01-31 03:28:03', '2018-01-31 03:28:03'),
(93, 3, 3, 4, 1, 1, 1, 1, 4, 900.00, 900.00, 1100.00, 1100.00, 900.00, 900.00, 200.00, 200.00, 500.00, '2018-01-01', '2018-10-31', 1, 'System', NULL, '2018-01-31 03:28:03', '2018-01-31 03:28:03'),
(94, 3, 3, 1, 2, 1, 1, 1, 4, 1300.00, 1300.00, 1600.00, 1600.00, 1300.00, 1300.00, 300.00, 300.00, 500.00, '2018-01-01', '2018-10-31', 1, 'System', NULL, '2018-01-31 03:28:03', '2018-01-31 03:28:03'),
(95, 3, 3, 2, 2, 1, 1, 1, 4, 1100.00, 1100.00, 1400.00, 1400.00, 1100.00, 1100.00, 300.00, 300.00, 500.00, '2018-01-01', '2018-10-31', 1, 'System', NULL, '2018-01-31 03:28:03', '2018-01-31 03:28:03'),
(96, 3, 3, 3, 2, 1, 1, 1, 4, 950.00, 950.00, 1250.00, 1250.00, 950.00, 950.00, 300.00, 300.00, 500.00, '2018-01-01', '2018-10-31', 1, 'System', NULL, '2018-01-31 03:28:03', '2018-01-31 03:28:03'),
(97, 3, 3, 4, 1, 1, 1, 1, 5, 927.84, 927.84, 1100.00, 1100.00, 927.84, 927.84, 172.16, 172.16, 500.00, '2018-01-01', '2018-10-31', 1, 'System', NULL, '2018-01-31 03:28:03', '2018-01-31 03:28:03'),
(98, 3, 3, 1, 2, 1, 1, 1, 5, 1340.21, 1340.21, 1600.00, 1600.00, 1340.21, 1340.21, 259.79, 259.79, 500.00, '2018-01-01', '2018-10-31', 1, 'System', NULL, '2018-01-31 03:28:03', '2018-01-31 03:28:03'),
(99, 3, 3, 2, 2, 1, 1, 1, 5, 1134.02, 1134.02, 1400.00, 1400.00, 1134.02, 1134.02, 265.98, 265.98, 500.00, '2018-01-01', '2018-10-31', 1, 'System', NULL, '2018-01-31 03:28:03', '2018-01-31 03:28:03'),
(100, 3, 3, 3, 2, 1, 1, 1, 5, 979.38, 979.38, 1250.00, 1250.00, 979.38, 979.38, 270.62, 270.62, 500.00, '2018-01-01', '2018-10-31', 1, 'System', NULL, '2018-01-31 03:28:03', '2018-01-31 03:28:03'),
(101, 3, 3, 4, 1, 1, 1, 1, 6, 850.00, 850.00, 1100.00, 1100.00, 935.00, 935.00, 250.00, 250.00, 500.00, '2018-01-01', '2018-10-31', 1, 'System', NULL, '2018-01-31 03:28:04', '2018-01-31 03:28:04'),
(102, 3, 3, 1, 2, 1, 1, 1, 6, 1300.00, 1300.00, 1600.00, 1600.00, 1360.00, 1360.00, 300.00, 300.00, 500.00, '2018-01-01', '2018-10-31', 1, 'System', NULL, '2018-01-31 03:28:04', '2018-01-31 03:28:04'),
(103, 3, 3, 2, 2, 1, 1, 1, 6, 1100.00, 1100.00, 1400.00, 1400.00, 1190.00, 1190.00, 300.00, 300.00, 500.00, '2018-01-01', '2018-10-31', 1, 'System', NULL, '2018-01-31 03:28:04', '2018-01-31 03:28:04'),
(104, 3, 3, 3, 2, 1, 1, 1, 6, 950.00, 950.00, 1250.00, 1250.00, 1062.50, 1062.50, 300.00, 300.00, 500.00, '2018-01-01', '2018-10-31', 1, 'System', NULL, '2018-01-31 03:28:04', '2018-01-31 03:28:04'),
(105, 3, 3, 4, 1, 1, 1, 1, 7, 850.00, 850.00, 1100.00, 1100.00, 880.00, 880.00, 250.00, 250.00, 500.00, '2018-01-01', '2018-10-31', 1, 'System', NULL, '2018-01-31 03:28:04', '2018-01-31 03:28:04'),
(106, 3, 3, 1, 2, 1, 1, 1, 7, 1300.00, 1300.00, 1600.00, 1600.00, 1280.00, 1280.00, 300.00, 300.00, 500.00, '2018-01-01', '2018-10-31', 1, 'System', NULL, '2018-01-31 03:28:04', '2018-01-31 03:28:04'),
(107, 3, 3, 2, 2, 1, 1, 1, 7, 1100.00, 1100.00, 1400.00, 1400.00, 1120.00, 1120.00, 300.00, 300.00, 500.00, '2018-01-01', '2018-10-31', 1, 'System', NULL, '2018-01-31 03:28:04', '2018-01-31 03:28:04'),
(108, 3, 3, 3, 2, 1, 1, 1, 7, 950.00, 950.00, 1250.00, 1250.00, 1000.00, 1000.00, 300.00, 300.00, 500.00, '2018-01-01', '2018-10-31', 1, 'System', NULL, '2018-01-31 03:28:04', '2018-01-31 03:28:04'),
(109, 3, 3, 4, 1, 1, 1, 1, 8, 850.00, 850.00, 1100.00, 1100.00, 825.00, 825.00, 250.00, 250.00, 500.00, '2018-01-01', '2018-10-31', 1, 'System', NULL, '2018-01-31 03:28:04', '2018-01-31 03:28:04'),
(110, 3, 3, 1, 2, 1, 1, 1, 8, 1300.00, 1300.00, 1600.00, 1600.00, 1200.00, 1200.00, 300.00, 300.00, 500.00, '2018-01-01', '2018-10-31', 1, 'System', NULL, '2018-01-31 03:28:04', '2018-01-31 03:28:04'),
(111, 3, 3, 2, 2, 1, 1, 1, 8, 1100.00, 1100.00, 1400.00, 1400.00, 1050.00, 1050.00, 300.00, 300.00, 500.00, '2018-01-01', '2018-10-31', 1, 'System', NULL, '2018-01-31 03:28:04', '2018-01-31 03:28:04'),
(112, 3, 3, 3, 2, 1, 1, 1, 8, 950.00, 950.00, 1250.00, 1250.00, 937.50, 937.50, 300.00, 300.00, 500.00, '2018-01-01', '2018-10-31', 1, 'System', NULL, '2018-01-31 03:28:04', '2018-01-31 03:28:04'),
(113, 3, 3, 4, 1, 1, 1, 1, 9, 850.00, 850.00, 1100.00, 1100.00, 770.00, 770.00, 250.00, 250.00, 500.00, '2018-01-01', '2018-10-31', 1, 'System', NULL, '2018-01-31 03:28:04', '2018-01-31 03:28:04'),
(114, 3, 3, 1, 2, 1, 1, 1, 9, 1300.00, 1300.00, 1600.00, 1600.00, 1120.00, 1120.00, 300.00, 300.00, 500.00, '2018-01-01', '2018-10-31', 1, 'System', NULL, '2018-01-31 03:28:04', '2018-01-31 03:28:04'),
(115, 3, 3, 2, 2, 1, 1, 1, 9, 1100.00, 1100.00, 1400.00, 1400.00, 980.00, 980.00, 300.00, 300.00, 500.00, '2018-01-01', '2018-10-31', 1, 'System', NULL, '2018-01-31 03:28:05', '2018-01-31 03:28:05'),
(116, 3, 3, 3, 2, 1, 1, 1, 9, 950.00, 950.00, 1250.00, 1250.00, 875.00, 875.00, 300.00, 300.00, 500.00, '2018-01-01', '2018-10-31', 1, 'System', NULL, '2018-01-31 03:28:05', '2018-01-31 03:28:05'),
(117, 3, 3, 4, 1, 1, 1, 1, 10, 850.00, 850.00, 1100.00, 1100.00, 1100.00, 1100.00, 250.00, 250.00, 500.00, '2018-01-01', '2018-10-31', 1, 'System', NULL, '2018-01-31 03:28:05', '2018-01-31 03:28:05'),
(118, 3, 3, 1, 2, 1, 1, 1, 10, 1300.00, 1300.00, 1600.00, 1600.00, 1600.00, 1600.00, 300.00, 300.00, 500.00, '2018-01-01', '2018-10-31', 1, 'System', NULL, '2018-01-31 03:28:05', '2018-01-31 03:28:05'),
(119, 3, 3, 2, 2, 1, 1, 1, 10, 1100.00, 1100.00, 1400.00, 1400.00, 1400.00, 1400.00, 300.00, 300.00, 500.00, '2018-01-01', '2018-10-31', 1, 'System', NULL, '2018-01-31 03:28:05', '2018-01-31 03:28:05'),
(120, 3, 3, 3, 2, 1, 1, 1, 10, 950.00, 950.00, 1250.00, 1250.00, 1250.00, 1250.00, 300.00, 300.00, 500.00, '2018-01-01', '2018-10-31', 1, 'System', NULL, '2018-01-31 03:28:05', '2018-01-31 03:28:05'),
(121, 4, 2, 4, 1, 1, 1, 1, 1, 500.00, 300.00, 750.00, 450.00, 750.00, 450.00, 250.00, 150.00, 0.00, '2018-01-01', '2018-10-31', 1, 'System', NULL, '2018-01-31 03:28:05', '2018-01-31 03:28:05'),
(122, 4, 2, 1, 2, 1, 1, 1, 1, 800.00, 450.00, 1100.00, 650.00, 1100.00, 650.00, 300.00, 200.00, 0.00, '2018-01-01', '2018-10-31', 1, 'System', NULL, '2018-01-31 03:28:05', '2018-01-31 03:28:05'),
(123, 4, 2, 2, 2, 1, 1, 1, 1, 650.00, 400.00, 950.00, 600.00, 950.00, 600.00, 300.00, 200.00, 0.00, '2018-01-01', '2018-10-31', 1, 'System', NULL, '2018-01-31 03:28:05', '2018-01-31 03:28:05'),
(124, 4, 2, 3, 2, 1, 1, 1, 1, 550.00, 350.00, 850.00, 550.00, 850.00, 550.00, 300.00, 200.00, 0.00, '2018-01-01', '2018-10-31', 1, 'System', NULL, '2018-01-31 03:28:05', '2018-01-31 03:28:05'),
(125, 4, 2, 4, 1, 1, 1, 1, 2, 500.00, 300.00, 750.00, 450.00, 500.00, 300.00, 250.00, 150.00, 0.00, '2018-01-01', '2018-10-31', 1, 'System', NULL, '2018-01-31 03:28:05', '2018-01-31 03:28:05'),
(126, 4, 2, 1, 2, 1, 1, 1, 2, 800.00, 450.00, 1100.00, 650.00, 800.00, 450.00, 300.00, 200.00, 0.00, '2018-01-01', '2018-10-31', 1, 'System', NULL, '2018-01-31 03:28:05', '2018-01-31 03:28:05'),
(127, 4, 2, 2, 2, 1, 1, 1, 2, 650.00, 400.00, 950.00, 600.00, 650.00, 400.00, 300.00, 200.00, 0.00, '2018-01-01', '2018-10-31', 1, 'System', NULL, '2018-01-31 03:28:05', '2018-01-31 03:28:05'),
(128, 4, 2, 3, 2, 1, 1, 1, 2, 550.00, 350.00, 850.00, 550.00, 550.00, 350.00, 300.00, 200.00, 0.00, '2018-01-01', '2018-10-31', 1, 'System', NULL, '2018-01-31 03:28:05', '2018-01-31 03:28:05'),
(129, 4, 2, 4, 1, 1, 1, 1, 3, 515.46, 309.28, 750.00, 450.00, 515.46, 309.28, 234.54, 140.72, 0.00, '2018-01-01', '2018-10-31', 1, 'System', NULL, '2018-01-31 03:28:05', '2018-01-31 03:28:05'),
(130, 4, 2, 1, 2, 1, 1, 1, 3, 824.74, 463.92, 1100.00, 650.00, 824.74, 463.92, 275.26, 186.08, 0.00, '2018-01-01', '2018-10-31', 1, 'System', NULL, '2018-01-31 03:28:05', '2018-01-31 03:28:05'),
(131, 4, 2, 2, 2, 1, 1, 1, 3, 670.10, 412.37, 950.00, 600.00, 670.10, 412.37, 279.90, 187.63, 0.00, '2018-01-01', '2018-10-31', 1, 'System', NULL, '2018-01-31 03:28:05', '2018-01-31 03:28:05'),
(132, 4, 2, 3, 2, 1, 1, 1, 3, 567.01, 360.82, 850.00, 550.00, 567.01, 360.82, 282.99, 189.18, 0.00, '2018-01-01', '2018-10-31', 1, 'System', NULL, '2018-01-31 03:28:05', '2018-01-31 03:28:05'),
(133, 4, 2, 4, 1, 1, 1, 1, 4, 550.00, 350.00, 750.00, 450.00, 550.00, 350.00, 200.00, 100.00, 0.00, '2018-01-01', '2018-10-31', 1, 'System', NULL, '2018-01-31 03:28:06', '2018-01-31 03:28:06'),
(134, 4, 2, 1, 2, 1, 1, 1, 4, 800.00, 450.00, 1100.00, 650.00, 800.00, 450.00, 300.00, 200.00, 0.00, '2018-01-01', '2018-10-31', 1, 'System', NULL, '2018-01-31 03:28:06', '2018-01-31 03:28:06'),
(135, 4, 2, 2, 2, 1, 1, 1, 4, 650.00, 400.00, 950.00, 600.00, 650.00, 400.00, 300.00, 200.00, 0.00, '2018-01-01', '2018-10-31', 1, 'System', NULL, '2018-01-31 03:28:06', '2018-01-31 03:28:06'),
(136, 4, 2, 3, 2, 1, 1, 1, 4, 550.00, 350.00, 850.00, 550.00, 550.00, 350.00, 300.00, 200.00, 0.00, '2018-01-01', '2018-10-31', 1, 'System', NULL, '2018-01-31 03:28:06', '2018-01-31 03:28:06'),
(137, 4, 2, 4, 1, 1, 1, 1, 5, 567.01, 360.82, 750.00, 450.00, 567.01, 360.82, 182.99, 89.18, 0.00, '2018-01-01', '2018-10-31', 1, 'System', NULL, '2018-01-31 03:28:06', '2018-01-31 03:28:06'),
(138, 4, 2, 1, 2, 1, 1, 1, 5, 824.74, 463.92, 1100.00, 650.00, 824.74, 463.92, 275.26, 186.08, 0.00, '2018-01-01', '2018-10-31', 1, 'System', NULL, '2018-01-31 03:28:06', '2018-01-31 03:28:06'),
(139, 4, 2, 2, 2, 1, 1, 1, 5, 670.10, 412.37, 950.00, 600.00, 670.10, 412.37, 279.90, 187.63, 0.00, '2018-01-01', '2018-10-31', 1, 'System', NULL, '2018-01-31 03:28:06', '2018-01-31 03:28:06'),
(140, 4, 2, 3, 2, 1, 1, 1, 5, 567.01, 360.82, 850.00, 550.00, 567.01, 360.82, 282.99, 189.18, 0.00, '2018-01-01', '2018-10-31', 1, 'System', NULL, '2018-01-31 03:28:06', '2018-01-31 03:28:06'),
(141, 4, 2, 4, 1, 1, 1, 1, 6, 500.00, 300.00, 750.00, 450.00, 637.50, 382.50, 250.00, 150.00, 0.00, '2018-01-01', '2018-10-31', 1, 'System', NULL, '2018-01-31 03:28:06', '2018-01-31 03:28:06'),
(142, 4, 2, 1, 2, 1, 1, 1, 6, 800.00, 450.00, 1100.00, 650.00, 935.00, 552.50, 300.00, 200.00, 0.00, '2018-01-01', '2018-10-31', 1, 'System', NULL, '2018-01-31 03:28:06', '2018-01-31 03:28:06'),
(143, 4, 2, 2, 2, 1, 1, 1, 6, 650.00, 400.00, 950.00, 600.00, 807.50, 510.00, 300.00, 200.00, 0.00, '2018-01-01', '2018-10-31', 1, 'System', NULL, '2018-01-31 03:28:06', '2018-01-31 03:28:06'),
(144, 4, 2, 3, 2, 1, 1, 1, 6, 550.00, 350.00, 850.00, 550.00, 722.50, 467.50, 300.00, 200.00, 0.00, '2018-01-01', '2018-10-31', 1, 'System', NULL, '2018-01-31 03:28:06', '2018-01-31 03:28:06'),
(145, 4, 2, 4, 1, 1, 1, 1, 7, 500.00, 300.00, 750.00, 450.00, 600.00, 360.00, 250.00, 150.00, 0.00, '2018-01-01', '2018-10-31', 1, 'System', NULL, '2018-01-31 03:28:06', '2018-01-31 03:28:06'),
(146, 4, 2, 1, 2, 1, 1, 1, 7, 800.00, 450.00, 1100.00, 650.00, 880.00, 520.00, 300.00, 200.00, 0.00, '2018-01-01', '2018-10-31', 1, 'System', NULL, '2018-01-31 03:28:06', '2018-01-31 03:28:06'),
(147, 4, 2, 2, 2, 1, 1, 1, 7, 650.00, 400.00, 950.00, 600.00, 760.00, 480.00, 300.00, 200.00, 0.00, '2018-01-01', '2018-10-31', 1, 'System', NULL, '2018-01-31 03:28:06', '2018-01-31 03:28:06'),
(148, 4, 2, 3, 2, 1, 1, 1, 7, 550.00, 350.00, 850.00, 550.00, 680.00, 440.00, 300.00, 200.00, 0.00, '2018-01-01', '2018-10-31', 1, 'System', NULL, '2018-01-31 03:28:07', '2018-01-31 03:28:07'),
(149, 4, 2, 4, 1, 1, 1, 1, 8, 500.00, 300.00, 750.00, 450.00, 562.50, 337.50, 250.00, 150.00, 0.00, '2018-01-01', '2018-10-31', 1, 'System', NULL, '2018-01-31 03:28:07', '2018-01-31 03:28:07'),
(150, 4, 2, 1, 2, 1, 1, 1, 8, 800.00, 450.00, 1100.00, 650.00, 825.00, 487.50, 300.00, 200.00, 0.00, '2018-01-01', '2018-10-31', 1, 'System', NULL, '2018-01-31 03:28:07', '2018-01-31 03:28:07'),
(151, 4, 2, 2, 2, 1, 1, 1, 8, 650.00, 400.00, 950.00, 600.00, 712.50, 450.00, 300.00, 200.00, 0.00, '2018-01-01', '2018-10-31', 1, 'System', NULL, '2018-01-31 03:28:07', '2018-01-31 03:28:07'),
(152, 4, 2, 3, 2, 1, 1, 1, 8, 550.00, 350.00, 850.00, 550.00, 637.50, 412.50, 300.00, 200.00, 0.00, '2018-01-01', '2018-10-31', 1, 'System', NULL, '2018-01-31 03:28:07', '2018-01-31 03:28:07'),
(153, 4, 2, 4, 1, 1, 1, 1, 9, 500.00, 300.00, 750.00, 450.00, 525.00, 315.00, 250.00, 150.00, 0.00, '2018-01-01', '2018-10-31', 1, 'System', NULL, '2018-01-31 03:28:07', '2018-01-31 03:28:07'),
(154, 4, 2, 1, 2, 1, 1, 1, 9, 800.00, 450.00, 1100.00, 650.00, 770.00, 455.00, 300.00, 200.00, 0.00, '2018-01-01', '2018-10-31', 1, 'System', NULL, '2018-01-31 03:28:07', '2018-01-31 03:28:07'),
(155, 4, 2, 2, 2, 1, 1, 1, 9, 650.00, 400.00, 950.00, 600.00, 665.00, 420.00, 300.00, 200.00, 0.00, '2018-01-01', '2018-10-31', 1, 'System', NULL, '2018-01-31 03:28:08', '2018-01-31 03:28:08'),
(156, 4, 2, 3, 2, 1, 1, 1, 9, 550.00, 350.00, 850.00, 550.00, 595.00, 385.00, 300.00, 200.00, 0.00, '2018-01-01', '2018-10-31', 1, 'System', NULL, '2018-01-31 03:28:08', '2018-01-31 03:28:08'),
(157, 4, 2, 4, 1, 1, 1, 1, 10, 500.00, 300.00, 750.00, 450.00, 500.00, 300.00, 250.00, 150.00, 0.00, '2018-01-01', '2018-10-31', 1, 'System', NULL, '2018-01-31 03:28:08', '2018-01-31 03:28:08'),
(158, 4, 2, 1, 2, 1, 1, 1, 10, 800.00, 450.00, 1100.00, 650.00, 800.00, 450.00, 300.00, 200.00, 0.00, '2018-01-01', '2018-10-31', 1, 'System', NULL, '2018-01-31 03:28:08', '2018-01-31 03:28:08'),
(159, 4, 2, 2, 2, 1, 1, 1, 10, 650.00, 400.00, 950.00, 600.00, 650.00, 400.00, 300.00, 200.00, 0.00, '2018-01-01', '2018-10-31', 1, 'System', NULL, '2018-01-31 03:28:08', '2018-01-31 03:28:08'),
(160, 4, 2, 3, 2, 1, 1, 1, 10, 550.00, 350.00, 850.00, 550.00, 550.00, 350.00, 300.00, 200.00, 0.00, '2018-01-01', '2018-10-31', 1, 'System', NULL, '2018-01-31 03:28:08', '2018-01-31 03:28:08'),
(161, 5, 1, 4, 1, 1, 1, 1, 1, 1100.00, 900.00, 1400.00, 1050.00, 1400.00, 1050.00, 300.00, 150.00, 0.00, '2018-01-01', '2018-10-31', 1, 'System', NULL, '2018-01-31 03:28:08', '2018-01-31 03:28:08'),
(162, 5, 1, 1, 2, 1, 1, 1, 1, 1600.00, 1250.00, 1900.00, 1450.00, 1900.00, 1450.00, 300.00, 200.00, 0.00, '2018-01-01', '2018-10-31', 1, 'System', NULL, '2018-01-31 03:28:08', '2018-01-31 03:28:08'),
(163, 5, 1, 2, 2, 1, 1, 1, 1, 1400.00, 1100.00, 1700.00, 1300.00, 1700.00, 1300.00, 300.00, 200.00, 0.00, '2018-01-01', '2018-10-31', 1, 'System', NULL, '2018-01-31 03:28:08', '2018-01-31 03:28:08'),
(164, 5, 1, 3, 2, 1, 1, 1, 1, 1200.00, 950.00, 1500.00, 1150.00, 1500.00, 1150.00, 300.00, 200.00, 0.00, '2018-01-01', '2018-10-31', 1, 'System', NULL, '2018-01-31 03:28:08', '2018-01-31 03:28:08'),
(165, 5, 1, 4, 1, 1, 1, 1, 2, 1100.00, 900.00, 1400.00, 1050.00, 1100.00, 900.00, 300.00, 150.00, 0.00, '2018-01-01', '2018-10-31', 1, 'System', NULL, '2018-01-31 03:28:08', '2018-01-31 03:28:08'),
(166, 5, 1, 1, 2, 1, 1, 1, 2, 1600.00, 1250.00, 1900.00, 1450.00, 1600.00, 1250.00, 300.00, 200.00, 0.00, '2018-01-01', '2018-10-31', 1, 'System', NULL, '2018-01-31 03:28:08', '2018-01-31 03:28:08'),
(167, 5, 1, 2, 2, 1, 1, 1, 2, 1400.00, 1100.00, 1700.00, 1300.00, 1400.00, 1100.00, 300.00, 200.00, 0.00, '2018-01-01', '2018-10-31', 1, 'System', NULL, '2018-01-31 03:28:09', '2018-01-31 03:28:09'),
(168, 5, 1, 3, 2, 1, 1, 1, 2, 1200.00, 950.00, 1500.00, 1150.00, 1200.00, 950.00, 300.00, 200.00, 0.00, '2018-01-01', '2018-10-31', 1, 'System', NULL, '2018-01-31 03:28:09', '2018-01-31 03:28:09'),
(169, 5, 1, 4, 1, 1, 1, 1, 3, 1134.04, 927.84, 1400.00, 1050.00, 1134.04, 927.84, 265.96, 122.16, 0.00, '2018-01-01', '2018-10-31', 1, 'System', NULL, '2018-01-31 03:28:09', '2018-01-31 03:28:09'),
(170, 5, 1, 1, 2, 1, 1, 1, 3, 1649.48, 1288.66, 1900.00, 1450.00, 1649.48, 1288.66, 250.52, 161.34, 0.00, '2018-01-01', '2018-10-31', 1, 'System', NULL, '2018-01-31 03:28:09', '2018-01-31 03:28:09'),
(171, 5, 1, 2, 2, 1, 1, 1, 3, 1443.30, 1134.02, 1700.00, 1300.00, 1443.30, 1134.02, 256.70, 165.98, 0.00, '2018-01-01', '2018-10-31', 1, 'System', NULL, '2018-01-31 03:28:09', '2018-01-31 03:28:09'),
(172, 5, 1, 3, 2, 1, 1, 1, 3, 1237.11, 979.38, 1500.00, 1150.00, 1237.11, 979.38, 262.89, 170.62, 0.00, '2018-01-01', '2018-10-31', 1, 'System', NULL, '2018-01-31 03:28:09', '2018-01-31 03:28:09'),
(173, 5, 1, 4, 1, 1, 1, 1, 4, 1200.00, 950.00, 1400.00, 1050.00, 1200.00, 950.00, 200.00, 100.00, 0.00, '2018-01-01', '2018-10-31', 1, 'System', NULL, '2018-01-31 03:28:09', '2018-01-31 03:28:09'),
(174, 5, 1, 1, 2, 1, 1, 1, 4, 1600.00, 1250.00, 1900.00, 1450.00, 1600.00, 1250.00, 300.00, 200.00, 0.00, '2018-01-01', '2018-10-31', 1, 'System', NULL, '2018-01-31 03:28:09', '2018-01-31 03:28:09'),
(175, 5, 1, 2, 2, 1, 1, 1, 4, 1400.00, 1100.00, 1700.00, 1300.00, 1400.00, 1100.00, 300.00, 200.00, 0.00, '2018-01-01', '2018-10-31', 1, 'System', NULL, '2018-01-31 03:28:09', '2018-01-31 03:28:09'),
(176, 5, 1, 3, 2, 1, 1, 1, 4, 1200.00, 950.00, 1500.00, 1150.00, 1200.00, 950.00, 300.00, 200.00, 0.00, '2018-01-01', '2018-10-31', 1, 'System', NULL, '2018-01-31 03:28:09', '2018-01-31 03:28:09'),
(177, 5, 1, 4, 1, 1, 1, 1, 5, 1237.11, 979.38, 1400.00, 1050.00, 1237.11, 979.38, 162.89, 70.62, 0.00, '2018-01-01', '2018-10-31', 1, 'System', NULL, '2018-01-31 03:28:09', '2018-01-31 03:28:09'),
(178, 5, 1, 1, 2, 1, 1, 1, 5, 1649.48, 1288.66, 1900.00, 1450.00, 1649.48, 1288.66, 250.52, 161.34, 0.00, '2018-01-01', '2018-10-31', 1, 'System', NULL, '2018-01-31 03:28:09', '2018-01-31 03:28:09'),
(179, 5, 1, 2, 2, 1, 1, 1, 5, 1443.30, 1134.02, 1700.00, 1300.00, 1443.30, 1134.02, 256.70, 165.98, 0.00, '2018-01-01', '2018-10-31', 1, 'System', NULL, '2018-01-31 03:28:10', '2018-01-31 03:28:10'),
(180, 5, 1, 3, 2, 1, 1, 1, 5, 1237.11, 979.38, 1500.00, 1150.00, 1237.11, 979.38, 262.89, 170.62, 0.00, '2018-01-01', '2018-10-31', 1, 'System', NULL, '2018-01-31 03:28:10', '2018-01-31 03:28:10'),
(181, 5, 1, 4, 1, 1, 1, 1, 6, 1100.00, 900.00, 1400.00, 1050.00, 1190.00, 892.50, 300.00, 150.00, 0.00, '2018-01-01', '2018-10-31', 1, 'System', NULL, '2018-01-31 03:28:10', '2018-01-31 03:28:10'),
(182, 5, 1, 1, 2, 1, 1, 1, 6, 1600.00, 1250.00, 1900.00, 1450.00, 1615.00, 1232.50, 300.00, 200.00, 0.00, '2018-01-01', '2018-10-31', 1, 'System', NULL, '2018-01-31 03:28:10', '2018-01-31 03:28:10'),
(183, 5, 1, 2, 2, 1, 1, 1, 6, 1400.00, 1100.00, 1700.00, 1300.00, 1445.00, 1105.00, 300.00, 200.00, 0.00, '2018-01-01', '2018-10-31', 1, 'System', NULL, '2018-01-31 03:28:10', '2018-01-31 03:28:10'),
(184, 5, 1, 3, 2, 1, 1, 1, 6, 1200.00, 950.00, 1500.00, 1150.00, 1275.00, 977.50, 300.00, 200.00, 0.00, '2018-01-01', '2018-10-31', 1, 'System', NULL, '2018-01-31 03:28:10', '2018-01-31 03:28:10'),
(185, 5, 1, 4, 1, 1, 1, 1, 7, 1100.00, 900.00, 1400.00, 1050.00, 1120.00, 840.00, 300.00, 150.00, 0.00, '2018-01-01', '2018-10-31', 1, 'System', NULL, '2018-01-31 03:28:10', '2018-01-31 03:28:10'),
(186, 5, 1, 1, 2, 1, 1, 1, 7, 1600.00, 1250.00, 1900.00, 1450.00, 1520.00, 1160.00, 300.00, 200.00, 0.00, '2018-01-01', '2018-10-31', 1, 'System', NULL, '2018-01-31 03:28:10', '2018-01-31 03:28:10'),
(187, 5, 1, 2, 2, 1, 1, 1, 7, 1400.00, 1100.00, 1700.00, 1300.00, 1360.00, 1040.00, 300.00, 200.00, 0.00, '2018-01-01', '2018-10-31', 1, 'System', NULL, '2018-01-31 03:28:10', '2018-01-31 03:28:10'),
(188, 5, 1, 3, 2, 1, 1, 1, 7, 1200.00, 950.00, 1500.00, 1150.00, 1200.00, 920.00, 300.00, 200.00, 0.00, '2018-01-01', '2018-10-31', 1, 'System', NULL, '2018-01-31 03:28:10', '2018-01-31 03:28:10'),
(189, 5, 1, 4, 1, 1, 1, 1, 8, 1100.00, 900.00, 1400.00, 1050.00, 1050.00, 787.50, 300.00, 150.00, 0.00, '2018-01-01', '2018-10-31', 1, 'System', NULL, '2018-01-31 03:28:10', '2018-01-31 03:28:10'),
(190, 5, 1, 1, 2, 1, 1, 1, 8, 1600.00, 1250.00, 1900.00, 1450.00, 1425.00, 1087.50, 300.00, 200.00, 0.00, '2018-01-01', '2018-10-31', 1, 'System', NULL, '2018-01-31 03:28:11', '2018-01-31 03:28:11'),
(191, 5, 1, 2, 2, 1, 1, 1, 8, 1400.00, 1100.00, 1700.00, 1300.00, 1275.00, 975.00, 300.00, 200.00, 0.00, '2018-01-01', '2018-10-31', 1, 'System', NULL, '2018-01-31 03:28:11', '2018-01-31 03:28:11'),
(192, 5, 1, 3, 2, 1, 1, 1, 8, 1200.00, 950.00, 1500.00, 1150.00, 1125.00, 862.50, 300.00, 200.00, 0.00, '2018-01-01', '2018-10-31', 1, 'System', NULL, '2018-01-31 03:28:11', '2018-01-31 03:28:11'),
(193, 5, 1, 4, 1, 1, 1, 1, 9, 1100.00, 900.00, 1400.00, 1050.00, 980.00, 735.00, 300.00, 150.00, 0.00, '2018-01-01', '2018-10-31', 1, 'System', NULL, '2018-01-31 03:28:11', '2018-01-31 03:28:11'),
(194, 5, 1, 1, 2, 1, 1, 1, 9, 1600.00, 1250.00, 1900.00, 1450.00, 1330.00, 1015.00, 300.00, 200.00, 0.00, '2018-01-01', '2018-10-31', 1, 'System', NULL, '2018-01-31 03:28:11', '2018-01-31 03:28:11'),
(195, 5, 1, 2, 2, 1, 1, 1, 9, 1400.00, 1100.00, 1700.00, 1300.00, 1190.00, 910.00, 300.00, 200.00, 0.00, '2018-01-01', '2018-10-31', 1, 'System', NULL, '2018-01-31 03:28:11', '2018-01-31 03:28:11'),
(196, 5, 1, 3, 2, 1, 1, 1, 9, 1200.00, 950.00, 1500.00, 1150.00, 1050.00, 805.00, 300.00, 200.00, 0.00, '2018-01-01', '2018-10-31', 1, 'System', NULL, '2018-01-31 03:28:11', '2018-01-31 03:28:11'),
(197, 5, 1, 4, 1, 1, 1, 1, 10, 1100.00, 900.00, 1400.00, 1050.00, 1400.00, 1050.00, 300.00, 150.00, 0.00, '2018-01-01', '2018-10-31', 1, 'System', NULL, '2018-01-31 03:28:11', '2018-01-31 03:28:11'),
(198, 5, 1, 1, 2, 1, 1, 1, 10, 1600.00, 1250.00, 1900.00, 1450.00, 1900.00, 1450.00, 300.00, 200.00, 0.00, '2018-01-01', '2018-10-31', 1, 'System', NULL, '2018-01-31 03:28:11', '2018-01-31 03:28:11'),
(199, 5, 1, 2, 2, 1, 1, 1, 10, 1400.00, 1100.00, 1700.00, 1300.00, 1700.00, 1300.00, 300.00, 200.00, 0.00, '2018-01-01', '2018-10-31', 1, 'System', NULL, '2018-01-31 03:28:11', '2018-01-31 03:28:11'),
(200, 5, 1, 3, 2, 1, 1, 1, 10, 1200.00, 950.00, 1500.00, 1150.00, 1500.00, 1150.00, 300.00, 200.00, 0.00, '2018-01-01', '2018-10-31', 1, 'System', NULL, '2018-01-31 03:28:11', '2018-01-31 03:28:11'),
(201, 6, 1, 4, 1, 1, 3, 1, 1, 900.00, 750.00, 1150.00, 900.00, 1150.00, 900.00, 250.00, 150.00, 0.00, '2018-01-01', '2018-10-31', 1, 'System', NULL, '2018-01-31 03:28:11', '2018-01-31 03:28:11'),
(202, 6, 1, 1, 2, 1, 3, 1, 1, 1400.00, 1100.00, 1700.00, 1300.00, 1700.00, 1300.00, 300.00, 200.00, 0.00, '2018-01-01', '2018-10-31', 1, 'System', NULL, '2018-01-31 03:28:11', '2018-01-31 03:28:11'),
(203, 6, 1, 2, 2, 1, 3, 1, 1, 1200.00, 950.00, 1500.00, 1150.00, 1500.00, 1150.00, 300.00, 200.00, 0.00, '2018-01-01', '2018-10-31', 1, 'System', NULL, '2018-01-31 03:28:11', '2018-01-31 03:28:11'),
(204, 6, 1, 3, 2, 1, 3, 1, 1, 1000.00, 800.00, 1300.00, 1000.00, 1300.00, 1000.00, 300.00, 200.00, 0.00, '2018-01-01', '2018-10-31', 1, 'System', NULL, '2018-01-31 03:28:11', '2018-01-31 03:28:11'),
(205, 6, 1, 4, 1, 1, 3, 1, 2, 900.00, 750.00, 1150.00, 900.00, 900.00, 750.00, 250.00, 150.00, 0.00, '2018-01-01', '2018-10-31', 1, 'System', NULL, '2018-01-31 03:28:11', '2018-01-31 03:28:11'),
(206, 6, 1, 1, 2, 1, 3, 1, 2, 1400.00, 1100.00, 1700.00, 1300.00, 1400.00, 1100.00, 300.00, 200.00, 0.00, '2018-01-01', '2018-10-31', 1, 'System', NULL, '2018-01-31 03:28:11', '2018-01-31 03:28:11'),
(207, 6, 1, 2, 2, 1, 3, 1, 2, 1200.00, 950.00, 1500.00, 1150.00, 1200.00, 950.00, 300.00, 200.00, 0.00, '2018-01-01', '2018-10-31', 1, 'System', NULL, '2018-01-31 03:28:11', '2018-01-31 03:28:11'),
(208, 6, 1, 3, 2, 1, 3, 1, 2, 1000.00, 800.00, 1300.00, 1000.00, 1000.00, 800.00, 300.00, 200.00, 0.00, '2018-01-01', '2018-10-31', 1, 'System', NULL, '2018-01-31 03:28:11', '2018-01-31 03:28:11'),
(209, 6, 1, 4, 1, 1, 3, 1, 3, 927.84, 773.20, 1150.00, 900.00, 927.84, 773.20, 222.16, 126.80, 0.00, '2018-01-01', '2018-10-31', 1, 'System', NULL, '2018-01-31 03:28:12', '2018-01-31 03:28:12'),
(210, 6, 1, 1, 2, 1, 3, 1, 3, 1443.30, 1134.02, 1700.00, 1300.00, 1443.30, 1134.02, 256.70, 165.98, 0.00, '2018-01-01', '2018-10-31', 1, 'System', NULL, '2018-01-31 03:28:12', '2018-01-31 03:28:12'),
(211, 6, 1, 2, 2, 1, 3, 1, 3, 1237.11, 979.38, 1500.00, 1150.00, 1237.11, 979.38, 262.89, 170.62, 0.00, '2018-01-01', '2018-10-31', 1, 'System', NULL, '2018-01-31 03:28:12', '2018-01-31 03:28:12'),
(212, 6, 1, 3, 2, 1, 3, 1, 3, 1030.93, 824.74, 1300.00, 1000.00, 1030.93, 824.74, 269.07, 175.26, 0.00, '2018-01-01', '2018-10-31', 1, 'System', NULL, '2018-01-31 03:28:12', '2018-01-31 03:28:12'),
(213, 6, 1, 4, 1, 1, 3, 1, 4, 950.00, 800.00, 1150.00, 900.00, 950.00, 800.00, 200.00, 100.00, 0.00, '2018-01-01', '2018-10-31', 1, 'System', NULL, '2018-01-31 03:28:12', '2018-01-31 03:28:12'),
(214, 6, 1, 1, 2, 1, 3, 1, 4, 1400.00, 1100.00, 1700.00, 1300.00, 1400.00, 1100.00, 300.00, 200.00, 0.00, '2018-01-01', '2018-10-31', 1, 'System', NULL, '2018-01-31 03:28:12', '2018-01-31 03:28:12'),
(215, 6, 1, 2, 2, 1, 3, 1, 4, 1200.00, 950.00, 1500.00, 1150.00, 1200.00, 950.00, 300.00, 200.00, 0.00, '2018-01-01', '2018-10-31', 1, 'System', NULL, '2018-01-31 03:28:12', '2018-01-31 03:28:12'),
(216, 6, 1, 3, 2, 1, 3, 1, 4, 1000.00, 800.00, 1300.00, 1000.00, 1000.00, 800.00, 300.00, 200.00, 0.00, '2018-01-01', '2018-10-31', 1, 'System', NULL, '2018-01-31 03:28:12', '2018-01-31 03:28:12'),
(217, 6, 1, 4, 1, 1, 3, 1, 5, 979.38, 824.74, 1150.00, 900.00, 979.38, 824.74, 170.62, 75.26, 0.00, '2018-01-01', '2018-10-31', 1, 'System', NULL, '2018-01-31 03:28:12', '2018-01-31 03:28:12'),
(218, 6, 1, 1, 2, 1, 3, 1, 5, 1443.30, 1134.02, 1700.00, 1300.00, 1443.30, 1134.02, 256.70, 165.98, 0.00, '2018-01-01', '2018-10-31', 1, 'System', NULL, '2018-01-31 03:28:12', '2018-01-31 03:28:12'),
(219, 6, 1, 2, 2, 1, 3, 1, 5, 1237.11, 979.38, 1500.00, 1150.00, 1237.11, 979.38, 262.89, 170.62, 0.00, '2018-01-01', '2018-10-31', 1, 'System', NULL, '2018-01-31 03:28:12', '2018-01-31 03:28:12'),
(220, 6, 1, 3, 2, 1, 3, 1, 5, 1030.93, 824.74, 1300.00, 1000.00, 1030.93, 824.74, 269.07, 175.26, 0.00, '2018-01-01', '2018-10-31', 1, 'System', NULL, '2018-01-31 03:28:12', '2018-01-31 03:28:12'),
(221, 6, 1, 4, 1, 1, 3, 1, 6, 900.00, 750.00, 1150.00, 900.00, 977.50, 765.00, 250.00, 150.00, 0.00, '2018-01-01', '2018-10-31', 1, 'System', NULL, '2018-01-31 03:28:12', '2018-01-31 03:28:12'),
(222, 6, 1, 1, 2, 1, 3, 1, 6, 1400.00, 1100.00, 1700.00, 1300.00, 1445.00, 1105.00, 300.00, 200.00, 0.00, '2018-01-01', '2018-10-31', 1, 'System', NULL, '2018-01-31 03:28:12', '2018-01-31 03:28:12'),
(223, 6, 1, 2, 2, 1, 3, 1, 6, 1200.00, 950.00, 1500.00, 1150.00, 1275.00, 977.50, 300.00, 200.00, 0.00, '2018-01-01', '2018-10-31', 1, 'System', NULL, '2018-01-31 03:28:12', '2018-01-31 03:28:12'),
(224, 6, 1, 3, 2, 1, 3, 1, 6, 1000.00, 800.00, 1300.00, 1000.00, 1105.00, 850.00, 300.00, 200.00, 0.00, '2018-01-01', '2018-10-31', 1, 'System', NULL, '2018-01-31 03:28:12', '2018-01-31 03:28:12'),
(225, 6, 1, 4, 1, 1, 3, 1, 7, 900.00, 750.00, 1150.00, 900.00, 920.00, 720.00, 250.00, 150.00, 0.00, '2018-01-01', '2018-10-31', 1, 'System', NULL, '2018-01-31 03:28:12', '2018-01-31 03:28:12'),
(226, 6, 1, 1, 2, 1, 3, 1, 7, 1400.00, 1100.00, 1700.00, 1300.00, 1360.00, 1040.00, 300.00, 200.00, 0.00, '2018-01-01', '2018-10-31', 1, 'System', NULL, '2018-01-31 03:28:12', '2018-01-31 03:28:12'),
(227, 6, 1, 2, 2, 1, 3, 1, 7, 1200.00, 950.00, 1500.00, 1150.00, 1200.00, 920.00, 300.00, 200.00, 0.00, '2018-01-01', '2018-10-31', 1, 'System', NULL, '2018-01-31 03:28:12', '2018-01-31 03:28:12'),
(228, 6, 1, 3, 2, 1, 3, 1, 7, 1000.00, 800.00, 1300.00, 1000.00, 1040.00, 800.00, 300.00, 200.00, 0.00, '2018-01-01', '2018-10-31', 1, 'System', NULL, '2018-01-31 03:28:13', '2018-01-31 03:28:13'),
(229, 6, 1, 4, 1, 1, 3, 1, 8, 900.00, 750.00, 1150.00, 900.00, 862.50, 675.00, 250.00, 150.00, 0.00, '2018-01-01', '2018-10-31', 1, 'System', NULL, '2018-01-31 03:28:13', '2018-01-31 03:28:13'),
(230, 6, 1, 1, 2, 1, 3, 1, 8, 1400.00, 1100.00, 1700.00, 1300.00, 1275.00, 975.00, 300.00, 200.00, 0.00, '2018-01-01', '2018-10-31', 1, 'System', NULL, '2018-01-31 03:28:13', '2018-01-31 03:28:13'),
(231, 6, 1, 2, 2, 1, 3, 1, 8, 1200.00, 950.00, 1500.00, 1150.00, 1125.00, 862.50, 300.00, 200.00, 0.00, '2018-01-01', '2018-10-31', 1, 'System', NULL, '2018-01-31 03:28:13', '2018-01-31 03:28:13'),
(232, 6, 1, 3, 2, 1, 3, 1, 8, 1000.00, 800.00, 1300.00, 1000.00, 975.00, 750.00, 300.00, 200.00, 0.00, '2018-01-01', '2018-10-31', 1, 'System', NULL, '2018-01-31 03:28:13', '2018-01-31 03:28:13'),
(233, 6, 1, 4, 1, 1, 3, 1, 9, 900.00, 750.00, 1150.00, 900.00, 805.00, 630.00, 250.00, 150.00, 0.00, '2018-01-01', '2018-10-31', 1, 'System', NULL, '2018-01-31 03:28:13', '2018-01-31 03:28:13'),
(234, 6, 1, 1, 2, 1, 3, 1, 9, 1400.00, 1100.00, 1700.00, 1300.00, 1190.00, 910.00, 300.00, 200.00, 0.00, '2018-01-01', '2018-10-31', 1, 'System', NULL, '2018-01-31 03:28:13', '2018-01-31 03:28:13'),
(235, 6, 1, 2, 2, 1, 3, 1, 9, 1200.00, 950.00, 1500.00, 1150.00, 1050.00, 805.00, 300.00, 200.00, 0.00, '2018-01-01', '2018-10-31', 1, 'System', NULL, '2018-01-31 03:28:13', '2018-01-31 03:28:13'),
(236, 6, 1, 3, 2, 1, 3, 1, 9, 1000.00, 800.00, 1300.00, 1000.00, 910.00, 700.00, 300.00, 200.00, 0.00, '2018-01-01', '2018-10-31', 1, 'System', NULL, '2018-01-31 03:28:13', '2018-01-31 03:28:13'),
(237, 6, 1, 4, 1, 1, 3, 1, 10, 900.00, 750.00, 1150.00, 900.00, 1150.00, 900.00, 250.00, 150.00, 0.00, '2018-01-01', '2018-10-31', 1, 'System', NULL, '2018-01-31 03:28:13', '2018-01-31 03:28:13'),
(238, 6, 1, 1, 2, 1, 3, 1, 10, 1400.00, 1100.00, 1700.00, 1300.00, 1700.00, 1300.00, 300.00, 200.00, 0.00, '2018-01-01', '2018-10-31', 1, 'System', NULL, '2018-01-31 03:28:13', '2018-01-31 03:28:13'),
(239, 6, 1, 2, 2, 1, 3, 1, 10, 1200.00, 950.00, 1500.00, 1150.00, 1500.00, 1150.00, 300.00, 200.00, 0.00, '2018-01-01', '2018-10-31', 1, 'System', NULL, '2018-01-31 03:28:13', '2018-01-31 03:28:13'),
(240, 6, 1, 3, 2, 1, 3, 1, 10, 1000.00, 800.00, 1300.00, 1000.00, 1300.00, 1000.00, 300.00, 200.00, 0.00, '2018-01-01', '2018-10-31', 1, 'System', NULL, '2018-01-31 03:28:13', '2018-01-31 03:28:13'),
(241, 7, 2, 4, 1, 1, 3, 1, 1, 750.00, 450.00, 1000.00, 600.00, 1000.00, 600.00, 250.00, 150.00, 0.00, '2018-01-01', '2018-10-31', 1, 'System', NULL, '2018-01-31 03:28:13', '2018-01-31 03:28:13'),
(242, 7, 2, 1, 2, 1, 3, 1, 1, 1200.00, 700.00, 1500.00, 900.00, 1500.00, 900.00, 300.00, 200.00, 0.00, '2018-01-01', '2018-10-31', 1, 'System', NULL, '2018-01-31 03:28:13', '2018-01-31 03:28:13'),
(243, 7, 2, 2, 2, 1, 3, 1, 1, 1000.00, 600.00, 1300.00, 800.00, 1300.00, 800.00, 300.00, 200.00, 0.00, '2018-01-01', '2018-10-31', 1, 'System', NULL, '2018-01-31 03:28:14', '2018-01-31 03:28:14'),
(244, 7, 2, 3, 2, 1, 3, 1, 1, 900.00, 550.00, 1200.00, 750.00, 1200.00, 750.00, 300.00, 200.00, 0.00, '2018-01-01', '2018-10-31', 1, 'System', NULL, '2018-01-31 03:28:14', '2018-01-31 03:28:14'),
(245, 7, 2, 4, 1, 1, 3, 1, 2, 750.00, 450.00, 1000.00, 600.00, 750.00, 450.00, 250.00, 150.00, 0.00, '2018-01-01', '2018-10-31', 1, 'System', NULL, '2018-01-31 03:28:14', '2018-01-31 03:28:14'),
(246, 7, 2, 1, 2, 1, 3, 1, 2, 1200.00, 700.00, 1500.00, 900.00, 1200.00, 700.00, 300.00, 200.00, 0.00, '2018-01-01', '2018-10-31', 1, 'System', NULL, '2018-01-31 03:28:14', '2018-01-31 03:28:14'),
(247, 7, 2, 2, 2, 1, 3, 1, 2, 1000.00, 600.00, 1300.00, 800.00, 1000.00, 600.00, 300.00, 200.00, 0.00, '2018-01-01', '2018-10-31', 1, 'System', NULL, '2018-01-31 03:28:14', '2018-01-31 03:28:14'),
(248, 7, 2, 3, 2, 1, 3, 1, 2, 900.00, 550.00, 1200.00, 750.00, 900.00, 550.00, 300.00, 200.00, 0.00, '2018-01-01', '2018-10-31', 1, 'System', NULL, '2018-01-31 03:28:14', '2018-01-31 03:28:14'),
(249, 7, 2, 4, 1, 1, 3, 1, 3, 773.20, 463.92, 1000.00, 600.00, 773.20, 463.92, 226.80, 136.08, 0.00, '2018-01-01', '2018-10-31', 1, 'System', NULL, '2018-01-31 03:28:14', '2018-01-31 03:28:14'),
(250, 7, 2, 1, 2, 1, 3, 1, 3, 1237.11, 721.65, 1500.00, 900.00, 1237.11, 721.65, 262.89, 178.35, 0.00, '2018-01-01', '2018-10-31', 1, 'System', NULL, '2018-01-31 03:28:14', '2018-01-31 03:28:14'),
(251, 7, 2, 2, 2, 1, 3, 1, 3, 1030.93, 618.56, 1300.00, 800.00, 1030.93, 618.56, 269.07, 181.44, 0.00, '2018-01-01', '2018-10-31', 1, 'System', NULL, '2018-01-31 03:28:14', '2018-01-31 03:28:14'),
(252, 7, 2, 3, 2, 1, 3, 1, 3, 927.84, 567.01, 1200.00, 750.00, 927.84, 567.01, 272.16, 182.99, 0.00, '2018-01-01', '2018-10-31', 1, 'System', NULL, '2018-01-31 03:28:14', '2018-01-31 03:28:14'),
(253, 7, 2, 4, 1, 1, 3, 1, 4, 800.00, 500.00, 1000.00, 600.00, 800.00, 500.00, 200.00, 100.00, 0.00, '2018-01-01', '2018-10-31', 1, 'System', NULL, '2018-01-31 03:28:14', '2018-01-31 03:28:14'),
(254, 7, 2, 1, 2, 1, 3, 1, 4, 1200.00, 700.00, 1500.00, 900.00, 1200.00, 700.00, 300.00, 200.00, 0.00, '2018-01-01', '2018-10-31', 1, 'System', NULL, '2018-01-31 03:28:14', '2018-01-31 03:28:14');
INSERT INTO `configuration_tour_prices` (`id`, `tour_id`, `tour_category_id`, `tour_pax_id`, `tour_privacy_id`, `tour_type_id`, `tour_travel_time_type_id`, `transportation_id`, `payment_mode_id`, `net_price_adult`, `net_price_child`, `sell_price_adult`, `sell_price_child`, `adult_price`, `child_price`, `commission_adult`, `commission_child`, `single_riding`, `period_start`, `period_end`, `is_active`, `created_by`, `updated_by`, `created_at`, `updated_at`) VALUES
(255, 7, 2, 2, 2, 1, 3, 1, 4, 1000.00, 600.00, 1300.00, 800.00, 1000.00, 600.00, 300.00, 200.00, 0.00, '2018-01-01', '2018-10-31', 1, 'System', NULL, '2018-01-31 03:28:14', '2018-01-31 03:28:14'),
(256, 7, 2, 3, 2, 1, 3, 1, 4, 900.00, 550.00, 1200.00, 750.00, 900.00, 550.00, 300.00, 200.00, 0.00, '2018-01-01', '2018-10-31', 1, 'System', NULL, '2018-01-31 03:28:14', '2018-01-31 03:28:14'),
(257, 7, 2, 4, 1, 1, 3, 1, 5, 824.74, 515.46, 1000.00, 600.00, 824.74, 515.46, 175.26, 84.54, 0.00, '2018-01-01', '2018-10-31', 1, 'System', NULL, '2018-01-31 03:28:14', '2018-01-31 03:28:14'),
(258, 7, 2, 1, 2, 1, 3, 1, 5, 1237.11, 721.65, 1500.00, 900.00, 1237.11, 721.65, 262.89, 178.35, 0.00, '2018-01-01', '2018-10-31', 1, 'System', NULL, '2018-01-31 03:28:14', '2018-01-31 03:28:14'),
(259, 7, 2, 2, 2, 1, 3, 1, 5, 1030.93, 618.56, 1300.00, 800.00, 1030.93, 618.56, 269.07, 181.44, 0.00, '2018-01-01', '2018-10-31', 1, 'System', NULL, '2018-01-31 03:28:14', '2018-01-31 03:28:14'),
(260, 7, 2, 3, 2, 1, 3, 1, 5, 927.84, 567.01, 1200.00, 750.00, 927.84, 567.01, 272.16, 182.99, 0.00, '2018-01-01', '2018-10-31', 1, 'System', NULL, '2018-01-31 03:28:14', '2018-01-31 03:28:14'),
(261, 7, 2, 4, 1, 1, 3, 1, 6, 750.00, 450.00, 1000.00, 600.00, 850.00, 510.00, 250.00, 150.00, 0.00, '2018-01-01', '2018-10-31', 1, 'System', NULL, '2018-01-31 03:28:14', '2018-01-31 03:28:14'),
(262, 7, 2, 1, 2, 1, 3, 1, 6, 1200.00, 700.00, 1500.00, 900.00, 1275.00, 765.00, 300.00, 200.00, 0.00, '2018-01-01', '2018-10-31', 1, 'System', NULL, '2018-01-31 03:28:14', '2018-01-31 03:28:14'),
(263, 7, 2, 2, 2, 1, 3, 1, 6, 1000.00, 600.00, 1300.00, 800.00, 1105.00, 680.00, 300.00, 200.00, 0.00, '2018-01-01', '2018-10-31', 1, 'System', NULL, '2018-01-31 03:28:14', '2018-01-31 03:28:14'),
(264, 7, 2, 3, 2, 1, 3, 1, 6, 900.00, 550.00, 1200.00, 750.00, 1020.00, 637.50, 300.00, 200.00, 0.00, '2018-01-01', '2018-10-31', 1, 'System', NULL, '2018-01-31 03:28:14', '2018-01-31 03:28:14'),
(265, 7, 2, 4, 1, 1, 3, 1, 7, 750.00, 450.00, 1000.00, 600.00, 800.00, 480.00, 250.00, 150.00, 0.00, '2018-01-01', '2018-10-31', 1, 'System', NULL, '2018-01-31 03:28:15', '2018-01-31 03:28:15'),
(266, 7, 2, 1, 2, 1, 3, 1, 7, 1200.00, 700.00, 1500.00, 900.00, 1200.00, 720.00, 300.00, 200.00, 0.00, '2018-01-01', '2018-10-31', 1, 'System', NULL, '2018-01-31 03:28:15', '2018-01-31 03:28:15'),
(267, 7, 2, 2, 2, 1, 3, 1, 7, 1000.00, 600.00, 1300.00, 800.00, 1040.00, 640.00, 300.00, 200.00, 0.00, '2018-01-01', '2018-10-31', 1, 'System', NULL, '2018-01-31 03:28:15', '2018-01-31 03:28:15'),
(268, 7, 2, 3, 2, 1, 3, 1, 7, 900.00, 550.00, 1200.00, 750.00, 960.00, 600.00, 300.00, 200.00, 0.00, '2018-01-01', '2018-10-31', 1, 'System', NULL, '2018-01-31 03:28:15', '2018-01-31 03:28:15'),
(269, 7, 2, 4, 1, 1, 3, 1, 8, 750.00, 450.00, 1000.00, 600.00, 750.00, 450.00, 250.00, 150.00, 0.00, '2018-01-01', '2018-10-31', 1, 'System', NULL, '2018-01-31 03:28:15', '2018-01-31 03:28:15'),
(270, 7, 2, 1, 2, 1, 3, 1, 8, 1200.00, 700.00, 1500.00, 900.00, 1125.00, 675.00, 300.00, 200.00, 0.00, '2018-01-01', '2018-10-31', 1, 'System', NULL, '2018-01-31 03:28:15', '2018-01-31 03:28:15'),
(271, 7, 2, 2, 2, 1, 3, 1, 8, 1000.00, 600.00, 1300.00, 800.00, 975.00, 600.00, 300.00, 200.00, 0.00, '2018-01-01', '2018-10-31', 1, 'System', NULL, '2018-01-31 03:28:15', '2018-01-31 03:28:15'),
(272, 7, 2, 3, 2, 1, 3, 1, 8, 900.00, 550.00, 1200.00, 750.00, 900.00, 562.50, 300.00, 200.00, 0.00, '2018-01-01', '2018-10-31', 1, 'System', NULL, '2018-01-31 03:28:15', '2018-01-31 03:28:15'),
(273, 7, 2, 4, 1, 1, 3, 1, 9, 750.00, 450.00, 1000.00, 600.00, 700.00, 420.00, 250.00, 150.00, 0.00, '2018-01-01', '2018-10-31', 1, 'System', NULL, '2018-01-31 03:28:15', '2018-01-31 03:28:15'),
(274, 7, 2, 1, 2, 1, 3, 1, 9, 1200.00, 700.00, 1500.00, 900.00, 1050.00, 630.00, 300.00, 200.00, 0.00, '2018-01-01', '2018-10-31', 1, 'System', NULL, '2018-01-31 03:28:15', '2018-01-31 03:28:15'),
(275, 7, 2, 2, 2, 1, 3, 1, 9, 1000.00, 600.00, 1300.00, 800.00, 910.00, 560.00, 300.00, 200.00, 0.00, '2018-01-01', '2018-10-31', 1, 'System', NULL, '2018-01-31 03:28:15', '2018-01-31 03:28:15'),
(276, 7, 2, 3, 2, 1, 3, 1, 9, 900.00, 550.00, 1200.00, 750.00, 840.00, 525.00, 300.00, 200.00, 0.00, '2018-01-01', '2018-10-31', 1, 'System', NULL, '2018-01-31 03:28:15', '2018-01-31 03:28:15'),
(277, 7, 2, 4, 1, 1, 3, 1, 10, 750.00, 450.00, 1000.00, 600.00, 1000.00, 600.00, 250.00, 150.00, 0.00, '2018-01-01', '2018-10-31', 1, 'System', NULL, '2018-01-31 03:28:15', '2018-01-31 03:28:15'),
(278, 7, 2, 1, 2, 1, 3, 1, 10, 1200.00, 700.00, 1500.00, 900.00, 1500.00, 900.00, 300.00, 200.00, 0.00, '2018-01-01', '2018-10-31', 1, 'System', NULL, '2018-01-31 03:28:15', '2018-01-31 03:28:15'),
(279, 7, 2, 2, 2, 1, 3, 1, 10, 1000.00, 600.00, 1300.00, 800.00, 1300.00, 800.00, 300.00, 200.00, 0.00, '2018-01-01', '2018-10-31', 1, 'System', NULL, '2018-01-31 03:28:15', '2018-01-31 03:28:15'),
(280, 7, 2, 3, 2, 1, 3, 1, 10, 900.00, 550.00, 1200.00, 750.00, 1200.00, 750.00, 300.00, 200.00, 0.00, '2018-01-01', '2018-10-31', 1, 'System', NULL, '2018-01-31 03:28:15', '2018-01-31 03:28:15'),
(281, 8, 3, 4, 1, 1, 2, 1, 1, 1300.00, 1300.00, 1800.00, 1800.00, 1800.00, 1800.00, 500.00, 500.00, 300.00, '2018-01-01', '2018-10-31', 1, 'System', NULL, '2018-01-31 03:28:16', '2018-01-31 03:28:16'),
(282, 8, 3, 1, 2, 1, 2, 1, 1, 2400.00, 2400.00, 3000.00, 3000.00, 3000.00, 3000.00, 600.00, 600.00, 300.00, '2018-01-01', '2018-10-31', 1, 'System', NULL, '2018-01-31 03:28:16', '2018-01-31 03:28:16'),
(283, 8, 3, 2, 2, 1, 2, 1, 1, 1900.00, 1900.00, 2500.00, 2500.00, 2500.00, 2500.00, 600.00, 600.00, 300.00, '2018-01-01', '2018-10-31', 1, 'System', NULL, '2018-01-31 03:28:16', '2018-01-31 03:28:16'),
(284, 8, 3, 3, 2, 1, 2, 1, 1, 1600.00, 1600.00, 2200.00, 2200.00, 2200.00, 2200.00, 600.00, 600.00, 300.00, '2018-01-01', '2018-10-31', 1, 'System', NULL, '2018-01-31 03:28:16', '2018-01-31 03:28:16'),
(285, 8, 3, 4, 1, 1, 2, 1, 2, 1300.00, 1300.00, 1800.00, 1800.00, 1300.00, 1300.00, 500.00, 500.00, 300.00, '2018-01-01', '2018-10-31', 1, 'System', NULL, '2018-01-31 03:28:16', '2018-01-31 03:28:16'),
(286, 8, 3, 1, 2, 1, 2, 1, 2, 2400.00, 2400.00, 3000.00, 3000.00, 2400.00, 2400.00, 600.00, 600.00, 300.00, '2018-01-01', '2018-10-31', 1, 'System', NULL, '2018-01-31 03:28:16', '2018-01-31 03:28:16'),
(287, 8, 3, 2, 2, 1, 2, 1, 2, 1900.00, 1900.00, 2500.00, 2500.00, 1900.00, 1900.00, 600.00, 600.00, 300.00, '2018-01-01', '2018-10-31', 1, 'System', NULL, '2018-01-31 03:28:16', '2018-01-31 03:28:16'),
(288, 8, 3, 3, 2, 1, 2, 1, 2, 1600.00, 1600.00, 2200.00, 2200.00, 1600.00, 1600.00, 600.00, 600.00, 300.00, '2018-01-01', '2018-10-31', 1, 'System', NULL, '2018-01-31 03:28:16', '2018-01-31 03:28:16'),
(289, 8, 3, 4, 1, 1, 2, 1, 3, 1340.21, 1340.21, 1800.00, 1800.00, 1340.21, 1340.21, 459.79, 459.79, 300.00, '2018-01-01', '2018-10-31', 1, 'System', NULL, '2018-01-31 03:28:16', '2018-01-31 03:28:16'),
(290, 8, 3, 1, 2, 1, 2, 1, 3, 2474.23, 2474.23, 3000.00, 3000.00, 2474.23, 2474.23, 525.77, 525.77, 300.00, '2018-01-01', '2018-10-31', 1, 'System', NULL, '2018-01-31 03:28:16', '2018-01-31 03:28:16'),
(291, 8, 3, 2, 2, 1, 2, 1, 3, 1958.76, 1958.76, 2500.00, 2500.00, 1958.76, 1958.76, 541.24, 541.24, 300.00, '2018-01-01', '2018-10-31', 1, 'System', NULL, '2018-01-31 03:28:16', '2018-01-31 03:28:16'),
(292, 8, 3, 3, 2, 1, 2, 1, 3, 1649.48, 1649.48, 2200.00, 2200.00, 1649.48, 1649.48, 550.52, 550.52, 300.00, '2018-01-01', '2018-10-31', 1, 'System', NULL, '2018-01-31 03:28:16', '2018-01-31 03:28:16'),
(293, 8, 3, 4, 1, 1, 2, 1, 4, 1400.00, 1400.00, 1800.00, 1800.00, 1400.00, 1400.00, 400.00, 400.00, 300.00, '2018-01-01', '2018-10-31', 1, 'System', NULL, '2018-01-31 03:28:16', '2018-01-31 03:28:16'),
(294, 8, 3, 1, 2, 1, 2, 1, 4, 2400.00, 2400.00, 3000.00, 3000.00, 2400.00, 2400.00, 600.00, 600.00, 300.00, '2018-01-01', '2018-10-31', 1, 'System', NULL, '2018-01-31 03:28:16', '2018-01-31 03:28:16'),
(295, 8, 3, 2, 2, 1, 2, 1, 4, 1900.00, 1900.00, 2500.00, 2500.00, 1900.00, 1900.00, 600.00, 600.00, 300.00, '2018-01-01', '2018-10-31', 1, 'System', NULL, '2018-01-31 03:28:16', '2018-01-31 03:28:16'),
(296, 8, 3, 3, 2, 1, 2, 1, 4, 1600.00, 1600.00, 2200.00, 2200.00, 1600.00, 1600.00, 600.00, 600.00, 300.00, '2018-01-01', '2018-10-31', 1, 'System', NULL, '2018-01-31 03:28:16', '2018-01-31 03:28:16'),
(297, 8, 3, 4, 1, 1, 2, 1, 5, 1443.30, 1443.30, 1800.00, 1800.00, 1443.30, 1443.30, 356.70, 356.70, 300.00, '2018-01-01', '2018-10-31', 1, 'System', NULL, '2018-01-31 03:28:17', '2018-01-31 03:28:17'),
(298, 8, 3, 1, 2, 1, 2, 1, 5, 2474.23, 2474.23, 3000.00, 3000.00, 2474.23, 2474.23, 525.77, 525.77, 300.00, '2018-01-01', '2018-10-31', 1, 'System', NULL, '2018-01-31 03:28:17', '2018-01-31 03:28:17'),
(299, 8, 3, 2, 2, 1, 2, 1, 5, 1958.76, 1958.76, 2500.00, 2500.00, 1958.76, 1958.76, 541.24, 541.24, 300.00, '2018-01-01', '2018-10-31', 1, 'System', NULL, '2018-01-31 03:28:17', '2018-01-31 03:28:17'),
(300, 8, 3, 3, 2, 1, 2, 1, 5, 1649.48, 1649.48, 2200.00, 2200.00, 1649.48, 1649.48, 550.52, 550.52, 300.00, '2018-01-01', '2018-10-31', 1, 'System', NULL, '2018-01-31 03:28:17', '2018-01-31 03:28:17'),
(301, 8, 3, 4, 1, 1, 2, 1, 6, 1300.00, 1300.00, 1800.00, 1800.00, 1530.00, 1530.00, 500.00, 500.00, 300.00, '2018-01-01', '2018-10-31', 1, 'System', NULL, '2018-01-31 03:28:17', '2018-01-31 03:28:17'),
(302, 8, 3, 1, 2, 1, 2, 1, 6, 2400.00, 2400.00, 3000.00, 3000.00, 2550.00, 2550.00, 600.00, 600.00, 300.00, '2018-01-01', '2018-10-31', 1, 'System', NULL, '2018-01-31 03:28:17', '2018-01-31 03:28:17'),
(303, 8, 3, 2, 2, 1, 2, 1, 6, 1900.00, 1900.00, 2500.00, 2500.00, 2125.00, 2125.00, 600.00, 600.00, 300.00, '2018-01-01', '2018-10-31', 1, 'System', NULL, '2018-01-31 03:28:17', '2018-01-31 03:28:17'),
(304, 8, 3, 3, 2, 1, 2, 1, 6, 1600.00, 1600.00, 2200.00, 2200.00, 1870.00, 1870.00, 600.00, 600.00, 300.00, '2018-01-01', '2018-10-31', 1, 'System', NULL, '2018-01-31 03:28:17', '2018-01-31 03:28:17'),
(305, 8, 3, 4, 1, 1, 2, 1, 7, 1300.00, 1300.00, 1800.00, 1800.00, 1440.00, 1440.00, 500.00, 500.00, 300.00, '2018-01-01', '2018-10-31', 1, 'System', NULL, '2018-01-31 03:28:17', '2018-01-31 03:28:17'),
(306, 8, 3, 1, 2, 1, 2, 1, 7, 2400.00, 2400.00, 3000.00, 3000.00, 2400.00, 2400.00, 600.00, 600.00, 300.00, '2018-01-01', '2018-10-31', 1, 'System', NULL, '2018-01-31 03:28:17', '2018-01-31 03:28:17'),
(307, 8, 3, 2, 2, 1, 2, 1, 7, 1900.00, 1900.00, 2500.00, 2500.00, 2000.00, 2000.00, 600.00, 600.00, 300.00, '2018-01-01', '2018-10-31', 1, 'System', NULL, '2018-01-31 03:28:17', '2018-01-31 03:28:17'),
(308, 8, 3, 3, 2, 1, 2, 1, 7, 1600.00, 1600.00, 2200.00, 2200.00, 1760.00, 1760.00, 600.00, 600.00, 300.00, '2018-01-01', '2018-10-31', 1, 'System', NULL, '2018-01-31 03:28:17', '2018-01-31 03:28:17'),
(309, 8, 3, 4, 1, 1, 2, 1, 8, 1300.00, 1300.00, 1800.00, 1800.00, 1350.00, 1350.00, 500.00, 500.00, 300.00, '2018-01-01', '2018-10-31', 1, 'System', NULL, '2018-01-31 03:28:17', '2018-01-31 03:28:17'),
(310, 8, 3, 1, 2, 1, 2, 1, 8, 2400.00, 2400.00, 3000.00, 3000.00, 2250.00, 2250.00, 600.00, 600.00, 300.00, '2018-01-01', '2018-10-31', 1, 'System', NULL, '2018-01-31 03:28:17', '2018-01-31 03:28:17'),
(311, 8, 3, 2, 2, 1, 2, 1, 8, 1900.00, 1900.00, 2500.00, 2500.00, 1875.00, 1875.00, 600.00, 600.00, 300.00, '2018-01-01', '2018-10-31', 1, 'System', NULL, '2018-01-31 03:28:17', '2018-01-31 03:28:17'),
(312, 8, 3, 3, 2, 1, 2, 1, 8, 1600.00, 1600.00, 2200.00, 2200.00, 1650.00, 1650.00, 600.00, 600.00, 300.00, '2018-01-01', '2018-10-31', 1, 'System', NULL, '2018-01-31 03:28:17', '2018-01-31 03:28:17'),
(313, 8, 3, 4, 1, 1, 2, 1, 9, 1300.00, 1300.00, 1800.00, 1800.00, 1260.00, 1260.00, 500.00, 500.00, 300.00, '2018-01-01', '2018-10-31', 1, 'System', NULL, '2018-01-31 03:28:18', '2018-01-31 03:28:18'),
(314, 8, 3, 1, 2, 1, 2, 1, 9, 2400.00, 2400.00, 3000.00, 3000.00, 2100.00, 2100.00, 600.00, 600.00, 300.00, '2018-01-01', '2018-10-31', 1, 'System', NULL, '2018-01-31 03:28:18', '2018-01-31 03:28:18'),
(315, 8, 3, 2, 2, 1, 2, 1, 9, 1900.00, 1900.00, 2500.00, 2500.00, 1750.00, 1750.00, 600.00, 600.00, 300.00, '2018-01-01', '2018-10-31', 1, 'System', NULL, '2018-01-31 03:28:18', '2018-01-31 03:28:18'),
(316, 8, 3, 3, 2, 1, 2, 1, 9, 1600.00, 1600.00, 2200.00, 2200.00, 1540.00, 1540.00, 600.00, 600.00, 300.00, '2018-01-01', '2018-10-31', 1, 'System', NULL, '2018-01-31 03:28:18', '2018-01-31 03:28:18'),
(317, 8, 3, 4, 1, 1, 2, 1, 10, 1300.00, 1300.00, 1800.00, 1800.00, 1800.00, 1800.00, 500.00, 500.00, 300.00, '2018-01-01', '2018-10-31', 1, 'System', NULL, '2018-01-31 03:28:18', '2018-01-31 03:28:18'),
(318, 8, 3, 1, 2, 1, 2, 1, 10, 2400.00, 2400.00, 3000.00, 3000.00, 3000.00, 3000.00, 600.00, 600.00, 300.00, '2018-01-01', '2018-10-31', 1, 'System', NULL, '2018-01-31 03:28:18', '2018-01-31 03:28:18'),
(319, 8, 3, 2, 2, 1, 2, 1, 10, 1900.00, 1900.00, 2500.00, 2500.00, 2500.00, 2500.00, 600.00, 600.00, 300.00, '2018-01-01', '2018-10-31', 1, 'System', NULL, '2018-01-31 03:28:18', '2018-01-31 03:28:18'),
(320, 8, 3, 3, 2, 1, 2, 1, 10, 1600.00, 1600.00, 2200.00, 2200.00, 2200.00, 2200.00, 600.00, 600.00, 300.00, '2018-01-01', '2018-10-31', 1, 'System', NULL, '2018-01-31 03:28:18', '2018-01-31 03:28:18'),
(321, 9, 1, 4, 1, 1, 2, 1, 1, 1400.00, 850.00, 1900.00, 1150.00, 1900.00, 1150.00, 500.00, 300.00, 0.00, '2018-01-01', '2018-10-31', 1, 'System', NULL, '2018-01-31 03:28:18', '2018-01-31 03:28:18'),
(322, 9, 1, 1, 2, 1, 2, 1, 1, 3200.00, 1950.00, 3800.00, 2300.00, 3800.00, 2300.00, 600.00, 350.00, 0.00, '2018-01-01', '2018-10-31', 1, 'System', NULL, '2018-01-31 03:28:18', '2018-01-31 03:28:18'),
(323, 9, 1, 2, 2, 1, 2, 1, 1, 2200.00, 1350.00, 2800.00, 1700.00, 2800.00, 1700.00, 600.00, 350.00, 0.00, '2018-01-01', '2018-10-31', 1, 'System', NULL, '2018-01-31 03:28:18', '2018-01-31 03:28:18'),
(324, 9, 1, 3, 2, 1, 2, 1, 1, 1800.00, 1100.00, 2400.00, 1450.00, 2400.00, 1450.00, 600.00, 350.00, 0.00, '2018-01-01', '2018-10-31', 1, 'System', NULL, '2018-01-31 03:28:18', '2018-01-31 03:28:18'),
(325, 9, 1, 4, 1, 1, 2, 1, 2, 1400.00, 850.00, 1900.00, 1150.00, 1400.00, 850.00, 500.00, 300.00, 0.00, '2018-01-01', '2018-10-31', 1, 'System', NULL, '2018-01-31 03:28:18', '2018-01-31 03:28:18'),
(326, 9, 1, 1, 2, 1, 2, 1, 2, 3200.00, 1950.00, 3800.00, 2300.00, 3200.00, 1950.00, 600.00, 350.00, 0.00, '2018-01-01', '2018-10-31', 1, 'System', NULL, '2018-01-31 03:28:18', '2018-01-31 03:28:18'),
(327, 9, 1, 2, 2, 1, 2, 1, 2, 2200.00, 1350.00, 2800.00, 1700.00, 2200.00, 1350.00, 600.00, 350.00, 0.00, '2018-01-01', '2018-10-31', 1, 'System', NULL, '2018-01-31 03:28:18', '2018-01-31 03:28:18'),
(328, 9, 1, 3, 2, 1, 2, 1, 2, 1800.00, 1100.00, 2400.00, 1450.00, 1800.00, 1100.00, 600.00, 350.00, 0.00, '2018-01-01', '2018-10-31', 1, 'System', NULL, '2018-01-31 03:28:19', '2018-01-31 03:28:19'),
(329, 9, 1, 4, 1, 1, 2, 1, 3, 1443.30, 876.29, 1900.00, 1150.00, 1443.30, 876.29, 456.70, 273.71, 0.00, '2018-01-01', '2018-10-31', 1, 'System', NULL, '2018-01-31 03:28:19', '2018-01-31 03:28:19'),
(330, 9, 1, 1, 2, 1, 2, 1, 3, 3298.97, 2010.31, 3800.00, 2300.00, 3298.97, 2010.31, 501.03, 289.69, 0.00, '2018-01-01', '2018-10-31', 1, 'System', NULL, '2018-01-31 03:28:19', '2018-01-31 03:28:19'),
(331, 9, 1, 2, 2, 1, 2, 1, 3, 2268.04, 1391.75, 2800.00, 1700.00, 2268.04, 1391.75, 531.96, 308.25, 0.00, '2018-01-01', '2018-10-31', 1, 'System', NULL, '2018-01-31 03:28:19', '2018-01-31 03:28:19'),
(332, 9, 1, 3, 2, 1, 2, 1, 3, 1855.67, 1134.02, 2400.00, 1450.00, 1855.67, 1134.02, 544.33, 315.98, 0.00, '2018-01-01', '2018-10-31', 1, 'System', NULL, '2018-01-31 03:28:19', '2018-01-31 03:28:19'),
(333, 9, 1, 4, 1, 1, 2, 1, 4, 1500.00, 900.00, 1900.00, 1150.00, 1500.00, 900.00, 400.00, 250.00, 0.00, '2018-01-01', '2018-10-31', 1, 'System', NULL, '2018-01-31 03:28:19', '2018-01-31 03:28:19'),
(334, 9, 1, 1, 2, 1, 2, 1, 4, 3200.00, 1950.00, 3800.00, 2300.00, 3200.00, 1950.00, 600.00, 350.00, 0.00, '2018-01-01', '2018-10-31', 1, 'System', NULL, '2018-01-31 03:28:19', '2018-01-31 03:28:19'),
(335, 9, 1, 2, 2, 1, 2, 1, 4, 2200.00, 1350.00, 2800.00, 1700.00, 2200.00, 1350.00, 600.00, 350.00, 0.00, '2018-01-01', '2018-10-31', 1, 'System', NULL, '2018-01-31 03:28:19', '2018-01-31 03:28:19'),
(336, 9, 1, 3, 2, 1, 2, 1, 4, 1800.00, 1100.00, 2400.00, 1450.00, 1800.00, 1100.00, 600.00, 350.00, 0.00, '2018-01-01', '2018-10-31', 1, 'System', NULL, '2018-01-31 03:28:19', '2018-01-31 03:28:19'),
(337, 9, 1, 4, 1, 1, 2, 1, 5, 1546.39, 927.84, 1900.00, 1150.00, 1546.39, 927.84, 353.61, 222.16, 0.00, '2018-01-01', '2018-10-31', 1, 'System', NULL, '2018-01-31 03:28:19', '2018-01-31 03:28:19'),
(338, 9, 1, 1, 2, 1, 2, 1, 5, 3298.97, 2010.31, 3800.00, 2300.00, 3298.97, 2010.31, 501.03, 289.69, 0.00, '2018-01-01', '2018-10-31', 1, 'System', NULL, '2018-01-31 03:28:19', '2018-01-31 03:28:19'),
(339, 9, 1, 2, 2, 1, 2, 1, 5, 2268.04, 1391.75, 2800.00, 1700.00, 2268.04, 1391.75, 531.96, 308.25, 0.00, '2018-01-01', '2018-10-31', 1, 'System', NULL, '2018-01-31 03:28:19', '2018-01-31 03:28:19'),
(340, 9, 1, 3, 2, 1, 2, 1, 5, 1855.67, 1134.02, 2400.00, 1450.00, 1855.67, 1134.02, 544.33, 315.98, 0.00, '2018-01-01', '2018-10-31', 1, 'System', NULL, '2018-01-31 03:28:19', '2018-01-31 03:28:19'),
(341, 9, 1, 4, 1, 1, 2, 1, 6, 1400.00, 850.00, 1900.00, 1150.00, 1615.00, 977.50, 500.00, 300.00, 0.00, '2018-01-01', '2018-10-31', 1, 'System', NULL, '2018-01-31 03:28:19', '2018-01-31 03:28:19'),
(342, 9, 1, 1, 2, 1, 2, 1, 6, 3200.00, 1950.00, 3800.00, 2300.00, 3230.00, 1955.00, 600.00, 350.00, 0.00, '2018-01-01', '2018-10-31', 1, 'System', NULL, '2018-01-31 03:28:19', '2018-01-31 03:28:19'),
(343, 9, 1, 2, 2, 1, 2, 1, 6, 2200.00, 1350.00, 2800.00, 1700.00, 2380.00, 1445.00, 600.00, 350.00, 0.00, '2018-01-01', '2018-10-31', 1, 'System', NULL, '2018-01-31 03:28:19', '2018-01-31 03:28:19'),
(344, 9, 1, 3, 2, 1, 2, 1, 6, 1800.00, 1100.00, 2400.00, 1450.00, 2040.00, 1232.50, 600.00, 350.00, 0.00, '2018-01-01', '2018-10-31', 1, 'System', NULL, '2018-01-31 03:28:19', '2018-01-31 03:28:19'),
(345, 9, 1, 4, 1, 1, 2, 1, 7, 1400.00, 850.00, 1900.00, 1150.00, 1520.00, 920.00, 500.00, 300.00, 0.00, '2018-01-01', '2018-10-31', 1, 'System', NULL, '2018-01-31 03:28:20', '2018-01-31 03:28:20'),
(346, 9, 1, 1, 2, 1, 2, 1, 7, 3200.00, 1950.00, 3800.00, 2300.00, 3040.00, 1840.00, 600.00, 350.00, 0.00, '2018-01-01', '2018-10-31', 1, 'System', NULL, '2018-01-31 03:28:20', '2018-01-31 03:28:20'),
(347, 9, 1, 2, 2, 1, 2, 1, 7, 2200.00, 1350.00, 2800.00, 1700.00, 2240.00, 1360.00, 600.00, 350.00, 0.00, '2018-01-01', '2018-10-31', 1, 'System', NULL, '2018-01-31 03:28:20', '2018-01-31 03:28:20'),
(348, 9, 1, 3, 2, 1, 2, 1, 7, 1800.00, 1100.00, 2400.00, 1450.00, 1920.00, 1160.00, 600.00, 350.00, 0.00, '2018-01-01', '2018-10-31', 1, 'System', NULL, '2018-01-31 03:28:20', '2018-01-31 03:28:20'),
(349, 9, 1, 4, 1, 1, 2, 1, 8, 1400.00, 850.00, 1900.00, 1150.00, 1425.00, 862.50, 500.00, 300.00, 0.00, '2018-01-01', '2018-10-31', 1, 'System', NULL, '2018-01-31 03:28:20', '2018-01-31 03:28:20'),
(350, 9, 1, 1, 2, 1, 2, 1, 8, 3200.00, 1950.00, 3800.00, 2300.00, 2850.00, 1725.00, 600.00, 350.00, 0.00, '2018-01-01', '2018-10-31', 1, 'System', NULL, '2018-01-31 03:28:20', '2018-01-31 03:28:20'),
(351, 9, 1, 2, 2, 1, 2, 1, 8, 2200.00, 1350.00, 2800.00, 1700.00, 2100.00, 1275.00, 600.00, 350.00, 0.00, '2018-01-01', '2018-10-31', 1, 'System', NULL, '2018-01-31 03:28:20', '2018-01-31 03:28:20'),
(352, 9, 1, 3, 2, 1, 2, 1, 8, 1800.00, 1100.00, 2400.00, 1450.00, 1800.00, 1087.50, 600.00, 350.00, 0.00, '2018-01-01', '2018-10-31', 1, 'System', NULL, '2018-01-31 03:28:20', '2018-01-31 03:28:20'),
(353, 9, 1, 4, 1, 1, 2, 1, 9, 1400.00, 850.00, 1900.00, 1150.00, 1330.00, 805.00, 500.00, 300.00, 0.00, '2018-01-01', '2018-10-31', 1, 'System', NULL, '2018-01-31 03:28:20', '2018-01-31 03:28:20'),
(354, 9, 1, 1, 2, 1, 2, 1, 9, 3200.00, 1950.00, 3800.00, 2300.00, 2660.00, 1610.00, 600.00, 350.00, 0.00, '2018-01-01', '2018-10-31', 1, 'System', NULL, '2018-01-31 03:28:20', '2018-01-31 03:28:20'),
(355, 9, 1, 2, 2, 1, 2, 1, 9, 2200.00, 1350.00, 2800.00, 1700.00, 1960.00, 1190.00, 600.00, 350.00, 0.00, '2018-01-01', '2018-10-31', 1, 'System', NULL, '2018-01-31 03:28:20', '2018-01-31 03:28:20'),
(356, 9, 1, 3, 2, 1, 2, 1, 9, 1800.00, 1100.00, 2400.00, 1450.00, 1680.00, 1015.00, 600.00, 350.00, 0.00, '2018-01-01', '2018-10-31', 1, 'System', NULL, '2018-01-31 03:28:20', '2018-01-31 03:28:20'),
(357, 9, 1, 4, 1, 1, 2, 1, 10, 1400.00, 850.00, 1900.00, 1150.00, 1900.00, 1150.00, 500.00, 300.00, 0.00, '2018-01-01', '2018-10-31', 1, 'System', NULL, '2018-01-31 03:28:20', '2018-01-31 03:28:20'),
(358, 9, 1, 1, 2, 1, 2, 1, 10, 3200.00, 1950.00, 3800.00, 2300.00, 3800.00, 2300.00, 600.00, 350.00, 0.00, '2018-01-01', '2018-10-31', 1, 'System', NULL, '2018-01-31 03:28:20', '2018-01-31 03:28:20'),
(359, 9, 1, 2, 2, 1, 2, 1, 10, 2200.00, 1350.00, 2800.00, 1700.00, 2800.00, 1700.00, 600.00, 350.00, 0.00, '2018-01-01', '2018-10-31', 1, 'System', NULL, '2018-01-31 03:28:20', '2018-01-31 03:28:20'),
(360, 9, 1, 3, 2, 1, 2, 1, 10, 1800.00, 1100.00, 2400.00, 1450.00, 2400.00, 1450.00, 600.00, 350.00, 0.00, '2018-01-01', '2018-10-31', 1, 'System', NULL, '2018-01-31 03:28:20', '2018-01-31 03:28:20'),
(361, 10, 1, 4, 1, 1, 2, 1, 1, 1400.00, 850.00, 1900.00, 1150.00, 1900.00, 1150.00, 500.00, 300.00, 0.00, '2018-01-01', '2018-10-31', 1, 'System', NULL, '2018-01-31 03:28:20', '2018-01-31 03:28:20'),
(362, 10, 1, 1, 2, 1, 2, 1, 1, 2900.00, 1750.00, 3500.00, 2100.00, 3500.00, 2100.00, 600.00, 350.00, 0.00, '2018-01-01', '2018-10-31', 1, 'System', NULL, '2018-01-31 03:28:20', '2018-01-31 03:28:20'),
(363, 10, 1, 2, 2, 1, 2, 1, 1, 2200.00, 1350.00, 2800.00, 1700.00, 2800.00, 1700.00, 600.00, 350.00, 0.00, '2018-01-01', '2018-10-31', 1, 'System', NULL, '2018-01-31 03:28:21', '2018-01-31 03:28:21'),
(364, 10, 1, 3, 2, 1, 2, 1, 1, 1800.00, 1100.00, 2400.00, 1450.00, 2400.00, 1450.00, 600.00, 350.00, 0.00, '2018-01-01', '2018-10-31', 1, 'System', NULL, '2018-01-31 03:28:21', '2018-01-31 03:28:21'),
(365, 10, 1, 4, 1, 1, 2, 1, 2, 1400.00, 850.00, 1900.00, 1150.00, 1400.00, 850.00, 500.00, 300.00, 0.00, '2018-01-01', '2018-10-31', 1, 'System', NULL, '2018-01-31 03:28:21', '2018-01-31 03:28:21'),
(366, 10, 1, 1, 2, 1, 2, 1, 2, 2900.00, 1750.00, 3500.00, 2100.00, 2900.00, 1750.00, 600.00, 350.00, 0.00, '2018-01-01', '2018-10-31', 1, 'System', NULL, '2018-01-31 03:28:21', '2018-01-31 03:28:21'),
(367, 10, 1, 2, 2, 1, 2, 1, 2, 2200.00, 1350.00, 2800.00, 1700.00, 2200.00, 1350.00, 600.00, 350.00, 0.00, '2018-01-01', '2018-10-31', 1, 'System', NULL, '2018-01-31 03:28:21', '2018-01-31 03:28:21'),
(368, 10, 1, 3, 2, 1, 2, 1, 2, 1800.00, 1100.00, 2400.00, 1450.00, 1800.00, 1100.00, 600.00, 350.00, 0.00, '2018-01-01', '2018-10-31', 1, 'System', NULL, '2018-01-31 03:28:21', '2018-01-31 03:28:21'),
(369, 10, 1, 4, 1, 1, 2, 1, 3, 1443.30, 876.29, 1900.00, 1150.00, 1443.30, 876.29, 456.70, 273.71, 0.00, '2018-01-01', '2018-10-31', 1, 'System', NULL, '2018-01-31 03:28:21', '2018-01-31 03:28:21'),
(370, 10, 1, 1, 2, 1, 2, 1, 3, 2989.69, 1804.12, 3500.00, 2100.00, 2989.69, 1804.12, 510.31, 295.88, 0.00, '2018-01-01', '2018-10-31', 1, 'System', NULL, '2018-01-31 03:28:21', '2018-01-31 03:28:21'),
(371, 10, 1, 2, 2, 1, 2, 1, 3, 2268.04, 1391.75, 2800.00, 1700.00, 2268.04, 1391.75, 531.96, 308.25, 0.00, '2018-01-01', '2018-10-31', 1, 'System', NULL, '2018-01-31 03:28:21', '2018-01-31 03:28:21'),
(372, 10, 1, 3, 2, 1, 2, 1, 3, 1855.67, 1134.02, 2400.00, 1450.00, 1855.67, 1134.02, 544.33, 315.98, 0.00, '2018-01-01', '2018-10-31', 1, 'System', NULL, '2018-01-31 03:28:21', '2018-01-31 03:28:21'),
(373, 10, 1, 4, 1, 1, 2, 1, 4, 1500.00, 900.00, 1900.00, 1150.00, 1500.00, 900.00, 400.00, 250.00, 0.00, '2018-01-01', '2018-10-31', 1, 'System', NULL, '2018-01-31 03:28:21', '2018-01-31 03:28:21'),
(374, 10, 1, 1, 2, 1, 2, 1, 4, 2900.00, 1750.00, 3500.00, 2100.00, 2900.00, 1750.00, 600.00, 350.00, 0.00, '2018-01-01', '2018-10-31', 1, 'System', NULL, '2018-01-31 03:28:21', '2018-01-31 03:28:21'),
(375, 10, 1, 2, 2, 1, 2, 1, 4, 2200.00, 1350.00, 2800.00, 1700.00, 2200.00, 1350.00, 600.00, 350.00, 0.00, '2018-01-01', '2018-10-31', 1, 'System', NULL, '2018-01-31 03:28:21', '2018-01-31 03:28:21'),
(376, 10, 1, 3, 2, 1, 2, 1, 4, 1800.00, 1100.00, 2400.00, 1450.00, 1800.00, 1100.00, 600.00, 350.00, 0.00, '2018-01-01', '2018-10-31', 1, 'System', NULL, '2018-01-31 03:28:21', '2018-01-31 03:28:21'),
(377, 10, 1, 4, 1, 1, 2, 1, 5, 1546.39, 927.84, 1900.00, 1150.00, 1546.39, 927.84, 353.61, 222.16, 0.00, '2018-01-01', '2018-10-31', 1, 'System', NULL, '2018-01-31 03:28:22', '2018-01-31 03:28:22'),
(378, 10, 1, 1, 2, 1, 2, 1, 5, 2989.69, 1804.12, 3500.00, 2100.00, 2989.69, 1804.12, 510.31, 295.88, 0.00, '2018-01-01', '2018-10-31', 1, 'System', NULL, '2018-01-31 03:28:22', '2018-01-31 03:28:22'),
(379, 10, 1, 2, 2, 1, 2, 1, 5, 2268.04, 1391.75, 2800.00, 1700.00, 2268.04, 1391.75, 531.96, 308.25, 0.00, '2018-01-01', '2018-10-31', 1, 'System', NULL, '2018-01-31 03:28:22', '2018-01-31 03:28:22'),
(380, 10, 1, 3, 2, 1, 2, 1, 5, 1855.67, 1134.02, 2400.00, 1450.00, 1855.67, 1134.02, 544.33, 315.98, 0.00, '2018-01-01', '2018-10-31', 1, 'System', NULL, '2018-01-31 03:28:22', '2018-01-31 03:28:22'),
(381, 10, 1, 4, 1, 1, 2, 1, 6, 1400.00, 850.00, 1900.00, 1150.00, 1615.00, 977.50, 500.00, 300.00, 0.00, '2018-01-01', '2018-10-31', 1, 'System', NULL, '2018-01-31 03:28:22', '2018-01-31 03:28:22'),
(382, 10, 1, 1, 2, 1, 2, 1, 6, 2900.00, 1750.00, 3500.00, 2100.00, 2975.00, 1785.00, 600.00, 350.00, 0.00, '2018-01-01', '2018-10-31', 1, 'System', NULL, '2018-01-31 03:28:22', '2018-01-31 03:28:22'),
(383, 10, 1, 2, 2, 1, 2, 1, 6, 2200.00, 1350.00, 2800.00, 1700.00, 2380.00, 1445.00, 600.00, 350.00, 0.00, '2018-01-01', '2018-10-31', 1, 'System', NULL, '2018-01-31 03:28:22', '2018-01-31 03:28:22'),
(384, 10, 1, 3, 2, 1, 2, 1, 6, 1800.00, 1100.00, 2400.00, 1450.00, 2040.00, 1232.50, 600.00, 350.00, 0.00, '2018-01-01', '2018-10-31', 1, 'System', NULL, '2018-01-31 03:28:22', '2018-01-31 03:28:22'),
(385, 10, 1, 4, 1, 1, 2, 1, 7, 1400.00, 850.00, 1900.00, 1150.00, 1520.00, 920.00, 500.00, 300.00, 0.00, '2018-01-01', '2018-10-31', 1, 'System', NULL, '2018-01-31 03:28:22', '2018-01-31 03:28:22'),
(386, 10, 1, 1, 2, 1, 2, 1, 7, 2900.00, 1750.00, 3500.00, 2100.00, 2800.00, 1680.00, 600.00, 350.00, 0.00, '2018-01-01', '2018-10-31', 1, 'System', NULL, '2018-01-31 03:28:22', '2018-01-31 03:28:22'),
(387, 10, 1, 2, 2, 1, 2, 1, 7, 2200.00, 1350.00, 2800.00, 1700.00, 2240.00, 1360.00, 600.00, 350.00, 0.00, '2018-01-01', '2018-10-31', 1, 'System', NULL, '2018-01-31 03:28:22', '2018-01-31 03:28:22'),
(388, 10, 1, 3, 2, 1, 2, 1, 7, 1800.00, 1100.00, 2400.00, 1450.00, 1920.00, 1160.00, 600.00, 350.00, 0.00, '2018-01-01', '2018-10-31', 1, 'System', NULL, '2018-01-31 03:28:22', '2018-01-31 03:28:22'),
(389, 10, 1, 4, 1, 1, 2, 1, 8, 1400.00, 850.00, 1900.00, 1150.00, 1425.00, 862.50, 500.00, 300.00, 0.00, '2018-01-01', '2018-10-31', 1, 'System', NULL, '2018-01-31 03:28:22', '2018-01-31 03:28:22'),
(390, 10, 1, 1, 2, 1, 2, 1, 8, 2900.00, 1750.00, 3500.00, 2100.00, 2625.00, 1575.00, 600.00, 350.00, 0.00, '2018-01-01', '2018-10-31', 1, 'System', NULL, '2018-01-31 03:28:22', '2018-01-31 03:28:22'),
(391, 10, 1, 2, 2, 1, 2, 1, 8, 2200.00, 1350.00, 2800.00, 1700.00, 2100.00, 1275.00, 600.00, 350.00, 0.00, '2018-01-01', '2018-10-31', 1, 'System', NULL, '2018-01-31 03:28:22', '2018-01-31 03:28:22'),
(392, 10, 1, 3, 2, 1, 2, 1, 8, 1800.00, 1100.00, 2400.00, 1450.00, 1800.00, 1087.50, 600.00, 350.00, 0.00, '2018-01-01', '2018-10-31', 1, 'System', NULL, '2018-01-31 03:28:22', '2018-01-31 03:28:22'),
(393, 10, 1, 4, 1, 1, 2, 1, 9, 1400.00, 850.00, 1900.00, 1150.00, 1330.00, 805.00, 500.00, 300.00, 0.00, '2018-01-01', '2018-10-31', 1, 'System', NULL, '2018-01-31 03:28:22', '2018-01-31 03:28:22'),
(394, 10, 1, 1, 2, 1, 2, 1, 9, 2900.00, 1750.00, 3500.00, 2100.00, 2450.00, 1470.00, 600.00, 350.00, 0.00, '2018-01-01', '2018-10-31', 1, 'System', NULL, '2018-01-31 03:28:22', '2018-01-31 03:28:22'),
(395, 10, 1, 2, 2, 1, 2, 1, 9, 2200.00, 1350.00, 2800.00, 1700.00, 1960.00, 1190.00, 600.00, 350.00, 0.00, '2018-01-01', '2018-10-31', 1, 'System', NULL, '2018-01-31 03:28:22', '2018-01-31 03:28:22'),
(396, 10, 1, 3, 2, 1, 2, 1, 9, 1800.00, 1100.00, 2400.00, 1450.00, 1680.00, 1015.00, 600.00, 350.00, 0.00, '2018-01-01', '2018-10-31', 1, 'System', NULL, '2018-01-31 03:28:22', '2018-01-31 03:28:22'),
(397, 10, 1, 4, 1, 1, 2, 1, 10, 1400.00, 850.00, 1900.00, 1150.00, 1900.00, 1150.00, 500.00, 300.00, 0.00, '2018-01-01', '2018-10-31', 1, 'System', NULL, '2018-01-31 03:28:22', '2018-01-31 03:28:22'),
(398, 10, 1, 1, 2, 1, 2, 1, 10, 2900.00, 1750.00, 3500.00, 2100.00, 3500.00, 2100.00, 600.00, 350.00, 0.00, '2018-01-01', '2018-10-31', 1, 'System', NULL, '2018-01-31 03:28:23', '2018-01-31 03:28:23'),
(399, 10, 1, 2, 2, 1, 2, 1, 10, 2200.00, 1350.00, 2800.00, 1700.00, 2800.00, 1700.00, 600.00, 350.00, 0.00, '2018-01-01', '2018-10-31', 1, 'System', NULL, '2018-01-31 03:28:23', '2018-01-31 03:28:23'),
(400, 10, 1, 3, 2, 1, 2, 1, 10, 1800.00, 1100.00, 2400.00, 1450.00, 2400.00, 1450.00, 600.00, 350.00, 0.00, '2018-01-01', '2018-10-31', 1, 'System', NULL, '2018-01-31 03:28:23', '2018-01-31 03:28:23'),
(401, 11, 3, 4, 1, 1, 2, 1, 1, 3800.00, 3800.00, 4800.00, 4800.00, 4800.00, 4800.00, 1000.00, 1000.00, 1500.00, '2018-01-01', '2018-10-31', 1, 'System', NULL, '2018-01-31 03:28:23', '2018-01-31 03:28:23'),
(402, 11, 3, 1, 2, 1, 2, 1, 1, 5000.00, 5000.00, 6000.00, 6000.00, 6000.00, 6000.00, 1000.00, 1000.00, 1500.00, '2018-01-01', '2018-10-31', 1, 'System', NULL, '2018-01-31 03:28:23', '2018-01-31 03:28:23'),
(403, 11, 3, 2, 2, 1, 2, 1, 1, 4500.00, 4500.00, 5500.00, 5500.00, 5500.00, 5500.00, 1000.00, 1000.00, 1500.00, '2018-01-01', '2018-10-31', 1, 'System', NULL, '2018-01-31 03:28:23', '2018-01-31 03:28:23'),
(404, 11, 3, 3, 2, 1, 2, 1, 1, 4000.00, 4000.00, 5000.00, 5000.00, 5000.00, 5000.00, 1000.00, 1000.00, 1500.00, '2018-01-01', '2018-10-31', 1, 'System', NULL, '2018-01-31 03:28:23', '2018-01-31 03:28:23'),
(405, 11, 3, 4, 1, 1, 2, 1, 2, 3800.00, 3800.00, 4800.00, 4800.00, 3800.00, 3800.00, 1000.00, 1000.00, 1500.00, '2018-01-01', '2018-10-31', 1, 'System', NULL, '2018-01-31 03:28:23', '2018-01-31 03:28:23'),
(406, 11, 3, 1, 2, 1, 2, 1, 2, 5000.00, 5000.00, 6000.00, 6000.00, 5000.00, 5000.00, 1000.00, 1000.00, 1500.00, '2018-01-01', '2018-10-31', 1, 'System', NULL, '2018-01-31 03:28:23', '2018-01-31 03:28:23'),
(407, 11, 3, 2, 2, 1, 2, 1, 2, 4500.00, 4500.00, 5500.00, 5500.00, 4500.00, 4500.00, 1000.00, 1000.00, 1500.00, '2018-01-01', '2018-10-31', 1, 'System', NULL, '2018-01-31 03:28:23', '2018-01-31 03:28:23'),
(408, 11, 3, 3, 2, 1, 2, 1, 2, 4000.00, 4000.00, 5000.00, 5000.00, 4000.00, 4000.00, 1000.00, 1000.00, 1500.00, '2018-01-01', '2018-10-31', 1, 'System', NULL, '2018-01-31 03:28:23', '2018-01-31 03:28:23'),
(409, 11, 3, 4, 1, 1, 2, 1, 3, 3917.52, 3917.52, 4800.00, 4800.00, 3917.52, 3917.52, 882.48, 882.48, 1500.00, '2018-01-01', '2018-10-31', 1, 'System', NULL, '2018-01-31 03:28:23', '2018-01-31 03:28:23'),
(410, 11, 3, 1, 2, 1, 2, 1, 3, 5154.63, 5154.63, 6000.00, 6000.00, 5154.63, 5154.63, 845.37, 845.37, 1500.00, '2018-01-01', '2018-10-31', 1, 'System', NULL, '2018-01-31 03:28:23', '2018-01-31 03:28:23'),
(411, 11, 3, 2, 2, 1, 2, 1, 3, 4639.17, 4639.17, 5500.00, 5500.00, 4639.17, 4639.17, 860.83, 860.83, 1500.00, '2018-01-01', '2018-10-31', 1, 'System', NULL, '2018-01-31 03:28:23', '2018-01-31 03:28:23'),
(412, 11, 3, 3, 2, 1, 2, 1, 3, 4123.71, 4123.71, 5000.00, 5000.00, 4123.71, 4123.71, 876.29, 876.29, 1500.00, '2018-01-01', '2018-10-31', 1, 'System', NULL, '2018-01-31 03:28:23', '2018-01-31 03:28:23'),
(413, 11, 3, 4, 1, 1, 2, 1, 4, 4000.00, 4000.00, 4800.00, 4800.00, 4000.00, 4000.00, 800.00, 800.00, 1500.00, '2018-01-01', '2018-10-31', 1, 'System', NULL, '2018-01-31 03:28:23', '2018-01-31 03:28:23'),
(414, 11, 3, 1, 2, 1, 2, 1, 4, 5000.00, 5000.00, 6000.00, 6000.00, 5000.00, 5000.00, 1000.00, 1000.00, 1500.00, '2018-01-01', '2018-10-31', 1, 'System', NULL, '2018-01-31 03:28:23', '2018-01-31 03:28:23'),
(415, 11, 3, 2, 2, 1, 2, 1, 4, 4500.00, 4500.00, 5500.00, 5500.00, 4500.00, 4500.00, 1000.00, 1000.00, 1500.00, '2018-01-01', '2018-10-31', 1, 'System', NULL, '2018-01-31 03:28:23', '2018-01-31 03:28:23'),
(416, 11, 3, 3, 2, 1, 2, 1, 4, 4000.00, 4000.00, 5000.00, 5000.00, 4000.00, 4000.00, 1000.00, 1000.00, 1500.00, '2018-01-01', '2018-10-31', 1, 'System', NULL, '2018-01-31 03:28:23', '2018-01-31 03:28:23'),
(417, 11, 3, 4, 1, 1, 2, 1, 5, 4123.71, 4123.71, 4800.00, 4800.00, 4123.71, 4123.71, 676.29, 676.29, 1500.00, '2018-01-01', '2018-10-31', 1, 'System', NULL, '2018-01-31 03:28:23', '2018-01-31 03:28:23'),
(418, 11, 3, 1, 2, 1, 2, 1, 5, 5154.63, 5154.63, 6000.00, 6000.00, 5154.63, 5154.63, 845.37, 845.37, 1500.00, '2018-01-01', '2018-10-31', 1, 'System', NULL, '2018-01-31 03:28:24', '2018-01-31 03:28:24'),
(419, 11, 3, 2, 2, 1, 2, 1, 5, 4639.17, 4639.17, 5500.00, 5500.00, 4639.17, 4639.17, 860.83, 860.83, 1500.00, '2018-01-01', '2018-10-31', 1, 'System', NULL, '2018-01-31 03:28:24', '2018-01-31 03:28:24'),
(420, 11, 3, 3, 2, 1, 2, 1, 5, 4123.71, 4123.71, 5000.00, 5000.00, 4123.71, 4123.71, 876.29, 876.29, 1500.00, '2018-01-01', '2018-10-31', 1, 'System', NULL, '2018-01-31 03:28:24', '2018-01-31 03:28:24'),
(421, 11, 3, 4, 1, 1, 2, 1, 6, 3800.00, 3800.00, 4800.00, 4800.00, 4080.00, 4080.00, 1000.00, 1000.00, 1500.00, '2018-01-01', '2018-10-31', 1, 'System', NULL, '2018-01-31 03:28:24', '2018-01-31 03:28:24'),
(422, 11, 3, 1, 2, 1, 2, 1, 6, 5000.00, 5000.00, 6000.00, 6000.00, 5100.00, 5100.00, 1000.00, 1000.00, 1500.00, '2018-01-01', '2018-10-31', 1, 'System', NULL, '2018-01-31 03:28:24', '2018-01-31 03:28:24'),
(423, 11, 3, 2, 2, 1, 2, 1, 6, 4500.00, 4500.00, 5500.00, 5500.00, 4675.00, 4675.00, 1000.00, 1000.00, 1500.00, '2018-01-01', '2018-10-31', 1, 'System', NULL, '2018-01-31 03:28:24', '2018-01-31 03:28:24'),
(424, 11, 3, 3, 2, 1, 2, 1, 6, 4000.00, 4000.00, 5000.00, 5000.00, 4250.00, 4250.00, 1000.00, 1000.00, 1500.00, '2018-01-01', '2018-10-31', 1, 'System', NULL, '2018-01-31 03:28:24', '2018-01-31 03:28:24'),
(425, 11, 3, 4, 1, 1, 2, 1, 7, 3800.00, 3800.00, 4800.00, 4800.00, 3840.00, 3840.00, 1000.00, 1000.00, 1500.00, '2018-01-01', '2018-10-31', 1, 'System', NULL, '2018-01-31 03:28:24', '2018-01-31 03:28:24'),
(426, 11, 3, 1, 2, 1, 2, 1, 7, 5000.00, 5000.00, 6000.00, 6000.00, 4800.00, 4800.00, 1000.00, 1000.00, 1500.00, '2018-01-01', '2018-10-31', 1, 'System', NULL, '2018-01-31 03:28:24', '2018-01-31 03:28:24'),
(427, 11, 3, 2, 2, 1, 2, 1, 7, 4500.00, 4500.00, 5500.00, 5500.00, 4400.00, 4400.00, 1000.00, 1000.00, 1500.00, '2018-01-01', '2018-10-31', 1, 'System', NULL, '2018-01-31 03:28:24', '2018-01-31 03:28:24'),
(428, 11, 3, 3, 2, 1, 2, 1, 7, 4000.00, 4000.00, 5000.00, 5000.00, 4000.00, 4000.00, 1000.00, 1000.00, 1500.00, '2018-01-01', '2018-10-31', 1, 'System', NULL, '2018-01-31 03:28:24', '2018-01-31 03:28:24'),
(429, 11, 3, 4, 1, 1, 2, 1, 8, 3800.00, 3800.00, 4800.00, 4800.00, 3600.00, 3600.00, 1000.00, 1000.00, 1500.00, '2018-01-01', '2018-10-31', 1, 'System', NULL, '2018-01-31 03:28:24', '2018-01-31 03:28:24'),
(430, 11, 3, 1, 2, 1, 2, 1, 8, 5000.00, 5000.00, 6000.00, 6000.00, 4500.00, 4500.00, 1000.00, 1000.00, 1500.00, '2018-01-01', '2018-10-31', 1, 'System', NULL, '2018-01-31 03:28:24', '2018-01-31 03:28:24'),
(431, 11, 3, 2, 2, 1, 2, 1, 8, 4500.00, 4500.00, 5500.00, 5500.00, 4125.00, 4125.00, 1000.00, 1000.00, 1500.00, '2018-01-01', '2018-10-31', 1, 'System', NULL, '2018-01-31 03:28:24', '2018-01-31 03:28:24'),
(432, 11, 3, 3, 2, 1, 2, 1, 8, 4000.00, 4000.00, 5000.00, 5000.00, 3750.00, 3750.00, 1000.00, 1000.00, 1500.00, '2018-01-01', '2018-10-31', 1, 'System', NULL, '2018-01-31 03:28:24', '2018-01-31 03:28:24'),
(433, 11, 3, 4, 1, 1, 2, 1, 9, 3800.00, 3800.00, 4800.00, 4800.00, 3360.00, 3360.00, 1000.00, 1000.00, 1500.00, '2018-01-01', '2018-10-31', 1, 'System', NULL, '2018-01-31 03:28:24', '2018-01-31 03:28:24'),
(434, 11, 3, 1, 2, 1, 2, 1, 9, 5000.00, 5000.00, 6000.00, 6000.00, 4200.00, 4200.00, 1000.00, 1000.00, 1500.00, '2018-01-01', '2018-10-31', 1, 'System', NULL, '2018-01-31 03:28:24', '2018-01-31 03:28:24'),
(435, 11, 3, 2, 2, 1, 2, 1, 9, 4500.00, 4500.00, 5500.00, 5500.00, 3850.00, 3850.00, 1000.00, 1000.00, 1500.00, '2018-01-01', '2018-10-31', 1, 'System', NULL, '2018-01-31 03:28:24', '2018-01-31 03:28:24'),
(436, 11, 3, 3, 2, 1, 2, 1, 9, 4000.00, 4000.00, 5000.00, 5000.00, 3500.00, 3500.00, 1000.00, 1000.00, 1500.00, '2018-01-01', '2018-10-31', 1, 'System', NULL, '2018-01-31 03:28:24', '2018-01-31 03:28:24'),
(437, 11, 3, 4, 1, 1, 2, 1, 10, 3800.00, 3800.00, 4800.00, 4800.00, 4800.00, 4800.00, 1000.00, 1000.00, 1500.00, '2018-01-01', '2018-10-31', 1, 'System', NULL, '2018-01-31 03:28:25', '2018-01-31 03:28:25'),
(438, 11, 3, 1, 2, 1, 2, 1, 10, 5000.00, 5000.00, 6000.00, 6000.00, 6000.00, 6000.00, 1000.00, 1000.00, 1500.00, '2018-01-01', '2018-10-31', 1, 'System', NULL, '2018-01-31 03:28:25', '2018-01-31 03:28:25'),
(439, 11, 3, 2, 2, 1, 2, 1, 10, 4500.00, 4500.00, 5500.00, 5500.00, 5500.00, 5500.00, 1000.00, 1000.00, 1500.00, '2018-01-01', '2018-10-31', 1, 'System', NULL, '2018-01-31 03:28:25', '2018-01-31 03:28:25'),
(440, 11, 3, 3, 2, 1, 2, 1, 10, 4000.00, 4000.00, 5000.00, 5000.00, 5000.00, 5000.00, 1000.00, 1000.00, 1500.00, '2018-01-01', '2018-10-31', 1, 'System', NULL, '2018-01-31 03:28:25', '2018-01-31 03:28:25'),
(441, 12, 3, 4, 1, 1, 2, 1, 1, 2700.00, 2700.00, 3300.00, 3300.00, 3300.00, 3300.00, 600.00, 600.00, 500.00, '2018-01-01', '2018-10-31', 1, 'System', NULL, '2018-01-31 03:28:25', '2018-01-31 03:28:25'),
(442, 12, 3, 1, 2, 1, 2, 1, 1, 3200.00, 3200.00, 3900.00, 3900.00, 3900.00, 3900.00, 700.00, 700.00, 500.00, '2018-01-01', '2018-10-31', 1, 'System', NULL, '2018-01-31 03:28:25', '2018-01-31 03:28:25'),
(443, 12, 3, 2, 2, 1, 2, 1, 1, 3000.00, 3000.00, 3700.00, 3700.00, 3700.00, 3700.00, 700.00, 700.00, 500.00, '2018-01-01', '2018-10-31', 1, 'System', NULL, '2018-01-31 03:28:25', '2018-01-31 03:28:25'),
(444, 12, 3, 3, 2, 1, 2, 1, 1, 2800.00, 2800.00, 3500.00, 3500.00, 3500.00, 3500.00, 700.00, 700.00, 500.00, '2018-01-01', '2018-10-31', 1, 'System', NULL, '2018-01-31 03:28:25', '2018-01-31 03:28:25'),
(445, 12, 3, 4, 1, 1, 2, 1, 2, 2700.00, 2700.00, 3300.00, 3300.00, 2700.00, 2700.00, 600.00, 600.00, 500.00, '2018-01-01', '2018-10-31', 1, 'System', NULL, '2018-01-31 03:28:25', '2018-01-31 03:28:25'),
(446, 12, 3, 1, 2, 1, 2, 1, 2, 3200.00, 3200.00, 3900.00, 3900.00, 3200.00, 3200.00, 700.00, 700.00, 500.00, '2018-01-01', '2018-10-31', 1, 'System', NULL, '2018-01-31 03:28:25', '2018-01-31 03:28:25'),
(447, 12, 3, 2, 2, 1, 2, 1, 2, 3000.00, 3000.00, 3700.00, 3700.00, 3000.00, 3000.00, 700.00, 700.00, 500.00, '2018-01-01', '2018-10-31', 1, 'System', NULL, '2018-01-31 03:28:25', '2018-01-31 03:28:25'),
(448, 12, 3, 3, 2, 1, 2, 1, 2, 2800.00, 2800.00, 3500.00, 3500.00, 2800.00, 2800.00, 700.00, 700.00, 500.00, '2018-01-01', '2018-10-31', 1, 'System', NULL, '2018-01-31 03:28:25', '2018-01-31 03:28:25'),
(449, 12, 3, 4, 1, 1, 2, 1, 3, 2783.51, 2783.51, 3300.00, 3300.00, 2783.51, 2783.51, 516.49, 516.49, 500.00, '2018-01-01', '2018-10-31', 1, 'System', NULL, '2018-01-31 03:28:25', '2018-01-31 03:28:25'),
(450, 12, 3, 1, 2, 1, 2, 1, 3, 3298.97, 3298.97, 3900.00, 3900.00, 3298.97, 3298.97, 601.03, 601.03, 500.00, '2018-01-01', '2018-10-31', 1, 'System', NULL, '2018-01-31 03:28:25', '2018-01-31 03:28:25'),
(451, 12, 3, 2, 2, 1, 2, 1, 3, 3092.78, 3092.78, 3700.00, 3700.00, 3092.78, 3092.78, 607.22, 607.22, 500.00, '2018-01-01', '2018-10-31', 1, 'System', NULL, '2018-01-31 03:28:25', '2018-01-31 03:28:25'),
(452, 12, 3, 3, 2, 1, 2, 1, 3, 2886.60, 2886.60, 3500.00, 3500.00, 2886.60, 2886.60, 613.40, 613.40, 500.00, '2018-01-01', '2018-10-31', 1, 'System', NULL, '2018-01-31 03:28:25', '2018-01-31 03:28:25'),
(453, 12, 3, 4, 1, 1, 2, 1, 4, 2800.00, 2800.00, 3300.00, 3300.00, 2800.00, 2800.00, 500.00, 500.00, 500.00, '2018-01-01', '2018-10-31', 1, 'System', NULL, '2018-01-31 03:28:25', '2018-01-31 03:28:25'),
(454, 12, 3, 1, 2, 1, 2, 1, 4, 3200.00, 3200.00, 3900.00, 3900.00, 3200.00, 3200.00, 700.00, 700.00, 500.00, '2018-01-01', '2018-10-31', 1, 'System', NULL, '2018-01-31 03:28:26', '2018-01-31 03:28:26'),
(455, 12, 3, 2, 2, 1, 2, 1, 4, 3000.00, 3000.00, 3700.00, 3700.00, 3000.00, 3000.00, 700.00, 700.00, 500.00, '2018-01-01', '2018-10-31', 1, 'System', NULL, '2018-01-31 03:28:26', '2018-01-31 03:28:26'),
(456, 12, 3, 3, 2, 1, 2, 1, 4, 2800.00, 2800.00, 3500.00, 3500.00, 2800.00, 2800.00, 700.00, 700.00, 500.00, '2018-01-01', '2018-10-31', 1, 'System', NULL, '2018-01-31 03:28:26', '2018-01-31 03:28:26'),
(457, 12, 3, 4, 1, 1, 2, 1, 5, 2886.60, 2886.60, 3300.00, 3300.00, 2886.60, 2886.60, 413.40, 413.40, 500.00, '2018-01-01', '2018-10-31', 1, 'System', NULL, '2018-01-31 03:28:26', '2018-01-31 03:28:26'),
(458, 12, 3, 1, 2, 1, 2, 1, 5, 3298.97, 3298.97, 3900.00, 3900.00, 3298.97, 3298.97, 601.03, 601.03, 500.00, '2018-01-01', '2018-10-31', 1, 'System', NULL, '2018-01-31 03:28:26', '2018-01-31 03:28:26'),
(459, 12, 3, 2, 2, 1, 2, 1, 5, 3092.78, 3092.78, 3700.00, 3700.00, 3092.78, 3092.78, 607.22, 607.22, 500.00, '2018-01-01', '2018-10-31', 1, 'System', NULL, '2018-01-31 03:28:26', '2018-01-31 03:28:26'),
(460, 12, 3, 3, 2, 1, 2, 1, 5, 2886.60, 2886.60, 3500.00, 3500.00, 2886.60, 2886.60, 613.40, 613.40, 500.00, '2018-01-01', '2018-10-31', 1, 'System', NULL, '2018-01-31 03:28:26', '2018-01-31 03:28:26'),
(461, 12, 3, 4, 1, 1, 2, 1, 6, 2700.00, 2700.00, 3300.00, 3300.00, 2805.00, 2805.00, 600.00, 600.00, 500.00, '2018-01-01', '2018-10-31', 1, 'System', NULL, '2018-01-31 03:28:26', '2018-01-31 03:28:26'),
(462, 12, 3, 1, 2, 1, 2, 1, 6, 3200.00, 3200.00, 3900.00, 3900.00, 3315.00, 3315.00, 700.00, 700.00, 500.00, '2018-01-01', '2018-10-31', 1, 'System', NULL, '2018-01-31 03:28:26', '2018-01-31 03:28:26'),
(463, 12, 3, 2, 2, 1, 2, 1, 6, 3000.00, 3000.00, 3700.00, 3700.00, 3145.00, 3145.00, 700.00, 700.00, 500.00, '2018-01-01', '2018-10-31', 1, 'System', NULL, '2018-01-31 03:28:26', '2018-01-31 03:28:26'),
(464, 12, 3, 3, 2, 1, 2, 1, 6, 2800.00, 2800.00, 3500.00, 3500.00, 2975.00, 2975.00, 700.00, 700.00, 500.00, '2018-01-01', '2018-10-31', 1, 'System', NULL, '2018-01-31 03:28:26', '2018-01-31 03:28:26'),
(465, 12, 3, 4, 1, 1, 2, 1, 7, 2700.00, 2700.00, 3300.00, 3300.00, 2640.00, 2640.00, 600.00, 600.00, 500.00, '2018-01-01', '2018-10-31', 1, 'System', NULL, '2018-01-31 03:28:27', '2018-01-31 03:28:27'),
(466, 12, 3, 1, 2, 1, 2, 1, 7, 3200.00, 3200.00, 3900.00, 3900.00, 3120.00, 3120.00, 700.00, 700.00, 500.00, '2018-01-01', '2018-10-31', 1, 'System', NULL, '2018-01-31 03:28:27', '2018-01-31 03:28:27'),
(467, 12, 3, 2, 2, 1, 2, 1, 7, 3000.00, 3000.00, 3700.00, 3700.00, 2960.00, 2960.00, 700.00, 700.00, 500.00, '2018-01-01', '2018-10-31', 1, 'System', NULL, '2018-01-31 03:28:27', '2018-01-31 03:28:27'),
(468, 12, 3, 3, 2, 1, 2, 1, 7, 2800.00, 2800.00, 3500.00, 3500.00, 2800.00, 2800.00, 700.00, 700.00, 500.00, '2018-01-01', '2018-10-31', 1, 'System', NULL, '2018-01-31 03:28:27', '2018-01-31 03:28:27'),
(469, 12, 3, 4, 1, 1, 2, 1, 8, 2700.00, 2700.00, 3300.00, 3300.00, 2475.00, 2475.00, 600.00, 600.00, 500.00, '2018-01-01', '2018-10-31', 1, 'System', NULL, '2018-01-31 03:28:27', '2018-01-31 03:28:27'),
(470, 12, 3, 1, 2, 1, 2, 1, 8, 3200.00, 3200.00, 3900.00, 3900.00, 2925.00, 2925.00, 700.00, 700.00, 500.00, '2018-01-01', '2018-10-31', 1, 'System', NULL, '2018-01-31 03:28:27', '2018-01-31 03:28:27'),
(471, 12, 3, 2, 2, 1, 2, 1, 8, 3000.00, 3000.00, 3700.00, 3700.00, 2775.00, 2775.00, 700.00, 700.00, 500.00, '2018-01-01', '2018-10-31', 1, 'System', NULL, '2018-01-31 03:28:27', '2018-01-31 03:28:27'),
(472, 12, 3, 3, 2, 1, 2, 1, 8, 2800.00, 2800.00, 3500.00, 3500.00, 2625.00, 2625.00, 700.00, 700.00, 500.00, '2018-01-01', '2018-10-31', 1, 'System', NULL, '2018-01-31 03:28:27', '2018-01-31 03:28:27'),
(473, 12, 3, 4, 1, 1, 2, 1, 9, 2700.00, 2700.00, 3300.00, 3300.00, 2310.00, 2310.00, 600.00, 600.00, 500.00, '2018-01-01', '2018-10-31', 1, 'System', NULL, '2018-01-31 03:28:27', '2018-01-31 03:28:27'),
(474, 12, 3, 1, 2, 1, 2, 1, 9, 3200.00, 3200.00, 3900.00, 3900.00, 2730.00, 2730.00, 700.00, 700.00, 500.00, '2018-01-01', '2018-10-31', 1, 'System', NULL, '2018-01-31 03:28:27', '2018-01-31 03:28:27'),
(475, 12, 3, 2, 2, 1, 2, 1, 9, 3000.00, 3000.00, 3700.00, 3700.00, 2590.00, 2590.00, 700.00, 700.00, 500.00, '2018-01-01', '2018-10-31', 1, 'System', NULL, '2018-01-31 03:28:27', '2018-01-31 03:28:27'),
(476, 12, 3, 3, 2, 1, 2, 1, 9, 2800.00, 2800.00, 3500.00, 3500.00, 2450.00, 2450.00, 700.00, 700.00, 500.00, '2018-01-01', '2018-10-31', 1, 'System', NULL, '2018-01-31 03:28:27', '2018-01-31 03:28:27'),
(477, 12, 3, 4, 1, 1, 2, 1, 10, 2700.00, 2700.00, 3300.00, 3300.00, 3300.00, 3300.00, 600.00, 600.00, 500.00, '2018-01-01', '2018-10-31', 1, 'System', NULL, '2018-01-31 03:28:27', '2018-01-31 03:28:27'),
(478, 12, 3, 1, 2, 1, 2, 1, 10, 3200.00, 3200.00, 3900.00, 3900.00, 3900.00, 3900.00, 700.00, 700.00, 500.00, '2018-01-01', '2018-10-31', 1, 'System', NULL, '2018-01-31 03:28:27', '2018-01-31 03:28:27'),
(479, 12, 3, 2, 2, 1, 2, 1, 10, 3000.00, 3000.00, 3700.00, 3700.00, 3700.00, 3700.00, 700.00, 700.00, 500.00, '2018-01-01', '2018-10-31', 1, 'System', NULL, '2018-01-31 03:28:27', '2018-01-31 03:28:27'),
(480, 12, 3, 3, 2, 1, 2, 1, 10, 2800.00, 2800.00, 3500.00, 3500.00, 3500.00, 3500.00, 700.00, 700.00, 500.00, '2018-01-01', '2018-10-31', 1, 'System', NULL, '2018-01-31 03:28:27', '2018-01-31 03:28:27'),
(481, 13, 4, 4, 1, 1, 2, 1, 1, 1350.00, 1350.00, 1700.00, 1700.00, 1700.00, 1700.00, 350.00, 350.00, 0.00, '2018-01-01', '2018-10-31', 1, 'System', NULL, '2018-01-31 03:28:27', '2018-01-31 03:28:27'),
(482, 13, 4, 1, 2, 1, 2, 1, 1, 2000.00, 2000.00, 2400.00, 2400.00, 2400.00, 2400.00, 400.00, 400.00, 0.00, '2018-01-01', '2018-10-31', 1, 'System', NULL, '2018-01-31 03:28:27', '2018-01-31 03:28:27'),
(483, 13, 4, 2, 2, 1, 2, 1, 1, 1700.00, 1700.00, 2100.00, 2100.00, 2100.00, 2100.00, 400.00, 400.00, 0.00, '2018-01-01', '2018-10-31', 1, 'System', NULL, '2018-01-31 03:28:28', '2018-01-31 03:28:28'),
(484, 13, 4, 3, 2, 1, 2, 1, 1, 1500.00, 1500.00, 1900.00, 1900.00, 1900.00, 1900.00, 400.00, 400.00, 0.00, '2018-01-01', '2018-10-31', 1, 'System', NULL, '2018-01-31 03:28:28', '2018-01-31 03:28:28'),
(485, 13, 4, 4, 1, 1, 2, 1, 2, 1350.00, 1350.00, 1700.00, 1700.00, 1350.00, 1350.00, 350.00, 350.00, 0.00, '2018-01-01', '2018-10-31', 1, 'System', NULL, '2018-01-31 03:28:28', '2018-01-31 03:28:28'),
(486, 13, 4, 1, 2, 1, 2, 1, 2, 2000.00, 2000.00, 2400.00, 2400.00, 2000.00, 2000.00, 400.00, 400.00, 0.00, '2018-01-01', '2018-10-31', 1, 'System', NULL, '2018-01-31 03:28:28', '2018-01-31 03:28:28'),
(487, 13, 4, 2, 2, 1, 2, 1, 2, 1700.00, 1700.00, 2100.00, 2100.00, 1700.00, 1700.00, 400.00, 400.00, 0.00, '2018-01-01', '2018-10-31', 1, 'System', NULL, '2018-01-31 03:28:28', '2018-01-31 03:28:28'),
(488, 13, 4, 3, 2, 1, 2, 1, 2, 1500.00, 1500.00, 1900.00, 1900.00, 1500.00, 1500.00, 400.00, 400.00, 0.00, '2018-01-01', '2018-10-31', 1, 'System', NULL, '2018-01-31 03:28:28', '2018-01-31 03:28:28'),
(489, 13, 4, 4, 1, 1, 2, 1, 3, 1391.75, 1397.75, 1700.00, 1700.00, 1391.75, 1397.75, 308.25, 302.25, 0.00, '2018-01-01', '2018-10-31', 1, 'System', NULL, '2018-01-31 03:28:28', '2018-01-31 03:28:28'),
(490, 13, 4, 1, 2, 1, 2, 1, 3, 2061.86, 2061.86, 2400.00, 2400.00, 2061.86, 2061.86, 338.14, 338.14, 0.00, '2018-01-01', '2018-10-31', 1, 'System', NULL, '2018-01-31 03:28:28', '2018-01-31 03:28:28'),
(491, 13, 4, 2, 2, 1, 2, 1, 3, 1752.58, 1752.58, 2100.00, 2100.00, 1752.58, 1752.58, 347.42, 347.42, 0.00, '2018-01-01', '2018-10-31', 1, 'System', NULL, '2018-01-31 03:28:28', '2018-01-31 03:28:28'),
(492, 13, 4, 3, 2, 1, 2, 1, 3, 1546.39, 1546.39, 1900.00, 1900.00, 1546.39, 1546.39, 353.61, 353.61, 0.00, '2018-01-01', '2018-10-31', 1, 'System', NULL, '2018-01-31 03:28:28', '2018-01-31 03:28:28'),
(493, 13, 4, 4, 1, 1, 2, 1, 4, 1400.00, 1400.00, 1700.00, 1700.00, 1400.00, 1400.00, 300.00, 300.00, 0.00, '2018-01-01', '2018-10-31', 1, 'System', NULL, '2018-01-31 03:28:28', '2018-01-31 03:28:28'),
(494, 13, 4, 1, 2, 1, 2, 1, 4, 2000.00, 2000.00, 2400.00, 2400.00, 2000.00, 2000.00, 400.00, 400.00, 0.00, '2018-01-01', '2018-10-31', 1, 'System', NULL, '2018-01-31 03:28:28', '2018-01-31 03:28:28'),
(495, 13, 4, 2, 2, 1, 2, 1, 4, 1700.00, 1700.00, 2100.00, 2100.00, 1700.00, 1700.00, 400.00, 400.00, 0.00, '2018-01-01', '2018-10-31', 1, 'System', NULL, '2018-01-31 03:28:28', '2018-01-31 03:28:28'),
(496, 13, 4, 3, 2, 1, 2, 1, 4, 1500.00, 1500.00, 1900.00, 1900.00, 1500.00, 1500.00, 400.00, 400.00, 0.00, '2018-01-01', '2018-10-31', 1, 'System', NULL, '2018-01-31 03:28:28', '2018-01-31 03:28:28'),
(497, 13, 4, 4, 1, 1, 2, 1, 5, 1443.30, 1443.30, 1700.00, 1700.00, 1443.30, 1443.30, 256.70, 256.70, 0.00, '2018-01-01', '2018-10-31', 1, 'System', NULL, '2018-01-31 03:28:28', '2018-01-31 03:28:28'),
(498, 13, 4, 1, 2, 1, 2, 1, 5, 2061.86, 2061.86, 2400.00, 2400.00, 2061.86, 2061.86, 338.14, 338.14, 0.00, '2018-01-01', '2018-10-31', 1, 'System', NULL, '2018-01-31 03:28:28', '2018-01-31 03:28:28'),
(499, 13, 4, 2, 2, 1, 2, 1, 5, 1752.58, 1752.58, 2100.00, 2100.00, 1752.58, 1752.58, 347.42, 347.42, 0.00, '2018-01-01', '2018-10-31', 1, 'System', NULL, '2018-01-31 03:28:29', '2018-01-31 03:28:29'),
(500, 13, 4, 3, 2, 1, 2, 1, 5, 1546.39, 1546.39, 1900.00, 1900.00, 1546.39, 1546.39, 353.61, 353.61, 0.00, '2018-01-01', '2018-10-31', 1, 'System', NULL, '2018-01-31 03:28:29', '2018-01-31 03:28:29'),
(501, 13, 4, 4, 1, 1, 2, 1, 6, 1350.00, 1350.00, 1700.00, 1700.00, 1445.00, 1445.00, 350.00, 350.00, 0.00, '2018-01-01', '2018-10-31', 1, 'System', NULL, '2018-01-31 03:28:29', '2018-01-31 03:28:29'),
(502, 13, 4, 1, 2, 1, 2, 1, 6, 2000.00, 2000.00, 2400.00, 2400.00, 2040.00, 2040.00, 400.00, 400.00, 0.00, '2018-01-01', '2018-10-31', 1, 'System', NULL, '2018-01-31 03:28:29', '2018-01-31 03:28:29');
INSERT INTO `configuration_tour_prices` (`id`, `tour_id`, `tour_category_id`, `tour_pax_id`, `tour_privacy_id`, `tour_type_id`, `tour_travel_time_type_id`, `transportation_id`, `payment_mode_id`, `net_price_adult`, `net_price_child`, `sell_price_adult`, `sell_price_child`, `adult_price`, `child_price`, `commission_adult`, `commission_child`, `single_riding`, `period_start`, `period_end`, `is_active`, `created_by`, `updated_by`, `created_at`, `updated_at`) VALUES
(503, 13, 4, 2, 2, 1, 2, 1, 6, 1700.00, 1700.00, 2100.00, 2100.00, 1785.00, 1785.00, 400.00, 400.00, 0.00, '2018-01-01', '2018-10-31', 1, 'System', NULL, '2018-01-31 03:28:29', '2018-01-31 03:28:29'),
(504, 13, 4, 3, 2, 1, 2, 1, 6, 1500.00, 1500.00, 1900.00, 1900.00, 1615.00, 1615.00, 400.00, 400.00, 0.00, '2018-01-01', '2018-10-31', 1, 'System', NULL, '2018-01-31 03:28:29', '2018-01-31 03:28:29'),
(505, 13, 4, 4, 1, 1, 2, 1, 7, 1350.00, 1350.00, 1700.00, 1700.00, 1360.00, 1360.00, 350.00, 350.00, 0.00, '2018-01-01', '2018-10-31', 1, 'System', NULL, '2018-01-31 03:28:29', '2018-01-31 03:28:29'),
(506, 13, 4, 1, 2, 1, 2, 1, 7, 2000.00, 2000.00, 2400.00, 2400.00, 1920.00, 1920.00, 400.00, 400.00, 0.00, '2018-01-01', '2018-10-31', 1, 'System', NULL, '2018-01-31 03:28:29', '2018-01-31 03:28:29'),
(507, 13, 4, 2, 2, 1, 2, 1, 7, 1700.00, 1700.00, 2100.00, 2100.00, 1680.00, 1680.00, 400.00, 400.00, 0.00, '2018-01-01', '2018-10-31', 1, 'System', NULL, '2018-01-31 03:28:29', '2018-01-31 03:28:29'),
(508, 13, 4, 3, 2, 1, 2, 1, 7, 1500.00, 1500.00, 1900.00, 1900.00, 1520.00, 1520.00, 400.00, 400.00, 0.00, '2018-01-01', '2018-10-31', 1, 'System', NULL, '2018-01-31 03:28:29', '2018-01-31 03:28:29'),
(509, 13, 4, 4, 1, 1, 2, 1, 8, 1350.00, 1350.00, 1700.00, 1700.00, 1275.00, 1275.00, 350.00, 350.00, 0.00, '2018-01-01', '2018-10-31', 1, 'System', NULL, '2018-01-31 03:28:29', '2018-01-31 03:28:29'),
(510, 13, 4, 1, 2, 1, 2, 1, 8, 2000.00, 2000.00, 2400.00, 2400.00, 1800.00, 1800.00, 400.00, 400.00, 0.00, '2018-01-01', '2018-10-31', 1, 'System', NULL, '2018-01-31 03:28:29', '2018-01-31 03:28:29'),
(511, 13, 4, 2, 2, 1, 2, 1, 8, 1700.00, 1700.00, 2100.00, 2100.00, 1575.00, 1575.00, 400.00, 400.00, 0.00, '2018-01-01', '2018-10-31', 1, 'System', NULL, '2018-01-31 03:28:29', '2018-01-31 03:28:29'),
(512, 13, 4, 3, 2, 1, 2, 1, 8, 1500.00, 1500.00, 1900.00, 1900.00, 1425.00, 1425.00, 400.00, 400.00, 0.00, '2018-01-01', '2018-10-31', 1, 'System', NULL, '2018-01-31 03:28:29', '2018-01-31 03:28:29'),
(513, 13, 4, 4, 1, 1, 2, 1, 9, 1350.00, 1350.00, 1700.00, 1700.00, 1190.00, 1190.00, 350.00, 350.00, 0.00, '2018-01-01', '2018-10-31', 1, 'System', NULL, '2018-01-31 03:28:29', '2018-01-31 03:28:29'),
(514, 13, 4, 1, 2, 1, 2, 1, 9, 2000.00, 2000.00, 2400.00, 2400.00, 1680.00, 1680.00, 400.00, 400.00, 0.00, '2018-01-01', '2018-10-31', 1, 'System', NULL, '2018-01-31 03:28:29', '2018-01-31 03:28:29'),
(515, 13, 4, 2, 2, 1, 2, 1, 9, 1700.00, 1700.00, 2100.00, 2100.00, 1470.00, 1470.00, 400.00, 400.00, 0.00, '2018-01-01', '2018-10-31', 1, 'System', NULL, '2018-01-31 03:28:29', '2018-01-31 03:28:29'),
(516, 13, 4, 3, 2, 1, 2, 1, 9, 1500.00, 1500.00, 1900.00, 1900.00, 1330.00, 1330.00, 400.00, 400.00, 0.00, '2018-01-01', '2018-10-31', 1, 'System', NULL, '2018-01-31 03:28:29', '2018-01-31 03:28:29'),
(517, 13, 4, 4, 1, 1, 2, 1, 10, 1350.00, 1350.00, 1700.00, 1700.00, 1700.00, 1700.00, 350.00, 350.00, 0.00, '2018-01-01', '2018-10-31', 1, 'System', NULL, '2018-01-31 03:28:29', '2018-01-31 03:28:29'),
(518, 13, 4, 1, 2, 1, 2, 1, 10, 2000.00, 2000.00, 2400.00, 2400.00, 2400.00, 2400.00, 400.00, 400.00, 0.00, '2018-01-01', '2018-10-31', 1, 'System', NULL, '2018-01-31 03:28:30', '2018-01-31 03:28:30'),
(519, 13, 4, 2, 2, 1, 2, 1, 10, 1700.00, 1700.00, 2100.00, 2100.00, 2100.00, 2100.00, 400.00, 400.00, 0.00, '2018-01-01', '2018-10-31', 1, 'System', NULL, '2018-01-31 03:28:30', '2018-01-31 03:28:30'),
(520, 13, 4, 3, 2, 1, 2, 1, 10, 1500.00, 1500.00, 1900.00, 1900.00, 1900.00, 1900.00, 400.00, 400.00, 0.00, '2018-01-01', '2018-10-31', 1, 'System', NULL, '2018-01-31 03:28:30', '2018-01-31 03:28:30'),
(521, 14, 4, 4, 1, 1, 4, 1, 1, 2400.00, 1500.00, 3100.00, 1900.00, 3100.00, 1900.00, 700.00, 400.00, 0.00, '2018-01-01', '2018-10-31', 1, 'System', NULL, '2018-01-31 03:28:30', '2018-01-31 03:28:30'),
(522, 14, 4, 1, 2, 1, 4, 1, 1, 3200.00, 1950.00, 3900.00, 2350.00, 3900.00, 2350.00, 700.00, 400.00, 0.00, '2018-01-01', '2018-10-31', 1, 'System', NULL, '2018-01-31 03:28:30', '2018-01-31 03:28:30'),
(523, 14, 4, 2, 2, 1, 4, 1, 1, 2700.00, 1800.00, 3400.00, 2200.00, 3400.00, 2200.00, 700.00, 400.00, 0.00, '2018-01-01', '2018-10-31', 1, 'System', NULL, '2018-01-31 03:28:30', '2018-01-31 03:28:30'),
(524, 14, 4, 3, 2, 1, 4, 1, 1, 2500.00, 1600.00, 3200.00, 2000.00, 3200.00, 2000.00, 700.00, 400.00, 0.00, '2018-01-01', '2018-10-31', 1, 'System', NULL, '2018-01-31 03:28:30', '2018-01-31 03:28:30'),
(525, 14, 4, 4, 1, 1, 4, 1, 2, 2400.00, 1500.00, 3100.00, 1900.00, 2400.00, 1500.00, 700.00, 400.00, 0.00, '2018-01-01', '2018-10-31', 1, 'System', NULL, '2018-01-31 03:28:30', '2018-01-31 03:28:30'),
(526, 14, 4, 1, 2, 1, 4, 1, 2, 3200.00, 1950.00, 3900.00, 2350.00, 3200.00, 1950.00, 700.00, 400.00, 0.00, '2018-01-01', '2018-10-31', 1, 'System', NULL, '2018-01-31 03:28:30', '2018-01-31 03:28:30'),
(527, 14, 4, 2, 2, 1, 4, 1, 2, 2700.00, 1800.00, 3400.00, 2200.00, 2700.00, 1800.00, 700.00, 400.00, 0.00, '2018-01-01', '2018-10-31', 1, 'System', NULL, '2018-01-31 03:28:30', '2018-01-31 03:28:30'),
(528, 14, 4, 3, 2, 1, 4, 1, 2, 2500.00, 1600.00, 3200.00, 2000.00, 2500.00, 1600.00, 700.00, 400.00, 0.00, '2018-01-01', '2018-10-31', 1, 'System', NULL, '2018-01-31 03:28:30', '2018-01-31 03:28:30'),
(529, 14, 4, 4, 1, 1, 4, 1, 3, 2474.23, 1546.39, 3100.00, 1900.00, 2474.23, 1546.39, 625.77, 353.61, 0.00, '2018-01-01', '2018-10-31', 1, 'System', NULL, '2018-01-31 03:28:30', '2018-01-31 03:28:30'),
(530, 14, 4, 1, 2, 1, 4, 1, 3, 3298.97, 2010.31, 3900.00, 2350.00, 3298.97, 2010.31, 601.03, 339.69, 0.00, '2018-01-01', '2018-10-31', 1, 'System', NULL, '2018-01-31 03:28:30', '2018-01-31 03:28:30'),
(531, 14, 4, 2, 2, 1, 4, 1, 3, 2783.51, 1855.67, 3400.00, 2200.00, 2783.51, 1855.67, 616.49, 344.33, 0.00, '2018-01-01', '2018-10-31', 1, 'System', NULL, '2018-01-31 03:28:30', '2018-01-31 03:28:30'),
(532, 14, 4, 3, 2, 1, 4, 1, 3, 2577.32, 1649.48, 3200.00, 2000.00, 2577.32, 1649.48, 622.68, 350.52, 0.00, '2018-01-01', '2018-10-31', 1, 'System', NULL, '2018-01-31 03:28:30', '2018-01-31 03:28:30'),
(533, 14, 4, 4, 1, 1, 4, 1, 4, 2500.00, 1550.00, 3100.00, 1900.00, 2500.00, 1550.00, 600.00, 350.00, 0.00, '2018-01-01', '2018-10-31', 1, 'System', NULL, '2018-01-31 03:28:30', '2018-01-31 03:28:30'),
(534, 14, 4, 1, 2, 1, 4, 1, 4, 3200.00, 1950.00, 3900.00, 2350.00, 3200.00, 1950.00, 700.00, 400.00, 0.00, '2018-01-01', '2018-10-31', 1, 'System', NULL, '2018-01-31 03:28:31', '2018-01-31 03:28:31'),
(535, 14, 4, 2, 2, 1, 4, 1, 4, 2700.00, 1800.00, 3400.00, 2200.00, 2700.00, 1800.00, 700.00, 400.00, 0.00, '2018-01-01', '2018-10-31', 1, 'System', NULL, '2018-01-31 03:28:31', '2018-01-31 03:28:31'),
(536, 14, 4, 3, 2, 1, 4, 1, 4, 2500.00, 1600.00, 3200.00, 2000.00, 2500.00, 1600.00, 700.00, 400.00, 0.00, '2018-01-01', '2018-10-31', 1, 'System', NULL, '2018-01-31 03:28:31', '2018-01-31 03:28:31'),
(537, 14, 4, 4, 1, 1, 4, 1, 5, 2577.32, 1597.94, 3100.00, 1900.00, 2577.32, 1597.94, 522.68, 302.06, 0.00, '2018-01-01', '2018-10-31', 1, 'System', NULL, '2018-01-31 03:28:31', '2018-01-31 03:28:31'),
(538, 14, 4, 1, 2, 1, 4, 1, 5, 3298.97, 2010.31, 3900.00, 2350.00, 3298.97, 2010.31, 601.03, 339.69, 0.00, '2018-01-01', '2018-10-31', 1, 'System', NULL, '2018-01-31 03:28:31', '2018-01-31 03:28:31'),
(539, 14, 4, 2, 2, 1, 4, 1, 5, 2783.51, 1855.67, 3400.00, 2200.00, 2783.51, 1855.67, 616.49, 344.33, 0.00, '2018-01-01', '2018-10-31', 1, 'System', NULL, '2018-01-31 03:28:31', '2018-01-31 03:28:31'),
(540, 14, 4, 3, 2, 1, 4, 1, 5, 2577.32, 1649.48, 3200.00, 2000.00, 2577.32, 1649.48, 622.68, 350.52, 0.00, '2018-01-01', '2018-10-31', 1, 'System', NULL, '2018-01-31 03:28:31', '2018-01-31 03:28:31'),
(541, 14, 4, 4, 1, 1, 4, 1, 6, 2400.00, 1500.00, 3100.00, 1900.00, 2635.00, 1615.00, 700.00, 400.00, 0.00, '2018-01-01', '2018-10-31', 1, 'System', NULL, '2018-01-31 03:28:31', '2018-01-31 03:28:31'),
(542, 14, 4, 1, 2, 1, 4, 1, 6, 3200.00, 1950.00, 3900.00, 2350.00, 3315.00, 1997.50, 700.00, 400.00, 0.00, '2018-01-01', '2018-10-31', 1, 'System', NULL, '2018-01-31 03:28:31', '2018-01-31 03:28:31'),
(543, 14, 4, 2, 2, 1, 4, 1, 6, 2700.00, 1800.00, 3400.00, 2200.00, 2890.00, 1870.00, 700.00, 400.00, 0.00, '2018-01-01', '2018-10-31', 1, 'System', NULL, '2018-01-31 03:28:31', '2018-01-31 03:28:31'),
(544, 14, 4, 3, 2, 1, 4, 1, 6, 2500.00, 1600.00, 3200.00, 2000.00, 2720.00, 1700.00, 700.00, 400.00, 0.00, '2018-01-01', '2018-10-31', 1, 'System', NULL, '2018-01-31 03:28:31', '2018-01-31 03:28:31'),
(545, 14, 4, 4, 1, 1, 4, 1, 7, 2400.00, 1500.00, 3100.00, 1900.00, 2480.00, 1520.00, 700.00, 400.00, 0.00, '2018-01-01', '2018-10-31', 1, 'System', NULL, '2018-01-31 03:28:31', '2018-01-31 03:28:31'),
(546, 14, 4, 1, 2, 1, 4, 1, 7, 3200.00, 1950.00, 3900.00, 2350.00, 3120.00, 1880.00, 700.00, 400.00, 0.00, '2018-01-01', '2018-10-31', 1, 'System', NULL, '2018-01-31 03:28:31', '2018-01-31 03:28:31'),
(547, 14, 4, 2, 2, 1, 4, 1, 7, 2700.00, 1800.00, 3400.00, 2200.00, 2720.00, 1760.00, 700.00, 400.00, 0.00, '2018-01-01', '2018-10-31', 1, 'System', NULL, '2018-01-31 03:28:31', '2018-01-31 03:28:31'),
(548, 14, 4, 3, 2, 1, 4, 1, 7, 2500.00, 1600.00, 3200.00, 2000.00, 2560.00, 1600.00, 700.00, 400.00, 0.00, '2018-01-01', '2018-10-31', 1, 'System', NULL, '2018-01-31 03:28:31', '2018-01-31 03:28:31'),
(549, 14, 4, 4, 1, 1, 4, 1, 8, 2400.00, 1500.00, 3100.00, 1900.00, 2325.00, 1425.00, 700.00, 400.00, 0.00, '2018-01-01', '2018-10-31', 1, 'System', NULL, '2018-01-31 03:28:31', '2018-01-31 03:28:31'),
(550, 14, 4, 1, 2, 1, 4, 1, 8, 3200.00, 1950.00, 3900.00, 2350.00, 2925.00, 1762.50, 700.00, 400.00, 0.00, '2018-01-01', '2018-10-31', 1, 'System', NULL, '2018-01-31 03:28:32', '2018-01-31 03:28:32'),
(551, 14, 4, 2, 2, 1, 4, 1, 8, 2700.00, 1800.00, 3400.00, 2200.00, 2550.00, 1650.00, 700.00, 400.00, 0.00, '2018-01-01', '2018-10-31', 1, 'System', NULL, '2018-01-31 03:28:32', '2018-01-31 03:28:32'),
(552, 14, 4, 3, 2, 1, 4, 1, 8, 2500.00, 1600.00, 3200.00, 2000.00, 2400.00, 1500.00, 700.00, 400.00, 0.00, '2018-01-01', '2018-10-31', 1, 'System', NULL, '2018-01-31 03:28:32', '2018-01-31 03:28:32'),
(553, 14, 4, 4, 1, 1, 4, 1, 9, 2400.00, 1500.00, 3100.00, 1900.00, 2170.00, 1330.00, 700.00, 400.00, 0.00, '2018-01-01', '2018-10-31', 1, 'System', NULL, '2018-01-31 03:28:32', '2018-01-31 03:28:32'),
(554, 14, 4, 1, 2, 1, 4, 1, 9, 3200.00, 1950.00, 3900.00, 2350.00, 2730.00, 1645.00, 700.00, 400.00, 0.00, '2018-01-01', '2018-10-31', 1, 'System', NULL, '2018-01-31 03:28:32', '2018-01-31 03:28:32'),
(555, 14, 4, 2, 2, 1, 4, 1, 9, 2700.00, 1800.00, 3400.00, 2200.00, 2380.00, 1540.00, 700.00, 400.00, 0.00, '2018-01-01', '2018-10-31', 1, 'System', NULL, '2018-01-31 03:28:32', '2018-01-31 03:28:32'),
(556, 14, 4, 3, 2, 1, 4, 1, 9, 2500.00, 1600.00, 3200.00, 2000.00, 2240.00, 1400.00, 700.00, 400.00, 0.00, '2018-01-01', '2018-10-31', 1, 'System', NULL, '2018-01-31 03:28:32', '2018-01-31 03:28:32'),
(557, 14, 4, 4, 1, 1, 4, 1, 10, 2400.00, 1500.00, 3100.00, 1900.00, 3100.00, 1900.00, 700.00, 400.00, 0.00, '2018-01-01', '2018-10-31', 1, 'System', NULL, '2018-01-31 03:28:32', '2018-01-31 03:28:32'),
(558, 14, 4, 1, 2, 1, 4, 1, 10, 3200.00, 1950.00, 3900.00, 2350.00, 3900.00, 2350.00, 700.00, 400.00, 0.00, '2018-01-01', '2018-10-31', 1, 'System', NULL, '2018-01-31 03:28:32', '2018-01-31 03:28:32'),
(559, 14, 4, 2, 2, 1, 4, 1, 10, 2700.00, 1800.00, 3400.00, 2200.00, 3400.00, 2200.00, 700.00, 400.00, 0.00, '2018-01-01', '2018-10-31', 1, 'System', NULL, '2018-01-31 03:28:32', '2018-01-31 03:28:32'),
(560, 14, 4, 3, 2, 1, 4, 1, 10, 2500.00, 1600.00, 3200.00, 2000.00, 3200.00, 2000.00, 700.00, 400.00, 0.00, '2018-01-01', '2018-10-31', 1, 'System', NULL, '2018-01-31 03:28:32', '2018-01-31 03:28:32'),
(561, 15, 4, 4, 1, 1, 4, 1, 1, 1100.00, 750.00, 1400.00, 950.00, 1400.00, 950.00, 300.00, 200.00, 0.00, '2018-01-01', '2018-10-31', 1, 'System', NULL, '2018-01-31 03:28:32', '2018-01-31 03:28:32'),
(562, 15, 4, 1, 2, 1, 4, 1, 1, 1600.00, 950.00, 2000.00, 1200.00, 2000.00, 1200.00, 400.00, 250.00, 0.00, '2018-01-01', '2018-10-31', 1, 'System', NULL, '2018-01-31 03:28:32', '2018-01-31 03:28:32'),
(563, 15, 4, 2, 2, 1, 4, 1, 1, 1400.00, 850.00, 1800.00, 1100.00, 1800.00, 1100.00, 400.00, 250.00, 0.00, '2018-01-01', '2018-10-31', 1, 'System', NULL, '2018-01-31 03:28:32', '2018-01-31 03:28:32'),
(564, 15, 4, 3, 2, 1, 4, 1, 1, 1200.00, 800.00, 1600.00, 1050.00, 1600.00, 1050.00, 400.00, 250.00, 0.00, '2018-01-01', '2018-10-31', 1, 'System', NULL, '2018-01-31 03:28:32', '2018-01-31 03:28:32'),
(565, 15, 4, 4, 1, 1, 4, 1, 2, 1100.00, 750.00, 1400.00, 950.00, 1100.00, 750.00, 300.00, 200.00, 0.00, '2018-01-01', '2018-10-31', 1, 'System', NULL, '2018-01-31 03:28:32', '2018-01-31 03:28:32'),
(566, 15, 4, 1, 2, 1, 4, 1, 2, 1600.00, 950.00, 2000.00, 1200.00, 1600.00, 950.00, 400.00, 250.00, 0.00, '2018-01-01', '2018-10-31', 1, 'System', NULL, '2018-01-31 03:28:32', '2018-01-31 03:28:32'),
(567, 15, 4, 2, 2, 1, 4, 1, 2, 1400.00, 850.00, 1800.00, 1100.00, 1400.00, 850.00, 400.00, 250.00, 0.00, '2018-01-01', '2018-10-31', 1, 'System', NULL, '2018-01-31 03:28:32', '2018-01-31 03:28:32'),
(568, 15, 4, 3, 2, 1, 4, 1, 2, 1200.00, 800.00, 1600.00, 1050.00, 1200.00, 800.00, 400.00, 250.00, 0.00, '2018-01-01', '2018-10-31', 1, 'System', NULL, '2018-01-31 03:28:32', '2018-01-31 03:28:32'),
(569, 15, 4, 4, 1, 1, 4, 1, 3, 1134.02, 773.20, 1400.00, 950.00, 1134.02, 773.20, 265.98, 176.80, 0.00, '2018-01-01', '2018-10-31', 1, 'System', NULL, '2018-01-31 03:28:32', '2018-01-31 03:28:32'),
(570, 15, 4, 1, 2, 1, 4, 1, 3, 1649.48, 979.38, 2000.00, 1200.00, 1649.48, 979.38, 350.52, 220.62, 0.00, '2018-01-01', '2018-10-31', 1, 'System', NULL, '2018-01-31 03:28:33', '2018-01-31 03:28:33'),
(571, 15, 4, 2, 2, 1, 4, 1, 3, 1443.30, 876.29, 1800.00, 1100.00, 1443.30, 876.29, 356.70, 223.71, 0.00, '2018-01-01', '2018-10-31', 1, 'System', NULL, '2018-01-31 03:28:33', '2018-01-31 03:28:33'),
(572, 15, 4, 3, 2, 1, 4, 1, 3, 1237.11, 824.74, 1600.00, 1050.00, 1237.11, 824.74, 362.89, 225.26, 0.00, '2018-01-01', '2018-10-31', 1, 'System', NULL, '2018-01-31 03:28:33', '2018-01-31 03:28:33'),
(573, 15, 4, 4, 1, 1, 4, 1, 4, 1150.00, 800.00, 1400.00, 950.00, 1150.00, 800.00, 250.00, 150.00, 0.00, '2018-01-01', '2018-10-31', 1, 'System', NULL, '2018-01-31 03:28:33', '2018-01-31 03:28:33'),
(574, 15, 4, 1, 2, 1, 4, 1, 4, 1600.00, 950.00, 2000.00, 1200.00, 1600.00, 950.00, 400.00, 250.00, 0.00, '2018-01-01', '2018-10-31', 1, 'System', NULL, '2018-01-31 03:28:33', '2018-01-31 03:28:33'),
(575, 15, 4, 2, 2, 1, 4, 1, 4, 1400.00, 850.00, 1800.00, 1100.00, 1400.00, 850.00, 400.00, 250.00, 0.00, '2018-01-01', '2018-10-31', 1, 'System', NULL, '2018-01-31 03:28:33', '2018-01-31 03:28:33'),
(576, 15, 4, 3, 2, 1, 4, 1, 4, 1200.00, 800.00, 1600.00, 1050.00, 1200.00, 800.00, 400.00, 250.00, 0.00, '2018-01-01', '2018-10-31', 1, 'System', NULL, '2018-01-31 03:28:33', '2018-01-31 03:28:33'),
(577, 15, 4, 4, 1, 1, 4, 1, 5, 1185.57, 824.74, 1400.00, 950.00, 1185.57, 824.74, 214.43, 125.26, 0.00, '2018-01-01', '2018-10-31', 1, 'System', NULL, '2018-01-31 03:28:33', '2018-01-31 03:28:33'),
(578, 15, 4, 1, 2, 1, 4, 1, 5, 1649.48, 979.38, 2000.00, 1200.00, 1649.48, 979.38, 350.52, 220.62, 0.00, '2018-01-01', '2018-10-31', 1, 'System', NULL, '2018-01-31 03:28:33', '2018-01-31 03:28:33'),
(579, 15, 4, 2, 2, 1, 4, 1, 5, 1443.30, 876.29, 1800.00, 1100.00, 1443.30, 876.29, 356.70, 223.71, 0.00, '2018-01-01', '2018-10-31', 1, 'System', NULL, '2018-01-31 03:28:33', '2018-01-31 03:28:33'),
(580, 15, 4, 3, 2, 1, 4, 1, 5, 1237.11, 773.20, 1600.00, 1050.00, 1237.11, 773.20, 362.89, 276.80, 0.00, '2018-01-01', '2018-10-31', 1, 'System', NULL, '2018-01-31 03:28:33', '2018-01-31 03:28:33'),
(581, 15, 4, 4, 1, 1, 4, 1, 6, 1100.00, 750.00, 1400.00, 950.00, 1190.00, 807.50, 300.00, 200.00, 0.00, '2018-01-01', '2018-10-31', 1, 'System', NULL, '2018-01-31 03:28:33', '2018-01-31 03:28:33'),
(582, 15, 4, 1, 2, 1, 4, 1, 6, 1600.00, 950.00, 2000.00, 1200.00, 1700.00, 1020.00, 400.00, 250.00, 0.00, '2018-01-01', '2018-10-31', 1, 'System', NULL, '2018-01-31 03:28:33', '2018-01-31 03:28:33'),
(583, 15, 4, 2, 2, 1, 4, 1, 6, 1400.00, 850.00, 1800.00, 1100.00, 1530.00, 935.00, 400.00, 250.00, 0.00, '2018-01-01', '2018-10-31', 1, 'System', NULL, '2018-01-31 03:28:33', '2018-01-31 03:28:33'),
(584, 15, 4, 3, 2, 1, 4, 1, 6, 1200.00, 800.00, 1600.00, 1050.00, 1360.00, 892.50, 400.00, 250.00, 0.00, '2018-01-01', '2018-10-31', 1, 'System', NULL, '2018-01-31 03:28:33', '2018-01-31 03:28:33'),
(585, 15, 4, 4, 1, 1, 4, 1, 7, 1100.00, 750.00, 1400.00, 950.00, 1120.00, 760.00, 300.00, 200.00, 0.00, '2018-01-01', '2018-10-31', 1, 'System', NULL, '2018-01-31 03:28:33', '2018-01-31 03:28:33'),
(586, 15, 4, 1, 2, 1, 4, 1, 7, 1600.00, 950.00, 2000.00, 1200.00, 1600.00, 960.00, 400.00, 250.00, 0.00, '2018-01-01', '2018-10-31', 1, 'System', NULL, '2018-01-31 03:28:33', '2018-01-31 03:28:33'),
(587, 15, 4, 2, 2, 1, 4, 1, 7, 1400.00, 850.00, 1800.00, 1100.00, 1440.00, 880.00, 400.00, 250.00, 0.00, '2018-01-01', '2018-10-31', 1, 'System', NULL, '2018-01-31 03:28:34', '2018-01-31 03:28:34'),
(588, 15, 4, 3, 2, 1, 4, 1, 7, 1200.00, 800.00, 1600.00, 1050.00, 1280.00, 840.00, 400.00, 250.00, 0.00, '2018-01-01', '2018-10-31', 1, 'System', NULL, '2018-01-31 03:28:34', '2018-01-31 03:28:34'),
(589, 15, 4, 4, 1, 1, 4, 1, 8, 1100.00, 750.00, 1400.00, 950.00, 1050.00, 712.50, 300.00, 200.00, 0.00, '2018-01-01', '2018-10-31', 1, 'System', NULL, '2018-01-31 03:28:34', '2018-01-31 03:28:34'),
(590, 15, 4, 1, 2, 1, 4, 1, 8, 1600.00, 950.00, 2000.00, 1200.00, 1500.00, 900.00, 400.00, 250.00, 0.00, '2018-01-01', '2018-10-31', 1, 'System', NULL, '2018-01-31 03:28:34', '2018-01-31 03:28:34'),
(591, 15, 4, 2, 2, 1, 4, 1, 8, 1400.00, 850.00, 1800.00, 1100.00, 1350.00, 825.00, 400.00, 250.00, 0.00, '2018-01-01', '2018-10-31', 1, 'System', NULL, '2018-01-31 03:28:34', '2018-01-31 03:28:34'),
(592, 15, 4, 3, 2, 1, 4, 1, 8, 1200.00, 800.00, 1600.00, 1050.00, 1200.00, 787.50, 400.00, 250.00, 0.00, '2018-01-01', '2018-10-31', 1, 'System', NULL, '2018-01-31 03:28:34', '2018-01-31 03:28:34'),
(593, 15, 4, 4, 1, 1, 4, 1, 9, 1100.00, 750.00, 1400.00, 950.00, 980.00, 665.00, 300.00, 200.00, 0.00, '2018-01-01', '2018-10-31', 1, 'System', NULL, '2018-01-31 03:28:34', '2018-01-31 03:28:34'),
(594, 15, 4, 1, 2, 1, 4, 1, 9, 1600.00, 950.00, 2000.00, 1200.00, 1400.00, 840.00, 400.00, 250.00, 0.00, '2018-01-01', '2018-10-31', 1, 'System', NULL, '2018-01-31 03:28:34', '2018-01-31 03:28:34'),
(595, 15, 4, 2, 2, 1, 4, 1, 9, 1400.00, 850.00, 1800.00, 1100.00, 1260.00, 770.00, 400.00, 250.00, 0.00, '2018-01-01', '2018-10-31', 1, 'System', NULL, '2018-01-31 03:28:34', '2018-01-31 03:28:34'),
(596, 15, 4, 3, 2, 1, 4, 1, 9, 1200.00, 800.00, 1600.00, 1050.00, 1120.00, 735.00, 400.00, 250.00, 0.00, '2018-01-01', '2018-10-31', 1, 'System', NULL, '2018-01-31 03:28:34', '2018-01-31 03:28:34'),
(597, 15, 4, 4, 1, 1, 4, 1, 10, 1100.00, 750.00, 1400.00, 950.00, 1400.00, 950.00, 300.00, 200.00, 0.00, '2018-01-01', '2018-10-31', 1, 'System', NULL, '2018-01-31 03:28:34', '2018-01-31 03:28:34'),
(598, 15, 4, 1, 2, 1, 4, 1, 10, 1600.00, 950.00, 2000.00, 1200.00, 2000.00, 1200.00, 400.00, 250.00, 0.00, '2018-01-01', '2018-10-31', 1, 'System', NULL, '2018-01-31 03:28:34', '2018-01-31 03:28:34'),
(599, 15, 4, 2, 2, 1, 4, 1, 10, 1400.00, 850.00, 1800.00, 1100.00, 1800.00, 1100.00, 400.00, 250.00, 0.00, '2018-01-01', '2018-10-31', 1, 'System', NULL, '2018-01-31 03:28:34', '2018-01-31 03:28:34'),
(600, 15, 4, 3, 2, 1, 4, 1, 10, 1200.00, 800.00, 1600.00, 1050.00, 1600.00, 1050.00, 400.00, 250.00, 0.00, '2018-01-01', '2018-10-31', 1, 'System', NULL, '2018-01-31 03:28:34', '2018-01-31 03:28:34'),
(601, 16, 4, 4, 1, 1, 4, 1, 1, 1300.00, 850.00, 1600.00, 1050.00, 1600.00, 1050.00, 300.00, 200.00, 0.00, '2018-01-01', '2018-10-31', 1, 'System', NULL, '2018-01-31 03:28:34', '2018-01-31 03:28:34'),
(602, 16, 4, 1, 2, 1, 4, 1, 1, 1800.00, 1050.00, 2200.00, 1300.00, 2200.00, 1300.00, 400.00, 250.00, 0.00, '2018-01-01', '2018-10-31', 1, 'System', NULL, '2018-01-31 03:28:34', '2018-01-31 03:28:34'),
(603, 16, 4, 2, 2, 1, 4, 1, 1, 1600.00, 950.00, 2000.00, 1200.00, 2000.00, 1200.00, 400.00, 250.00, 0.00, '2018-01-01', '2018-10-31', 1, 'System', NULL, '2018-01-31 03:28:34', '2018-01-31 03:28:34'),
(604, 16, 4, 3, 2, 1, 4, 1, 1, 1400.00, 900.00, 1800.00, 1150.00, 1800.00, 1150.00, 400.00, 250.00, 0.00, '2018-01-01', '2018-10-31', 1, 'System', NULL, '2018-01-31 03:28:34', '2018-01-31 03:28:34'),
(605, 16, 4, 4, 1, 1, 4, 1, 2, 1300.00, 850.00, 1600.00, 1050.00, 1300.00, 850.00, 300.00, 200.00, 0.00, '2018-01-01', '2018-10-31', 1, 'System', NULL, '2018-01-31 03:28:34', '2018-01-31 03:28:34'),
(606, 16, 4, 1, 2, 1, 4, 1, 2, 1800.00, 1050.00, 2200.00, 1300.00, 1800.00, 1050.00, 400.00, 250.00, 0.00, '2018-01-01', '2018-10-31', 1, 'System', NULL, '2018-01-31 03:28:35', '2018-01-31 03:28:35'),
(607, 16, 4, 2, 2, 1, 4, 1, 2, 1600.00, 950.00, 2000.00, 1200.00, 1600.00, 950.00, 400.00, 250.00, 0.00, '2018-01-01', '2018-10-31', 1, 'System', NULL, '2018-01-31 03:28:35', '2018-01-31 03:28:35'),
(608, 16, 4, 3, 2, 1, 4, 1, 2, 1400.00, 900.00, 1800.00, 1150.00, 1400.00, 900.00, 400.00, 250.00, 0.00, '2018-01-01', '2018-10-31', 1, 'System', NULL, '2018-01-31 03:28:35', '2018-01-31 03:28:35'),
(609, 16, 4, 4, 1, 1, 4, 1, 3, 1340.21, 876.29, 1600.00, 1050.00, 1340.21, 876.29, 259.79, 173.71, 0.00, '2018-01-01', '2018-10-31', 1, 'System', NULL, '2018-01-31 03:28:35', '2018-01-31 03:28:35'),
(610, 16, 4, 1, 2, 1, 4, 1, 3, 1855.67, 1082.47, 2200.00, 1300.00, 1855.67, 1082.47, 344.33, 217.53, 0.00, '2018-01-01', '2018-10-31', 1, 'System', NULL, '2018-01-31 03:28:35', '2018-01-31 03:28:35'),
(611, 16, 4, 2, 2, 1, 4, 1, 3, 1649.48, 979.38, 2000.00, 1200.00, 1649.48, 979.38, 350.52, 220.62, 0.00, '2018-01-01', '2018-10-31', 1, 'System', NULL, '2018-01-31 03:28:35', '2018-01-31 03:28:35'),
(612, 16, 4, 3, 2, 1, 4, 1, 3, 1443.30, 927.83, 1800.00, 1150.00, 1443.30, 927.83, 356.70, 222.17, 0.00, '2018-01-01', '2018-10-31', 1, 'System', NULL, '2018-01-31 03:28:35', '2018-01-31 03:28:35'),
(613, 16, 4, 4, 1, 1, 4, 1, 4, 1350.00, 900.00, 1600.00, 1050.00, 1350.00, 900.00, 250.00, 150.00, 0.00, '2018-01-01', '2018-10-31', 1, 'System', NULL, '2018-01-31 03:28:35', '2018-01-31 03:28:35'),
(614, 16, 4, 1, 2, 1, 4, 1, 4, 1800.00, 1050.00, 2200.00, 1300.00, 1800.00, 1050.00, 400.00, 250.00, 0.00, '2018-01-01', '2018-10-31', 1, 'System', NULL, '2018-01-31 03:28:35', '2018-01-31 03:28:35'),
(615, 16, 4, 2, 2, 1, 4, 1, 4, 1600.00, 950.00, 2000.00, 1200.00, 1600.00, 950.00, 400.00, 250.00, 0.00, '2018-01-01', '2018-10-31', 1, 'System', NULL, '2018-01-31 03:28:35', '2018-01-31 03:28:35'),
(616, 16, 4, 3, 2, 1, 4, 1, 4, 1400.00, 900.00, 1800.00, 1150.00, 1400.00, 900.00, 400.00, 250.00, 0.00, '2018-01-01', '2018-10-31', 1, 'System', NULL, '2018-01-31 03:28:35', '2018-01-31 03:28:35'),
(617, 16, 4, 4, 1, 1, 4, 1, 5, 1391.75, 927.84, 1600.00, 1050.00, 1391.75, 927.84, 208.25, 122.16, 0.00, '2018-01-01', '2018-10-31', 1, 'System', NULL, '2018-01-31 03:28:35', '2018-01-31 03:28:35'),
(618, 16, 4, 1, 2, 1, 4, 1, 5, 1855.67, 1082.47, 2200.00, 1300.00, 1855.67, 1082.47, 344.33, 217.53, 0.00, '2018-01-01', '2018-10-31', 1, 'System', NULL, '2018-01-31 03:28:35', '2018-01-31 03:28:35'),
(619, 16, 4, 2, 2, 1, 4, 1, 5, 1649.48, 979.38, 2000.00, 1200.00, 1649.48, 979.38, 350.52, 220.62, 0.00, '2018-01-01', '2018-10-31', 1, 'System', NULL, '2018-01-31 03:28:36', '2018-01-31 03:28:36'),
(620, 16, 4, 3, 2, 1, 4, 1, 5, 1443.30, 876.29, 1800.00, 1150.00, 1443.30, 876.29, 356.70, 273.71, 0.00, '2018-01-01', '2018-10-31', 1, 'System', NULL, '2018-01-31 03:28:36', '2018-01-31 03:28:36'),
(621, 16, 4, 4, 1, 1, 4, 1, 6, 1300.00, 850.00, 1600.00, 1050.00, 1360.00, 892.50, 300.00, 200.00, 0.00, '2018-01-01', '2018-10-31', 1, 'System', NULL, '2018-01-31 03:28:36', '2018-01-31 03:28:36'),
(622, 16, 4, 1, 2, 1, 4, 1, 6, 1800.00, 1050.00, 2200.00, 1300.00, 1870.00, 1105.00, 400.00, 250.00, 0.00, '2018-01-01', '2018-10-31', 1, 'System', NULL, '2018-01-31 03:28:36', '2018-01-31 03:28:36'),
(623, 16, 4, 2, 2, 1, 4, 1, 6, 1600.00, 950.00, 2000.00, 1200.00, 1700.00, 1020.00, 400.00, 250.00, 0.00, '2018-01-01', '2018-10-31', 1, 'System', NULL, '2018-01-31 03:28:36', '2018-01-31 03:28:36'),
(624, 16, 4, 3, 2, 1, 4, 1, 6, 1400.00, 900.00, 1800.00, 1150.00, 1530.00, 977.50, 400.00, 250.00, 0.00, '2018-01-01', '2018-10-31', 1, 'System', NULL, '2018-01-31 03:28:36', '2018-01-31 03:28:36'),
(625, 16, 4, 4, 1, 1, 4, 1, 7, 1300.00, 850.00, 1600.00, 1050.00, 1280.00, 840.00, 300.00, 200.00, 0.00, '2018-01-01', '2018-10-31', 1, 'System', NULL, '2018-01-31 03:28:36', '2018-01-31 03:28:36'),
(626, 16, 4, 1, 2, 1, 4, 1, 7, 1800.00, 1050.00, 2200.00, 1300.00, 1760.00, 1040.00, 400.00, 250.00, 0.00, '2018-01-01', '2018-10-31', 1, 'System', NULL, '2018-01-31 03:28:36', '2018-01-31 03:28:36'),
(627, 16, 4, 2, 2, 1, 4, 1, 7, 1600.00, 950.00, 2000.00, 1200.00, 1600.00, 960.00, 400.00, 250.00, 0.00, '2018-01-01', '2018-10-31', 1, 'System', NULL, '2018-01-31 03:28:36', '2018-01-31 03:28:36'),
(628, 16, 4, 3, 2, 1, 4, 1, 7, 1400.00, 900.00, 1800.00, 1150.00, 1440.00, 920.00, 400.00, 250.00, 0.00, '2018-01-01', '2018-10-31', 1, 'System', NULL, '2018-01-31 03:28:37', '2018-01-31 03:28:37'),
(629, 16, 4, 4, 1, 1, 4, 1, 8, 1300.00, 850.00, 1600.00, 1050.00, 1200.00, 787.50, 300.00, 200.00, 0.00, '2018-01-01', '2018-10-31', 1, 'System', NULL, '2018-01-31 03:28:37', '2018-01-31 03:28:37'),
(630, 16, 4, 1, 2, 1, 4, 1, 8, 1800.00, 1050.00, 2200.00, 1300.00, 1650.00, 975.00, 400.00, 250.00, 0.00, '2018-01-01', '2018-10-31', 1, 'System', NULL, '2018-01-31 03:28:37', '2018-01-31 03:28:37'),
(631, 16, 4, 2, 2, 1, 4, 1, 8, 1600.00, 950.00, 2000.00, 1200.00, 1500.00, 900.00, 400.00, 250.00, 0.00, '2018-01-01', '2018-10-31', 1, 'System', NULL, '2018-01-31 03:28:37', '2018-01-31 03:28:37'),
(632, 16, 4, 3, 2, 1, 4, 1, 8, 1400.00, 900.00, 1800.00, 1150.00, 1350.00, 862.50, 400.00, 250.00, 0.00, '2018-01-01', '2018-10-31', 1, 'System', NULL, '2018-01-31 03:28:37', '2018-01-31 03:28:37'),
(633, 16, 4, 4, 1, 1, 4, 1, 9, 1300.00, 850.00, 1600.00, 1050.00, 1120.00, 735.00, 300.00, 200.00, 0.00, '2018-01-01', '2018-10-31', 1, 'System', NULL, '2018-01-31 03:28:37', '2018-01-31 03:28:37'),
(634, 16, 4, 1, 2, 1, 4, 1, 9, 1800.00, 1050.00, 2200.00, 1300.00, 1540.00, 910.00, 400.00, 250.00, 0.00, '2018-01-01', '2018-10-31', 1, 'System', NULL, '2018-01-31 03:28:37', '2018-01-31 03:28:37'),
(635, 16, 4, 2, 2, 1, 4, 1, 9, 1600.00, 950.00, 2000.00, 1200.00, 1400.00, 840.00, 400.00, 250.00, 0.00, '2018-01-01', '2018-10-31', 1, 'System', NULL, '2018-01-31 03:28:37', '2018-01-31 03:28:37'),
(636, 16, 4, 3, 2, 1, 4, 1, 9, 1400.00, 900.00, 1800.00, 1150.00, 1260.00, 805.00, 400.00, 250.00, 0.00, '2018-01-01', '2018-10-31', 1, 'System', NULL, '2018-01-31 03:28:37', '2018-01-31 03:28:37'),
(637, 16, 4, 4, 1, 1, 4, 1, 10, 1300.00, 850.00, 1600.00, 1050.00, 1600.00, 1050.00, 300.00, 200.00, 0.00, '2018-01-01', '2018-10-31', 1, 'System', NULL, '2018-01-31 03:28:37', '2018-01-31 03:28:37'),
(638, 16, 4, 1, 2, 1, 4, 1, 10, 1800.00, 1050.00, 2200.00, 1300.00, 2200.00, 1300.00, 400.00, 250.00, 0.00, '2018-01-01', '2018-10-31', 1, 'System', NULL, '2018-01-31 03:28:37', '2018-01-31 03:28:37'),
(639, 16, 4, 2, 2, 1, 4, 1, 10, 1600.00, 950.00, 2000.00, 1200.00, 2000.00, 1200.00, 400.00, 250.00, 0.00, '2018-01-01', '2018-10-31', 1, 'System', NULL, '2018-01-31 03:28:38', '2018-01-31 03:28:38'),
(640, 16, 4, 3, 2, 1, 4, 1, 10, 1400.00, 900.00, 1800.00, 1150.00, 1800.00, 1150.00, 400.00, 250.00, 0.00, '2018-01-01', '2018-10-31', 1, 'System', NULL, '2018-01-31 03:28:38', '2018-01-31 03:28:38'),
(641, 17, 2, 4, 1, 1, 1, 1, 7, 1100.00, 715.00, 1100.00, 715.00, 880.00, 572.00, 0.00, 0.00, 0.00, '2018-01-01', '2018-10-31', 1, 'System', NULL, '2018-01-31 03:28:38', '2018-01-31 03:28:38'),
(642, 18, 2, 4, 1, 1, 1, 1, 7, 1000.00, 650.00, 1000.00, 650.00, 800.00, 520.00, 0.00, 0.00, 0.00, '2018-01-01', '2018-10-31', 1, 'System', NULL, '2018-01-31 03:28:38', '2018-01-31 03:28:38');

-- --------------------------------------------------------

--
-- Table structure for table `customer_codes`
--

CREATE TABLE IF NOT EXISTS `customer_codes` (
  `id` int(10) unsigned NOT NULL,
  `customer_year_ref_id` int(11) NOT NULL,
  `customer_month_ref_id` int(11) NOT NULL,
  `customer_sale_ref_id` int(11) NOT NULL,
  `customer_location_ref_id` int(11) NOT NULL,
  `customer_type_ref_id` int(11) NOT NULL,
  `customer_seller_ref_id` int(11) NOT NULL,
  `customer_payment_ref_id` int(11) NOT NULL,
  `customer_collect_ref_id` int(11) NOT NULL,
  `code` varchar(10) COLLATE utf8_unicode_ci NOT NULL,
  `customer_name` varchar(100) COLLATE utf8_unicode_ci NOT NULL,
  `room` varchar(20) COLLATE utf8_unicode_ci DEFAULT NULL,
  `contact_person` varchar(50) COLLATE utf8_unicode_ci DEFAULT NULL,
  `contact_number` varchar(50) COLLATE utf8_unicode_ci DEFAULT NULL,
  `email` varchar(100) COLLATE utf8_unicode_ci DEFAULT NULL,
  `is_active` tinyint(4) NOT NULL DEFAULT '1',
  `created_by` varchar(50) COLLATE utf8_unicode_ci NOT NULL DEFAULT 'System',
  `updated_by` varchar(50) COLLATE utf8_unicode_ci DEFAULT NULL,
  `created_at` timestamp NOT NULL DEFAULT '0000-00-00 00:00:00',
  `updated_at` timestamp NOT NULL DEFAULT '0000-00-00 00:00:00'
) ENGINE=InnoDB AUTO_INCREMENT=333 DEFAULT CHARSET=utf8 COLLATE=utf8_unicode_ci;

--
-- Dumping data for table `customer_codes`
--

INSERT INTO `customer_codes` (`id`, `customer_year_ref_id`, `customer_month_ref_id`, `customer_sale_ref_id`, `customer_location_ref_id`, `customer_type_ref_id`, `customer_seller_ref_id`, `customer_payment_ref_id`, `customer_collect_ref_id`, `code`, `customer_name`, `room`, `contact_person`, `contact_number`, `email`, `is_active`, `created_by`, `updated_by`, `created_at`, `updated_at`) VALUES
(1, 14, 0, 2, 101, 2, 2, 1, 3, '0001', '3 Sis', '13', '', '', '', 1, 'System', NULL, '2018-01-31 03:28:38', '2018-01-31 03:28:38'),
(2, 14, 0, 2, 101, 2, 1, 1, 3, '0002', '99 Gallery & De Viang', '', '', '', '', 1, 'System', NULL, '2018-01-31 03:28:38', '2018-01-31 03:28:38'),
(3, 14, 0, 2, 101, 1, 1, 1, 3, '0003', 'Amazes You Chiang Mai Tour', '', '', '', '', 1, 'System', NULL, '2018-01-31 03:28:38', '2018-01-31 03:28:38'),
(4, 15, 0, 2, 101, 2, 2, 0, 0, '0004', 'Anoma Boutique House', '', '', '', '', 1, 'System', NULL, '2018-01-31 03:28:38', '2018-01-31 03:28:38'),
(5, 14, 0, 2, 101, 2, 1, 1, 3, '0005', 'At Chiang Mai (by SK Tour)', '', '', '', '', 1, 'System', NULL, '2018-01-31 03:28:39', '2018-01-31 03:28:39'),
(6, 15, 0, 2, 101, 2, 2, 1, 3, '0006', 'Baan Huen Phen', '', '', '', '', 1, 'System', NULL, '2018-01-31 03:28:39', '2018-01-31 03:28:39'),
(7, 14, 0, 2, 101, 2, 2, 1, 3, '0007', 'Baan Klang Wiang', '', '', '', '', 1, 'System', NULL, '2018-01-31 03:28:39', '2018-01-31 03:28:39'),
(8, 14, 0, 2, 101, 2, 2, 1, 3, '0008', 'BB Montra', '', '', '', '', 1, 'System', NULL, '2018-01-31 03:28:39', '2018-01-31 03:28:39'),
(9, 15, 0, 2, 101, 2, 2, 1, 3, '0009', 'Bed Phra Singh', '', '', '', '', 1, 'System', NULL, '2018-01-31 03:28:39', '2018-01-31 03:28:39'),
(10, 15, 1, 2, 101, 2, 2, 1, 3, '0010', 'Big Tree Boutique Hotel', '', '', '', '', 1, 'System', NULL, '2018-01-31 03:28:39', '2018-01-31 03:28:39'),
(11, 14, 0, 2, 101, 2, 1, 1, 3, '0011', 'Bohdi Serene (by My Chiang Mai Tour)', '', '', '', '', 1, 'System', NULL, '2018-01-31 03:28:39', '2018-01-31 03:28:39'),
(12, 14, 0, 2, 101, 1, 1, 2, 5, '0012', 'Buffalo Tours', '', '', '081 - 716 8601', 'operations.cnx@buffalotours.com ; ning@buffalotours.com', 1, 'System', NULL, '2018-01-31 03:28:39', '2018-01-31 03:28:39'),
(13, 14, 0, 2, 101, 2, 2, 0, 0, '0013', 'Buri Gallery', '25', '', '', '', 1, 'System', NULL, '2018-01-31 03:28:39', '2018-01-31 03:28:39'),
(14, 14, 0, 2, 101, 2, 2, 1, 3, '0014', 'Chiang Mai Boutique', '32', '', '', '', 1, 'System', NULL, '2018-01-31 03:28:39', '2018-01-31 03:28:39'),
(15, 14, 0, 2, 101, 2, 2, 0, 0, '0015', 'Chiang Mai Summer', '', '', '', '', 1, 'System', NULL, '2018-01-31 03:28:39', '2018-01-31 03:28:39'),
(16, 14, 0, 2, 101, 2, 2, 1, 3, '0016', 'Chompor Lanna', '', '', '', '', 1, 'System', NULL, '2018-01-31 03:28:39', '2018-01-31 03:28:39'),
(17, 15, 0, 2, 101, 2, 2, 0, 0, '0017', 'Come Chiang Mai Lanna', '', '', '', '', 1, 'System', NULL, '2018-01-31 03:28:39', '2018-01-31 03:28:39'),
(18, 15, 0, 2, 101, 2, 2, 1, 5, '0018', 'Cozytel', '', '', '', '', 1, 'System', NULL, '2018-01-31 03:28:40', '2018-01-31 03:28:40'),
(19, 14, 0, 2, 101, 2, 2, 0, 0, '0019', 'De Lanna', '', '', '', '', 1, 'System', NULL, '2018-01-31 03:28:40', '2018-01-31 03:28:40'),
(20, 14, 0, 2, 101, 2, 2, 2, 8, '0020', 'De Naga', '', '', '053 - 209 030', 'asst.fom@denagahotel.com', 1, 'System', NULL, '2018-01-31 03:28:40', '2018-01-31 03:28:40'),
(21, 14, 0, 2, 101, 2, 2, 0, 0, '0021', 'Esthia Chiang Mai', '', '', '', '', 1, 'System', NULL, '2018-01-31 03:28:40', '2018-01-31 03:28:40'),
(22, 14, 0, 2, 101, 2, 2, 0, 0, '0022', 'Eurana Boutique', '', '', '', '', 1, 'System', NULL, '2018-01-31 03:28:40', '2018-01-31 03:28:40'),
(23, 14, 0, 2, 101, 2, 2, 1, 3, '0023', 'G2 Boutique', '', '', '', '', 1, 'System', NULL, '2018-01-31 03:28:40', '2018-01-31 03:28:40'),
(24, 17, 7, 2, 101, 2, 2, 3, 2, '0024', 'Golden Wellschange to  Ping Nakara (Front)', '', '', '', '', 1, 'System', NULL, '2018-01-31 03:28:40', '2018-01-31 03:28:40'),
(25, 15, 0, 2, 101, 2, 2, 0, 0, '0025', 'Good Morning', '', '', '', '', 1, 'System', NULL, '2018-01-31 03:28:40', '2018-01-31 03:28:40'),
(26, 14, 0, 2, 101, 2, 2, 0, 0, '0026', 'Gord Chiang Mai', '', '', '', '', 1, 'System', NULL, '2018-01-31 03:28:40', '2018-01-31 03:28:40'),
(27, 15, 0, 2, 101, 2, 2, 0, 0, '0027', 'Green Tiger Vegetarian House', '', '', '', '', 1, 'System', NULL, '2018-01-31 03:28:41', '2018-01-31 03:28:41'),
(28, 15, 0, 2, 101, 2, 1, 0, 0, '0028', 'Hotel M (by Choice Car Rental)', '', '', '', '', 1, 'System', NULL, '2018-01-31 03:28:41', '2018-01-31 03:28:41'),
(29, 14, 0, 2, 101, 2, 1, 0, 0, '0029', 'Imm Tha Pae (by Asia Travel)', '', '', '', '', 1, 'System', NULL, '2018-01-31 03:28:41', '2018-01-31 03:28:41'),
(30, 14, 0, 2, 101, 2, 2, 0, 0, '0030', 'Jangmung Boutique House', '24', '', '', '', 1, 'System', NULL, '2018-01-31 03:28:41', '2018-01-31 03:28:41'),
(31, 15, 0, 2, 101, 2, 2, 0, 0, '0031', 'Kodchasri Thani', '39', '', '', '', 1, 'System', NULL, '2018-01-31 03:28:41', '2018-01-31 03:28:41'),
(32, 14, 0, 2, 101, 2, 2, 1, 3, '0032', 'La Pillow', '', '', '', '', 1, 'System', NULL, '2018-01-31 03:28:41', '2018-01-31 03:28:41'),
(33, 14, 0, 2, 101, 2, 2, 0, 0, '0033', 'Le Canal', '', '', '', '', 1, 'System', NULL, '2018-01-31 03:28:41', '2018-01-31 03:28:41'),
(34, 15, 0, 2, 101, 2, 2, 0, 0, '0034', 'Leechiang Hotel', '', '', '', '', 1, 'System', NULL, '2018-01-31 03:28:41', '2018-01-31 03:28:41'),
(35, 14, 0, 2, 101, 2, 2, 1, 1, '0035', 'Makka', '', '', '', '', 1, 'System', NULL, '2018-01-31 03:28:41', '2018-01-31 03:28:41'),
(36, 15, 0, 2, 101, 2, 2, 1, 3, '0036', 'Namton Boutique Hotel', '', '', '', '', 1, 'System', NULL, '2018-01-31 03:28:41', '2018-01-31 03:28:41'),
(37, 15, 6, 2, 101, 2, 2, 0, 0, '0037', 'Pak Chiang Mai', '', '', '', '', 1, 'System', NULL, '2018-01-31 03:28:41', '2018-01-31 03:28:41'),
(38, 14, 0, 2, 101, 2, 2, 0, 0, '0038', 'Parasol Inn', '', '', '', '', 1, 'System', NULL, '2018-01-31 03:28:41', '2018-01-31 03:28:41'),
(39, 14, 0, 2, 101, 2, 2, 0, 0, '0039', 'Pat''s Klang Viang', '10', '', '', '', 1, 'System', NULL, '2018-01-31 03:28:41', '2018-01-31 03:28:41'),
(40, 15, 0, 2, 101, 2, 2, 1, 3, '0040', 'Portico 21', '', '', '', '', 1, 'System', NULL, '2018-01-31 03:28:41', '2018-01-31 03:28:41'),
(41, 14, 0, 2, 101, 2, 2, 3, 2, '0041', 'Rachamankha', '', '', '', '', 1, 'System', NULL, '2018-01-31 03:28:41', '2018-01-31 03:28:41'),
(42, 14, 0, 3, 101, 2, 2, 3, 7, '0042', 'RatiLanna', '', 'K. Nee / K. Nung', '053 999 333', 'concierge@ratilannachiangmai.com ;', 1, 'System', NULL, '2018-01-31 03:28:41', '2018-01-31 03:28:41'),
(43, 14, 0, 2, 101, 2, 2, 1, 3, '0043', 'Rich Lanna House', '', '', '', '', 1, 'System', NULL, '2018-01-31 03:28:42', '2018-01-31 03:28:42'),
(44, 14, 0, 2, 101, 2, 1, 0, 0, '0044', 'Roseate Chiang Mai (by D Tour)', '', '', '', '', 1, 'System', NULL, '2018-01-31 03:28:42', '2018-01-31 03:28:42'),
(45, 15, 0, 2, 101, 2, 2, 1, 3, '0045', 'Sira Boutique Hotel', '', '', '', '', 1, 'System', NULL, '2018-01-31 03:28:42', '2018-01-31 03:28:42'),
(46, 14, 0, 2, 101, 2, 1, 1, 4, '0046', 'Sirilanna (By K.Sofia & Front)', '21', '', '', '', 1, 'System', NULL, '2018-01-31 03:28:42', '2018-01-31 03:28:42'),
(47, 14, 0, 2, 101, 2, 2, 2, 8, '0047', 'Tamarind Village', '', '', '', '', 1, 'System', NULL, '2018-01-31 03:28:42', '2018-01-31 03:28:42'),
(48, 14, 0, 2, 101, 2, 2, 0, 0, '0048', 'The 20 Lodge', '', '', '', '', 1, 'System', NULL, '2018-01-31 03:28:42', '2018-01-31 03:28:42'),
(49, 14, 0, 2, 101, 2, 2, 1, 3, '0049', 'The Log Home', '', '', '', '', 1, 'System', NULL, '2018-01-31 03:28:42', '2018-01-31 03:28:42'),
(50, 14, 0, 2, 101, 2, 2, 3, 2, '0050', 'The Rim Resort', '', 'K.', '053 - 903 999', 'frontbutler <frontbutler@therimchiangmai.com>', 1, 'System', NULL, '2018-01-31 03:28:42', '2018-01-31 03:28:42'),
(51, 15, 0, 2, 101, 2, 2, 0, 0, '0051', 'The An-Teak Chiang Mai', '', '', '', '', 1, 'System', NULL, '2018-01-31 03:28:42', '2018-01-31 03:28:42'),
(52, 15, 0, 2, 101, 2, 2, 0, 0, '0052', 'Thapae Loft', '', '', '', '', 1, 'System', NULL, '2018-01-31 03:28:42', '2018-01-31 03:28:42'),
(53, 15, 0, 2, 101, 2, 2, 1, 3, '0053', 'The Peaberry', '', '', '', '', 1, 'System', NULL, '2018-01-31 03:28:42', '2018-01-31 03:28:42'),
(54, 14, 0, 2, 101, 2, 2, 0, 0, '0054', 'The Simply Room', '10', '', '', '', 1, 'System', NULL, '2018-01-31 03:28:42', '2018-01-31 03:28:42'),
(55, 14, 0, 2, 101, 2, 2, 3, 2, '0055', 'U Chiang Mai', '', '', '', '', 1, 'System', NULL, '2018-01-31 03:28:42', '2018-01-31 03:28:42'),
(56, 14, 0, 2, 101, 2, 2, 1, 3, '0056', 'Vieng Mantra', '', '', '', '', 1, 'System', NULL, '2018-01-31 03:28:42', '2018-01-31 03:28:42'),
(57, 14, 0, 2, 101, 2, 2, 1, 5, '0057', 'Villa Duang Champa & Western House', '', '', '', '', 1, 'System', NULL, '2018-01-31 03:28:42', '2018-01-31 03:28:42'),
(58, 14, 0, 2, 101, 2, 2, 0, 0, '0058', 'Villa Tha Pae', '4', '', '', '', 1, 'System', NULL, '2018-01-31 03:28:42', '2018-01-31 03:28:42'),
(59, 14, 0, 3, 101, 2, 2, 0, 0, '0059', '1 Niman Gallery', '15', '', '', '', 1, 'System', NULL, '2018-01-31 03:28:42', '2018-01-31 03:28:42'),
(60, 14, 0, 3, 101, 2, 2, 0, 0, '0060', '9W Boutique', '', '', '', '', 1, 'System', NULL, '2018-01-31 03:28:43', '2018-01-31 03:28:43'),
(61, 15, 0, 3, 101, 2, 2, 3, 2, '0061', 'Akyra Manor Chiang Mai', '', '', '', '', 1, 'System', NULL, '2018-01-31 03:28:43', '2018-01-31 03:28:43'),
(62, 14, 0, 3, 101, 2, 2, 1, 8, '0062', 'Amata Lanna', '', '', '', '', 1, 'System', NULL, '2018-01-31 03:28:43', '2018-01-31 03:28:43'),
(63, 14, 0, 3, 101, 2, 2, 0, 0, '0063', 'Anantara (Club Lounge)', '', '', '', '', 1, 'System', NULL, '2018-01-31 03:28:43', '2018-01-31 03:28:43'),
(64, 14, 0, 3, 101, 2, 2, 2, 0, '0064', 'Anantara (Front & Concierge)', '', '', '', '', 1, 'System', NULL, '2018-01-31 03:28:43', '2018-01-31 03:28:43'),
(65, 14, 0, 3, 101, 2, 2, 1, 1, '0065', 'Aruntara', '', '', '', '', 1, 'System', NULL, '2018-01-31 03:28:43', '2018-01-31 03:28:43'),
(66, 14, 0, 3, 101, 2, 2, 0, 0, '0066', 'At Niman', '10', '', '', '', 1, 'System', NULL, '2018-01-31 03:28:43', '2018-01-31 03:28:43'),
(67, 14, 0, 3, 101, 2, 2, 0, 0, '0067', 'At Pingnakorn (Niman)', '', '', '', '', 1, 'System', NULL, '2018-01-31 03:28:43', '2018-01-31 03:28:43'),
(68, 14, 0, 3, 101, 2, 2, 1, 1, '0068', '(B2) Ayatana', '', '', '', '', 1, 'System', NULL, '2018-01-31 03:28:43', '2018-01-31 03:28:43'),
(69, 14, 0, 3, 101, 2, 2, 0, 0, '0069', 'Baan U Sabai', '', '', '', '', 1, 'System', NULL, '2018-01-31 03:28:43', '2018-01-31 03:28:43'),
(70, 15, 0, 3, 101, 2, 2, 1, 1, '0070', 'Ban Ratchiangsaen Baan Ratchiangsaen', '', '', '', '', 1, 'System', NULL, '2018-01-31 03:28:43', '2018-01-31 03:28:43'),
(71, 15, 0, 3, 101, 2, 2, 1, 1, '0071', 'Baiyok Ciao Hotel', '', '', '', '', 1, 'System', NULL, '2018-01-31 03:28:43', '2018-01-31 03:28:43'),
(72, 14, 0, 3, 101, 1, 1, 0, 0, '0072', 'Blue Elephant', '', '', '', '', 1, 'System', NULL, '2018-01-31 03:28:43', '2018-01-31 03:28:43'),
(73, 15, 6, 3, 101, 2, 2, 0, 0, '0073', 'Chanatt Hotel Chalnatt Hotel', '', '', '', '', 1, 'System', NULL, '2018-01-31 03:28:43', '2018-01-31 03:28:43'),
(74, 14, 0, 3, 101, 2, 2, 0, 0, '0074', 'Chang Thai House', '', '', '', '', 1, 'System', NULL, '2018-01-31 03:28:44', '2018-01-31 03:28:44'),
(75, 14, 0, 3, 101, 2, 2, 0, 0, '0075', 'Chiang Mai Orchid', '', '', '', '', 1, 'System', NULL, '2018-01-31 03:28:44', '2018-01-31 03:28:44'),
(76, 14, 0, 3, 101, 2, 1, 1, 3, '0076', 'Chiang Mai Plaza (by Jasmine Tour)', '', '', '', '', 1, 'System', NULL, '2018-01-31 03:28:44', '2018-01-31 03:28:44'),
(77, 14, 0, 3, 101, 2, 2, 0, 0, '0077', 'De Chai (Niman)', '', '', '', '', 1, 'System', NULL, '2018-01-31 03:28:44', '2018-01-31 03:28:44'),
(78, 15, 0, 3, 101, 2, 1, 0, 0, '0078', 'Eastin Tan (by Chiang Mai Empress Tour)', '', '', '', '', 1, 'System', NULL, '2018-01-31 03:28:44', '2018-01-31 03:28:44'),
(79, 15, 0, 3, 101, 2, 2, 0, 0, '0079', 'Gerard Habitat', '', '', '', '', 1, 'System', NULL, '2018-01-31 03:28:44', '2018-01-31 03:28:44'),
(80, 14, 0, 3, 101, 1, 1, 1, 3, '0080', 'Go Chiang Mai', '', '', '', '', 1, 'System', NULL, '2018-01-31 03:28:44', '2018-01-31 03:28:44'),
(81, 15, 0, 3, 101, 2, 2, 0, 0, '0081', 'Golden Bell Hotel', '', '', '', '', 1, 'System', NULL, '2018-01-31 03:28:44', '2018-01-31 03:28:44'),
(82, 15, 0, 3, 101, 2, 2, 0, 0, '0082', 'Grand Lanna Hotel', '', '', '', '', 1, 'System', NULL, '2018-01-31 03:28:44', '2018-01-31 03:28:44'),
(83, 14, 0, 3, 101, 2, 3, 3, 2, '0083', 'Holiday inn', '', '', '', '', 1, 'System', NULL, '2018-01-31 03:28:44', '2018-01-31 03:28:44'),
(84, 14, 0, 3, 101, 2, 2, 0, 0, '0084', 'Hug Collecton', '', '', '', '', 1, 'System', NULL, '2018-01-31 03:28:44', '2018-01-31 03:28:44'),
(85, 15, 0, 3, 101, 2, 2, 0, 0, '0085', 'Jira Luxury', '', '', '', '', 1, 'System', NULL, '2018-01-31 03:28:44', '2018-01-31 03:28:44'),
(86, 14, 0, 3, 101, 2, 2, 0, 0, '0086', 'Lanna Palace', '', '', '', '', 1, 'System', NULL, '2018-01-31 03:28:44', '2018-01-31 03:28:44'),
(87, 15, 6, 3, 101, 2, 2, 0, 0, '0087', 'Maraya Hotel', '', '', '', '', 1, 'System', NULL, '2018-01-31 03:28:44', '2018-01-31 03:28:44'),
(88, 14, 0, 3, 101, 2, 2, 1, 1, '0088', 'May Flower', '', '', '', '', 1, 'System', NULL, '2018-01-31 03:28:44', '2018-01-31 03:28:44'),
(89, 14, 0, 3, 101, 1, 1, 0, 0, '0089', 'Must Travel', '', '', '', '', 1, 'System', NULL, '2018-01-31 03:28:45', '2018-01-31 03:28:45'),
(90, 15, 0, 3, 101, 2, 2, 1, 3, '0090', 'Nap In Chiang Mai', '', '', '', '', 1, 'System', NULL, '2018-01-31 03:28:45', '2018-01-31 03:28:45'),
(91, 15, 6, 3, 101, 2, 2, 0, 0, '0091', 'Niman Soi 9', '', '', '', '', 1, 'System', NULL, '2018-01-31 03:28:45', '2018-01-31 03:28:45'),
(92, 14, 0, 3, 101, 2, 2, 1, 1, '0092', 'Nimman Mai', '', '', '', '', 1, 'System', NULL, '2018-01-31 03:28:45', '2018-01-31 03:28:45'),
(93, 15, 0, 3, 101, 2, 2, 1, 3, '0093', 'Nordwind', '', '', '', '', 1, 'System', NULL, '2018-01-31 03:28:45', '2018-01-31 03:28:45'),
(94, 14, 0, 3, 101, 1, 1, 0, 4, '0094', 'Pacific World', '', '', '', '', 1, 'System', NULL, '2018-01-31 03:28:45', '2018-01-31 03:28:45'),
(95, 14, 0, 3, 101, 2, 2, 0, 0, '0095', 'Patitta Aparment', '', '', '', '', 1, 'System', NULL, '2018-01-31 03:28:45', '2018-01-31 03:28:45'),
(96, 14, 0, 3, 101, 2, 1, 1, 3, '0096', 'Ping Nakara (By Lanna Boutique)', '', '', '', '', 1, 'System', NULL, '2018-01-31 03:28:45', '2018-01-31 03:28:45'),
(97, 14, 0, 3, 101, 2, 2, 1, 1, '0097', 'Prestige Cm', '', '', '', '', 1, 'System', NULL, '2018-01-31 03:28:45', '2018-01-31 03:28:45'),
(98, 15, 0, 3, 101, 2, 2, 1, 1, '0098', 'Ratchiangsean Flora House Ratchiangsaen Flora House', '', '', '', '', 1, 'System', NULL, '2018-01-31 03:28:45', '2018-01-31 03:28:45'),
(99, 14, 0, 3, 101, 2, 2, 1, 3, '0099', 'Rimping Village', '', '', '', '', 1, 'System', NULL, '2018-01-31 03:28:46', '2018-01-31 03:28:46'),
(100, 15, 0, 3, 101, 2, 2, 0, 0, '0100', 'S Private House', '', '', '', '', 1, 'System', NULL, '2018-01-31 03:28:46', '2018-01-31 03:28:46'),
(101, 14, 0, 3, 101, 2, 3, 0, 0, '0101', 'Shangri La (Concierge)', '', '', '', '', 1, 'System', NULL, '2018-01-31 03:28:46', '2018-01-31 03:28:46'),
(102, 14, 0, 3, 101, 2, 4, 0, 0, '0102', 'Shangri La (Horizon Club)', '', '', '', '', 1, 'System', NULL, '2018-01-31 03:28:46', '2018-01-31 03:28:46'),
(103, 14, 0, 3, 101, 2, 1, 1, 3, '0103', 'Shiek Istana (by Your Time Trip & Travel)', '', '', '', '', 1, 'System', NULL, '2018-01-31 03:28:46', '2018-01-31 03:28:46'),
(104, 14, 0, 3, 101, 2, 3, 1, 5, '0104', 'Singha Montra', '', 'K. Pronthep', '053 - 278 551 | 053 - 278 537-8', 'Guy (Hotel Concierge) <guy.concierge@singhamontra.com>', 1, 'System', NULL, '2018-01-31 03:28:46', '2018-01-31 03:28:46'),
(105, 14, 0, 3, 101, 2, 2, 0, 0, '0105', 'Tad Come Village', '', '', '', '', 1, 'System', NULL, '2018-01-31 03:28:46', '2018-01-31 03:28:46'),
(106, 14, 0, 3, 101, 2, 2, 1, 3, '0106', 'Thannatee Boutique Hotel', '', '', '', '', 1, 'System', NULL, '2018-01-31 03:28:46', '2018-01-31 03:28:46'),
(107, 14, 0, 3, 101, 2, 2, 0, 0, '0107', 'The Artel Nimman Hotel', '', '', '', '', 1, 'System', NULL, '2018-01-31 03:28:46', '2018-01-31 03:28:46'),
(108, 14, 0, 3, 101, 2, 2, 0, 0, '0108', 'The Park', '', '', '', '', 1, 'System', NULL, '2018-01-31 03:28:46', '2018-01-31 03:28:46'),
(109, 14, 0, 3, 101, 2, 2, 0, 0, '0109', 'The Vulcano', '', '', '', '', 1, 'System', NULL, '2018-01-31 03:28:46', '2018-01-31 03:28:46'),
(110, 14, 0, 3, 101, 2, 2, 0, 0, '0110', 'Tri Yaan Na Ros', '', '', '', '', 1, 'System', NULL, '2018-01-31 03:28:46', '2018-01-31 03:28:46'),
(111, 15, 0, 3, 101, 2, 2, 1, 1, '0111', 'VC @ Saunpaak', '', '', '', '', 1, 'System', NULL, '2018-01-31 03:28:46', '2018-01-31 03:28:46'),
(112, 14, 0, 3, 101, 2, 2, 0, 0, '0112', 'Victoria Nimman', '', '', '', '', 1, 'System', NULL, '2018-01-31 03:28:46', '2018-01-31 03:28:46'),
(113, 14, 0, 3, 101, 2, 2, 0, 0, '0113', 'Wiang Chang Klan', '', '', '', '', 1, 'System', NULL, '2018-01-31 03:28:46', '2018-01-31 03:28:46'),
(114, 15, 0, 3, 101, 2, 2, 0, 0, '0114', 'Woodfield Resort', '', '', '', '', 1, 'System', NULL, '2018-01-31 03:28:46', '2018-01-31 03:28:46'),
(115, 14, 0, 3, 101, 2, 2, 1, 3, '0115', 'Yantarasri Resort', '', '', '', '', 1, 'System', NULL, '2018-01-31 03:28:46', '2018-01-31 03:28:46'),
(116, 14, 0, 3, 101, 2, 2, 1, 1, '0116', 'Yesterday', '', '', '', '', 1, 'System', NULL, '2018-01-31 03:28:47', '2018-01-31 03:28:47'),
(117, 14, 0, 2, 101, 2, 2, 3, 2, '0117', '137 Pillars', '', '', '', '', 1, 'System', NULL, '2018-01-31 03:28:47', '2018-01-31 03:28:47'),
(118, 14, 0, 2, 101, 2, 1, 0, 0, '0118', 'Amora (by Lanna Voyage)', '204', '', '', '', 1, 'System', NULL, '2018-01-31 03:28:47', '2018-01-31 03:28:47'),
(119, 15, 0, 2, 101, 2, 2, 0, 0, '0119', 'Baan Sean Fang Baan Saen Fang', '', '', '', '', 1, 'System', NULL, '2018-01-31 03:28:47', '2018-01-31 03:28:47'),
(120, 14, 0, 2, 101, 2, 1, 2, 5, '0120', 'Ban Thai Village (by Lanna Exclusive Tour)', '', '', '053-274-239 | M. 088-269-6559', 'Lanna Exclusive Travel Service <lannaexclusive@outlook.com>', 1, 'System', NULL, '2018-01-31 03:28:47', '2018-01-31 03:28:47'),
(121, 14, 0, 2, 101, 2, 1, 1, 3, '0121', 'CH Hotel', '', '', '', '', 1, 'System', NULL, '2018-01-31 03:28:47', '2018-01-31 03:28:47'),
(122, 14, 0, 2, 101, 2, 2, 0, 0, '0122', 'Chiang Mai Night Bazaar Boutique Hotel', '10', '', '', '', 1, 'System', NULL, '2018-01-31 03:28:47', '2018-01-31 03:28:47'),
(123, 14, 0, 2, 101, 2, 2, 0, 0, '0123', 'De Chai (Tha Pae)', '40', '', '', '', 1, 'System', NULL, '2018-01-31 03:28:47', '2018-01-31 03:28:47'),
(124, 15, 0, 3, 101, 2, 2, 0, 0, '0124', 'Decem Hotel', '', '', '', '', 1, 'System', NULL, '2018-01-31 03:28:47', '2018-01-31 03:28:47'),
(125, 14, 0, 2, 101, 2, 1, 2, 5, '0125', 'Imperial Mae Ping (by Sea Tours)', '', '', '', 'cnx-account@seatoursthai.com ;piyawan@seatoursthai.com', 1, 'System', NULL, '2018-01-31 03:28:47', '2018-01-31 03:28:47'),
(126, 14, 0, 2, 101, 2, 1, 1, 5, '0126', 'Kampaeng Ngam (by Lanna Exclusive Tour)', '', '', '', '', 1, 'System', NULL, '2018-01-31 03:28:47', '2018-01-31 03:28:47'),
(127, 14, 0, 2, 101, 2, 2, 1, 3, '0127', 'Ketawa', '13', '', '', '', 1, 'System', NULL, '2018-01-31 03:28:47', '2018-01-31 03:28:47'),
(128, 14, 0, 2, 101, 2, 2, 0, 0, '0128', 'Khum Jao Luang', '', '', '', '', 1, 'System', NULL, '2018-01-31 03:28:47', '2018-01-31 03:28:47'),
(129, 15, 0, 2, 101, 2, 2, 0, 0, '0129', 'Lamduan Boutique', '', '', '', '', 1, 'System', NULL, '2018-01-31 03:28:47', '2018-01-31 03:28:47'),
(130, 14, 0, 2, 101, 2, 2, 0, 0, '0130', 'Mo Rooms', '', '', '', '', 1, 'System', NULL, '2018-01-31 03:28:47', '2018-01-31 03:28:47'),
(131, 14, 0, 2, 101, 2, 2, 0, 0, '0131', 'Na Tha Pae Na Thapae', '', '', '', '', 1, 'System', NULL, '2018-01-31 03:28:48', '2018-01-31 03:28:48'),
(132, 14, 0, 2, 101, 2, 1, 0, 0, '0132', 'Nara Tour', '', '', '', '', 1, 'System', NULL, '2018-01-31 03:28:48', '2018-01-31 03:28:48'),
(133, 15, 0, 2, 101, 2, 2, 0, 0, '0133', 'Nidhra Lanna', '', '', '', '', 1, 'System', NULL, '2018-01-31 03:28:48', '2018-01-31 03:28:48'),
(134, 14, 0, 2, 101, 2, 2, 3, 2, '0134', 'Puripunn', '', '', '', 'gsm@puripunn.com', 1, 'System', NULL, '2018-01-31 03:28:48', '2018-01-31 03:28:48'),
(135, 15, 0, 2, 101, 2, 2, 0, 0, '0135', 'Rainforest', '', '', '', '', 1, 'System', NULL, '2018-01-31 03:28:48', '2018-01-31 03:28:48'),
(136, 14, 0, 2, 101, 2, 1, 1, 7, '0136', 'RarinJinda (by Funny Tour)', '35', '', '', '', 1, 'System', NULL, '2018-01-31 03:28:48', '2018-01-31 03:28:48'),
(137, 14, 0, 2, 101, 2, 2, 0, 0, '0137', 'Rompo Boutique', '', '', '', '', 1, 'System', NULL, '2018-01-31 03:28:48', '2018-01-31 03:28:48'),
(138, 14, 0, 2, 101, 2, 2, 4, 8, '0138', 'Sala Lanna', '', '', '', '', 1, 'System', NULL, '2018-01-31 03:28:48', '2018-01-31 03:28:48'),
(139, 14, 0, 2, 101, 2, 2, 1, 1, '0139', 'Shewe Wana', '16', '', '', '', 1, 'System', NULL, '2018-01-31 03:28:48', '2018-01-31 03:28:48'),
(140, 14, 0, 2, 101, 2, 2, 2, 8, '0140', 'Siripanna', '74', '', '053 294 656', 'nightsup@siripanna.com ; fom@siripanna.com', 1, 'System', NULL, '2018-01-31 03:28:48', '2018-01-31 03:28:48'),
(141, 15, 0, 2, 101, 2, 2, 0, 0, '0141', 'Studio 99 Service Apartment', '', '', '', '', 1, 'System', NULL, '2018-01-31 03:28:48', '2018-01-31 03:28:48'),
(142, 14, 0, 2, 101, 2, 2, 0, 0, '0142', 'The Small', '', '', '', '', 1, 'System', NULL, '2018-01-31 03:28:48', '2018-01-31 03:28:48'),
(143, 14, 0, 2, 101, 1, 1, 0, 0, '0143', 'Travel Hup', '', '', '', '', 1, 'System', NULL, '2018-01-31 03:28:48', '2018-01-31 03:28:48'),
(144, 14, 0, 2, 101, 2, 1, 0, 0, '0144', 'Vieng Tha Pae', '45', '', '', '', 1, 'System', NULL, '2018-01-31 03:28:48', '2018-01-31 03:28:48'),
(145, 14, 0, 2, 101, 2, 2, 0, 0, '0145', 'Villa De Chiang Mai', '', '', '', '', 1, 'System', NULL, '2018-01-31 03:28:48', '2018-01-31 03:28:48'),
(146, 15, 0, 2, 101, 2, 2, 0, 0, '0146', 'We Valley Boutique Hotel', '', '', '', '', 1, 'System', NULL, '2018-01-31 03:28:48', '2018-01-31 03:28:48'),
(147, 14, 0, 2, 101, 2, 2, 1, 3, '0147', 'Yaang Come Village', '42', '', '', '', 1, 'System', NULL, '2018-01-31 03:28:48', '2018-01-31 03:28:48'),
(148, 14, 0, 3, 101, 2, 2, 1, 1, '0148', 'At Pingnakorn (Huay Kaew)', '', '', '', '', 1, 'System', NULL, '2018-01-31 03:28:49', '2018-01-31 03:28:49'),
(149, 15, 0, 3, 101, 2, 2, 1, 1, '0149', 'Bed Niman', '', '', '', '', 1, 'System', NULL, '2018-01-31 03:28:49', '2018-01-31 03:28:49'),
(150, 14, 0, 3, 101, 2, 1, 1, 3, '0150', 'Centara Asia World', '', '', '', '', 1, 'System', NULL, '2018-01-31 03:28:49', '2018-01-31 03:28:49'),
(151, 14, 0, 3, 101, 2, 1, 1, 5, '0151', 'Centara (by CLT)', '', '', '', '', 1, 'System', NULL, '2018-01-31 03:28:49', '2018-01-31 03:28:49'),
(152, 14, 0, 3, 101, 2, 2, 3, 2, '0152', 'D2', '', 'K. Fhan/pummarin', '053 - 999 999', 'd2cmcc@dusit.com', 1, 'System', NULL, '2018-01-31 03:28:49', '2018-01-31 03:28:49'),
(153, 14, 0, 3, 101, 1, 1, 1, 3, '0153', 'D2U', '', '', '', '', 1, 'System', NULL, '2018-01-31 03:28:49', '2018-01-31 03:28:49'),
(154, 14, 0, 3, 101, 2, 2, 0, 0, '0154', 'Furama (by Front Desk)', '', '', '', '', 1, 'System', NULL, '2018-01-31 03:28:49', '2018-01-31 03:28:49'),
(155, 14, 0, 3, 101, 2, 2, 1, 1, '0155', 'Grand Napat', '', '', '', '', 1, 'System', NULL, '2018-01-31 03:28:49', '2018-01-31 03:28:49'),
(156, 14, 0, 3, 101, 2, 2, 1, 1, '0156', 'Ibis Style', '', '', '', '', 1, 'System', NULL, '2018-01-31 03:28:49', '2018-01-31 03:28:49'),
(157, 15, 0, 3, 101, 2, 1, 0, 0, '0157', 'Khum Puhcome (by Chaing Mai Empress Tour)', '', '', '', '', 1, 'System', NULL, '2018-01-31 03:28:49', '2018-01-31 03:28:49'),
(158, 14, 0, 3, 101, 2, 2, 1, 1, '0158', 'Kiree Thara', '', '', '', '', 1, 'System', NULL, '2018-01-31 03:28:49', '2018-01-31 03:28:49'),
(159, 15, 0, 3, 101, 2, 2, 0, 0, '0159', 'Lani Chiang Mai', '', '', '', '', 1, 'System', NULL, '2018-01-31 03:28:49', '2018-01-31 03:28:49'),
(160, 14, 0, 3, 101, 2, 3, 3, 2, '0160', 'Le Meridien (Concierge)', '', '', '053 - 253 666', 'Concierge.Chiangmai@lemeridien.com', 1, 'System', NULL, '2018-01-31 03:28:49', '2018-01-31 03:28:49'),
(161, 14, 0, 3, 101, 2, 4, 0, 0, '0161', 'Le Meridien (Le Club)', '', '', '', '', 1, 'System', NULL, '2018-01-31 03:28:50', '2018-01-31 03:28:50'),
(162, 15, 0, 3, 101, 2, 1, 1, 3, '0162', 'My Home (Mercure)', '', '', '', '', 1, 'System', NULL, '2018-01-31 03:28:50', '2018-01-31 03:28:50'),
(163, 14, 0, 3, 101, 2, 2, 1, 1, '0163', 'Na Patra (Grand Napat)', '', '', '', '', 1, 'System', NULL, '2018-01-31 03:28:50', '2018-01-31 03:28:50'),
(164, 14, 0, 3, 101, 2, 2, 1, 1, '0164', 'Pattara Place', '', '', '', '', 1, 'System', NULL, '2018-01-31 03:28:50', '2018-01-31 03:28:50'),
(165, 14, 0, 3, 101, 2, 2, 0, 0, '0165', 'Qi 68', '', '', '', '', 1, 'System', NULL, '2018-01-31 03:28:50', '2018-01-31 03:28:50'),
(166, 14, 0, 3, 101, 2, 1, 1, 6, '0166', 'Royal Princess (by World Travel Service)', '', '', '', '', 1, 'System', NULL, '2018-01-31 03:28:50', '2018-01-31 03:28:50'),
(167, 14, 0, 3, 101, 2, 1, 1, 4, '0167', 'Ruen Come In', '', '', '053 - 212 516', 'Ruen Come In <ruencomein@gmail.com>', 1, 'System', NULL, '2018-01-31 03:28:50', '2018-01-31 03:28:50'),
(168, 14, 0, 3, 101, 2, 2, 3, 2, '0168', 'Sireeampan', '', '', '', '', 1, 'System', NULL, '2018-01-31 03:28:50', '2018-01-31 03:28:50'),
(169, 14, 0, 3, 101, 2, 1, 0, 0, '0169', 'Star (by Chiang Mai Empress Tour)', '', '', '', '', 1, 'System', NULL, '2018-01-31 03:28:50', '2018-01-31 03:28:50'),
(170, 14, 0, 3, 101, 2, 1, 0, 0, '0170', 'Suriwongse (by Chiang Mai Empress Tour)', '', '', '', '', 1, 'System', NULL, '2018-01-31 03:28:50', '2018-01-31 03:28:50'),
(171, 14, 0, 3, 101, 2, 2, 3, 2, '0171', 'The Balcony', '', '', '053 - 241 678', 'reservation <reservation@balconyvillage.com>', 1, 'System', NULL, '2018-01-31 03:28:50', '2018-01-31 03:28:50'),
(172, 14, 0, 3, 101, 2, 2, 1, 3, '0172', 'The Seven Senses', '', '', '', '', 1, 'System', NULL, '2018-01-31 03:28:50', '2018-01-31 03:28:50'),
(173, 15, 0, 3, 101, 2, 2, 0, 0, '0173', 'Vanilla Residence', '', '', '', '', 1, 'System', NULL, '2018-01-31 03:28:50', '2018-01-31 03:28:50'),
(174, 15, 0, 3, 101, 2, 2, 1, 1, '0174', 'Villa Kobboon Klinbua(Villa Korbhun Khinbua)', '', 'K. ', '053-230725', '', 1, 'System', NULL, '2018-01-31 03:28:51', '2018-01-31 03:28:51'),
(175, 15, 0, 3, 101, 2, 2, 0, 0, '0175', 'Zzziesta', '', '', '', '', 1, 'System', NULL, '2018-01-31 03:28:51', '2018-01-31 03:28:51'),
(176, 15, 0, 3, 101, 2, 1, 0, 0, '0176', 'May I In (by Fab Tour)', '', '', '', '', 1, 'System', NULL, '2018-01-31 03:28:51', '2018-01-31 03:28:51'),
(177, 15, 0, 3, 101, 2, 1, 0, 0, '0177', 'Chiang Mai Gate (U Nice Travel)', '', '', '', '', 1, 'System', NULL, '2018-01-31 03:28:51', '2018-01-31 03:28:51'),
(178, 15, 6, 2, 101, 1, 1, 1, 5, '0178', 'Sparrow Trip (@ Chiang Mai Gate)', '', '', '', '', 1, 'System', NULL, '2018-01-31 03:28:51', '2018-01-31 03:28:51'),
(179, 15, 0, 2, 101, 1, 1, 0, 0, '0179', 'IRI (Inter Radius International)', '', '', '', '', 1, 'System', NULL, '2018-01-31 03:28:51', '2018-01-31 03:28:51'),
(180, 15, 0, 3, 101, 2, 2, 0, 0, '0180', 'Bed Changkian', '', '', '', '', 1, 'System', NULL, '2018-01-31 03:28:51', '2018-01-31 03:28:51'),
(181, 15, 0, 2, 101, 2, 2, 0, 0, '0181', 'The Sila', '', '', '', '', 1, 'System', NULL, '2018-01-31 03:28:51', '2018-01-31 03:28:51'),
(182, 15, 0, 3, 101, 2, 2, 0, 0, '0182', 'Hug niman', '', '', '', '', 1, 'System', NULL, '2018-01-31 03:28:51', '2018-01-31 03:28:51'),
(183, 15, 0, 3, 101, 2, 1, 3, 2, '0183', 'Arcadia', '', '', '', '', 1, 'System', NULL, '2018-01-31 03:28:51', '2018-01-31 03:28:51'),
(184, 15, 0, 2, 101, 2, 2, 0, 0, '0184', 'Ban Boo Loo', '', '', '', '', 1, 'System', NULL, '2018-01-31 03:28:51', '2018-01-31 03:28:51'),
(185, 14, 0, 2, 101, 1, 1, 1, 3, '0185', 'AP Good At Travel', '', '', '', '', 1, 'System', NULL, '2018-01-31 03:28:51', '2018-01-31 03:28:51'),
(186, 15, 0, 0, 100, 4, 0, 7, 9, '0186', 'Direct Booking (Internet / Phone Call / E-mail)', '', '', '', '', 1, 'System', NULL, '2018-01-31 03:28:51', '2018-01-31 03:28:51'),
(187, 0, 0, 0, 101, 3, 6, 3, 2, '0187', 'Guide', '', '', '', '', 1, 'System', NULL, '2018-01-31 03:28:51', '2018-01-31 03:28:51'),
(188, 12, 0, 0, 101, 1, 1, 1, 9, '0188', 'NST', '', '', '', '', 1, 'System', NULL, '2018-01-31 03:28:51', '2018-01-31 03:28:51'),
(189, 15, 0, 2, 101, 2, 2, 0, 0, '0189', 'Lamphu House', '', '', '', '', 1, 'System', NULL, '2018-01-31 03:28:52', '2018-01-31 03:28:52'),
(190, 15, 0, 3, 101, 2, 2, 1, 3, '0190', 'Baan Ing Ping', '', '', '', '', 1, 'System', NULL, '2018-01-31 03:28:52', '2018-01-31 03:28:52'),
(191, 15, 0, 2, 101, 1, 2, 1, 3, '0191', 'My Chiang Mai Tour (Counter)', '', '', '', '', 1, 'System', NULL, '2018-01-31 03:28:52', '2018-01-31 03:28:52'),
(192, 15, 0, 3, 101, 2, 2, 0, 0, '0192', 'Jasmine Chiang Mai Boutique Hotel', '', '', '', '', 1, 'System', NULL, '2018-01-31 03:28:52', '2018-01-31 03:28:52'),
(193, 15, 0, 2, 101, 2, 2, 1, 3, '0193', 'Chu Hotel', '', '', '', '', 1, 'System', NULL, '2018-01-31 03:28:52', '2018-01-31 03:28:52'),
(194, 15, 0, 3, 101, 2, 2, 0, 0, '0194', 'I You B&B', '', '', '', '', 1, 'System', NULL, '2018-01-31 03:28:52', '2018-01-31 03:28:52'),
(195, 15, 0, 2, 101, 2, 2, 1, 1, '0195', 'Hotel De Artistes', '', '', '', '', 1, 'System', NULL, '2018-01-31 03:28:52', '2018-01-31 03:28:52'),
(196, 15, 0, 3, 101, 2, 2, 0, 0, '0196', 'The White Elephant Home', '', '', '', '', 1, 'System', NULL, '2018-01-31 03:28:52', '2018-01-31 03:28:52'),
(197, 15, 0, 2, 101, 2, 2, 1, 3, '0197', 'Holiday PlusChange toDestination Chiang Mai', '', 'K. Chang', '053-275 046 | 086-535 3646', 'windoweast@hotmail.com', 1, 'System', NULL, '2018-01-31 03:28:52', '2018-01-31 03:28:52'),
(198, 16, 1, 2, 101, 2, 2, 1, 5, '0198', 'Cozy Inn', '', '', '', '', 1, 'System', NULL, '2018-01-31 03:28:52', '2018-01-31 03:28:52'),
(199, 16, 1, 2, 101, 2, 2, 3, 2, '0199', 'C''mor', '', '', '', '', 1, 'System', NULL, '2018-01-31 03:28:52', '2018-01-31 03:28:52'),
(200, 16, 1, 3, 101, 2, 2, 1, 1, '0200', 'Welcome More', '', '', '', '', 1, 'System', NULL, '2018-01-31 03:28:52', '2018-01-31 03:28:52'),
(201, 14, 0, 2, 101, 2, 2, 1, 3, '0201', 'Western House Change toMaliroom', '', 'K. Khwan', '', '', 1, 'System', NULL, '2018-01-31 03:28:52', '2018-01-31 03:28:52'),
(202, 16, 0, 2, 101, 2, 2, 1, 3, '0202', 'Nawa Sheeva', '', '', '', '', 1, 'System', NULL, '2018-01-31 03:28:52', '2018-01-31 03:28:52'),
(203, 16, 0, 2, 101, 2, 2, 0, 0, '0203', 'The Golden Well Residence', '', '', '', '', 1, 'System', NULL, '2018-01-31 03:28:52', '2018-01-31 03:28:52'),
(204, 16, 3, 3, 101, 2, 2, 1, 1, '0204', 'Art Mai', '', '', '', '', 1, 'System', NULL, '2018-01-31 03:28:52', '2018-01-31 03:28:52'),
(205, 16, 6, 0, 100, 4, 0, 5, 4, '0205', 'Viator', '', '', '', '', 1, 'System', NULL, '2018-01-31 03:28:53', '2018-01-31 03:28:53'),
(206, 16, 6, 0, 100, 4, 0, 6, 9, '0206', 'www.tour-in-chiangmai.com', '', '', '', '', 1, 'System', NULL, '2018-01-31 03:28:53', '2018-01-31 03:28:53'),
(207, 16, 7, 0, 101, 1, 1, 0, 0, '0207', 'Chiang Mai Local Tour (K. Odi)', '', '', '', '', 1, 'System', NULL, '2018-01-31 03:28:53', '2018-01-31 03:28:53'),
(208, 16, 7, 2, 101, 2, 2, 1, 3, '0208', 'Ban Chang Tong ()', '', 'K. ', '062-451 9363 | 053-252 456', 'hm@banchangtonghotel.com ; rsvn@banchangtonghotel.com', 1, 'System', NULL, '2018-01-31 03:28:53', '2018-01-31 03:28:53'),
(209, 14, 7, 0, 102, 1, 1, 8, 0, '0209', 'Gold Star Travel', '', '', '', 'goldstartravel@hotmail.com', 1, 'System', NULL, '2018-01-31 03:28:53', '2018-01-31 03:28:53'),
(210, 14, 7, 0, 102, 1, 1, 8, 0, '0210', 'THM Richie Co., Ltd', '', 'K. Thawarat', '084-387 0933', 'tripsbuy@hotmail.com ; thm_tripsbuy@hotmail.com', 1, 'System', NULL, '2018-01-31 03:28:53', '2018-01-31 03:28:53'),
(211, 14, 7, 0, 102, 1, 1, 8, 0, '0211', 'OMG Experience', '', 'Shivek Sachdev', '02-6304600-1', 'bhutangsa@omgexp.com', 1, 'System', NULL, '2018-01-31 03:28:53', '2018-01-31 03:28:53'),
(212, 14, 7, 0, 102, 1, 1, 8, 0, '0212', 'Hopewell (Hog Lai Heng) International Travel Service Co., Ltd', '', 'K. Natthawadee', '02-2362310-1', 'hopewell_hoglaigeng@hotmail.com', 1, 'System', NULL, '2018-01-31 03:28:53', '2018-01-31 03:28:53'),
(213, 14, 7, 0, 102, 1, 1, 8, 9, '0213', 'Trikaya Cultural & Acadiemic Travel Service', '', 'K. Jib', '02-5305383 ; 087-7068869', 'operation@trikayatours.com', 1, 'System', NULL, '2018-01-31 03:28:53', '2018-01-31 03:28:53'),
(214, 14, 7, 0, 102, 1, 1, 8, 0, '0214', 'Bangkok Travel Club Co., Ltd', '', 'K. Suparat', '02-2655589', 'rapeepun@bangkoktravelclub.co.th', 1, 'System', NULL, '2018-01-31 03:28:53', '2018-01-31 03:28:53'),
(215, 14, 6, 0, 105, 1, 1, 8, 0, '0215', 'VIP Reiser Thailand', '', 'K. Hei', '038-251832', 'post@vipreiser.no', 1, 'System', NULL, '2018-01-31 03:28:53', '2018-01-31 03:28:53'),
(216, 14, 6, 0, 102, 1, 1, 8, 0, '0216', '2 July Travel Co., Ltd', '', 'K. Lek', '', 'office@2julytravel.com', 1, 'System', NULL, '2018-01-31 03:28:53', '2018-01-31 03:28:53'),
(217, 14, 5, 0, 105, 1, 1, 8, 0, '0217', 'Inn Viaggi Asia Co., Ltd', '', 'Dott. Christian Grimaccia', '02-4557032 ; 084-3867146', 'info@innviaggi.com', 1, 'System', NULL, '2018-01-31 03:28:54', '2018-01-31 03:28:54'),
(218, 16, 5, 0, 209, 1, 1, 8, 0, '0218', 'Golf Tripz (Greenedge Enterprise PVT Ltd)', '', '', '', 'operations@golftripz.com ; bookingsz@golftripz.com', 1, 'System', NULL, '2018-01-31 03:28:54', '2018-01-31 03:28:54'),
(219, 16, 6, 0, 102, 1, 1, 8, 0, '0219', 'AM Interr Service Co., Ltd', '', 'K. ', '02-1939195', 'anna@wedstrip.com', 1, 'System', NULL, '2018-01-31 03:28:54', '2018-01-31 03:28:54'),
(220, 16, 6, 0, 202, 1, 1, 8, 0, '0220', 'Triba East', '', '', '', 'enquiry@tribaeast.com ; xingfong@tribaeast.com', 1, 'System', NULL, '2018-01-31 03:28:54', '2018-01-31 03:28:54'),
(221, 16, 6, 0, 202, 1, 1, 8, 0, '0221', 'HW Genting Holiday Sdn Bhd', '', '', '', 'gavin@hwholidays.com ; ivykok@hwholidays.com', 1, 'System', NULL, '2018-01-31 03:28:54', '2018-01-31 03:28:54'),
(222, 16, 6, 0, 202, 1, 1, 8, 0, '0222', 'Sun & Tree Travel & Tour Sdn Bhd', '', '', '', 'linda@suntree.com.my', 1, 'System', NULL, '2018-01-31 03:28:54', '2018-01-31 03:28:54'),
(223, 16, 6, 0, 202, 1, 1, 8, 0, '0223', 'Asian Overland Service Tour & Travel Sdn Bhd', '', 'K. Kim Tan (manager)', '', 'kim.tan@asianoverland.com.my ; aosbki_sales@asianoverland.com.my', 1, 'System', NULL, '2018-01-31 03:28:54', '2018-01-31 03:28:54'),
(224, 16, 6, 0, 202, 1, 1, 8, 0, '0224', 'Tong Yan Travel', '', 'K. Edwin Tan', '', 'tour@tongyan.com', 1, 'System', NULL, '2018-01-31 03:28:54', '2018-01-31 03:28:54'),
(225, 16, 6, 0, 202, 1, 1, 8, 0, '0225', 'M.I.C.E Hubs Travel & Tour Sdn Bhd', '', 'Ms. Konrad Ong (md)', '', 'konradong@micehubs.com', 1, 'System', NULL, '2018-01-31 03:28:54', '2018-01-31 03:28:54'),
(226, 16, 6, 0, 206, 1, 1, 8, 0, '0226', 'Asian Empress Travel & Tour Co., Ltd', '', 'Ms. Sanda Khine', '', 'asianempresstravels@gmail.com', 1, 'System', NULL, '2018-01-31 03:28:54', '2018-01-31 03:28:54'),
(227, 16, 6, 0, 206, 1, 1, 8, 0, '0227', 'Mai Hsoong Travel Ltd', '', 'Ms. Zar Zar', '', 'info@maihsoongtravel.com ; outbound.maihsoongtravel@gmail.com', 1, 'System', NULL, '2018-01-31 03:28:54', '2018-01-31 03:28:54'),
(228, 16, 6, 0, 206, 1, 1, 8, 0, '0228', 'Easy Go Travel & Tours Co., Ltd', '', 'Ms. Yun Alice', '', 'easygotour9@gmail.com ; yun.alice@gmail.com', 1, 'System', NULL, '2018-01-31 03:28:54', '2018-01-31 03:28:54'),
(229, 16, 6, 0, 206, 1, 1, 8, 0, '0229', 'MGI Tour', '', 'K. Henry', '', 'mgitours@gmail.com', 1, 'System', NULL, '2018-01-31 03:28:55', '2018-01-31 03:28:55'),
(230, 16, 6, 0, 206, 1, 1, 8, 0, '0230', 'Travel Expert Shenzhen', '', 'Alex Pan', '', 'travelexpert@163.com', 1, 'System', NULL, '2018-01-31 03:28:55', '2018-01-31 03:28:55'),
(231, 16, 6, 0, 206, 1, 1, 8, 0, '0231', 'Elegant Lotus Travel & Tour', '', 'Ma Hpong', '', 'hpongngoon@gmail.com', 1, 'System', NULL, '2018-01-31 03:28:55', '2018-01-31 03:28:55'),
(232, 16, 6, 0, 206, 1, 1, 8, 0, '0232', 'Gulf Tour Manager', '', 'Ms.Rose (tour manager)', '', 'gtttourmanager@gmail.com', 1, 'System', NULL, '2018-01-31 03:28:55', '2018-01-31 03:28:55'),
(233, 16, 6, 0, 206, 1, 1, 8, 0, '0233', 'Great Star Light', '', 'Ms. Hnin Shwe Yee Soe (ms) Snow', '', 'greatstarlighttourism@gmail.com', 1, 'System', NULL, '2018-01-31 03:28:55', '2018-01-31 03:28:55'),
(234, 16, 6, 0, 206, 1, 1, 8, 0, '0234', 'Asiana Tour', '', 'Ms. Thei', '', 'asianaster@gmail.com', 1, 'System', NULL, '2018-01-31 03:28:55', '2018-01-31 03:28:55'),
(235, 16, 5, 0, 205, 1, 1, 8, 9, '0235', 'Rajah Travel Corporation', '', 'Ms. Jennifer L. Gapus', '', 'jlgapuz@rajahtravel.com', 1, 'System', NULL, '2018-01-31 03:28:55', '2018-01-31 03:28:55'),
(236, 16, 6, 0, 201, 1, 1, 8, 9, '0236', 'Pinnacle Travel Service Pte Ltd', '', 'Cass Chua (MD)', '', 'Supplier@pinnacle-travel.com', 1, 'System', NULL, '2018-01-31 03:28:55', '2018-01-31 03:28:55'),
(237, 0, 0, 0, 102, 1, 1, 8, 9, '0237', 'Boarding Pass', '', 'K. Ratiya', '02-2559037-8', 'travel@boardingpass.co.th', 1, 'System', NULL, '2018-01-31 03:28:55', '2018-01-31 03:28:55'),
(238, 0, 0, 0, 102, 1, 1, 8, 9, '0238', 'GTMC', '', 'K. May | K. Dias', '02-6424421', 'may@gtmcgroup.com', 1, 'System', NULL, '2018-01-31 03:28:55', '2018-01-31 03:28:55'),
(239, 16, 4, 0, 102, 1, 1, 0, 0, '0239', 'APS Trade & Travel Co., ltd', '', 'K. Podjana Promsuwan', '02-8081042', 'apstravel@hotmail.com', 1, 'System', NULL, '2018-01-31 03:28:55', '2018-01-31 03:28:55'),
(240, 16, 6, 0, 102, 1, 1, 8, 5, '0240', 'gta', '', 'K. Nid', '02-6546121', 'somanun@gta-travel.co.th ; somanun.akharakunchai@gta-travel.co.th', 1, 'System', NULL, '2018-01-31 03:28:55', '2018-01-31 03:28:55'),
(241, 16, 6, 0, 102, 1, 1, 8, 9, '0241', 'Prestige Holiday Co., Ltd', '', 'K. Suchat', '', '', 1, 'System', NULL, '2018-01-31 03:28:55', '2018-01-31 03:28:55'),
(242, 16, 7, 2, 101, 2, 2, 0, 0, '0242', 'Kate & Hasu', '20', 'K. ', '053-271355', '', 1, 'System', NULL, '2018-01-31 03:28:55', '2018-01-31 03:28:55'),
(243, 16, 7, 2, 101, 2, 2, 0, 0, '0243', 'Lanna Tree Boutique', '18', 'K. Ning (Owner)', '052-064433 | 091-8548225', '', 1, 'System', NULL, '2018-01-31 03:28:55', '2018-01-31 03:28:55'),
(244, 16, 7, 3, 101, 2, 2, 1, 1, '0244', 'Rim Nim Hostel', '7', 'K. Tony (Owner)', '091-0189247', 'rimnimchiangmai@hotmail.com', 1, 'System', NULL, '2018-01-31 03:28:55', '2018-01-31 03:28:55'),
(245, 16, 7, 3, 101, 2, 2, 0, 0, '0245', 'The Chaya Resort and Spa Chiang Mai', '46', 'K. ', '053-245995', 'info.thechaya@gmail.com', 1, 'System', NULL, '2018-01-31 03:28:55', '2018-01-31 03:28:55'),
(246, 16, 7, 0, 102, 1, 1, 8, 9, '0246', 'CTM Tour Thailand Co., Ltd', '', 'K. Chutima (Ple)', '02-1056367 | 086-6553225', 'info@ctmtourthailand.com ; ctm_tour@hotmail.com', 1, 'System', NULL, '2018-01-31 03:28:55', '2018-01-31 03:28:55'),
(247, 16, 7, 2, 101, 2, 2, 1, 3, '0247', 'MD Boutique Hotel', '', 'K. Cat', '085-0376535 | 090 945 4041', 'mdhousecm@yahoo.com', 1, 'System', NULL, '2018-01-31 03:28:56', '2018-01-31 03:28:56'),
(248, 16, 7, 0, 202, 1, 1, 8, 9, '0248', 'Titian Permata Travel & Tour Sdh Hbd', '', 'SITI RAFIAH ADAM', '603-4142 3334-7', 'titianpermatatravel@hotmail.com', 1, 'System', NULL, '2018-01-31 03:28:56', '2018-01-31 03:28:56'),
(249, 16, 6, 0, 101, 1, 1, 1, 9, '0249', 'Greendays Travel', '', 'K. ', '053-449 522 | 098-105 5703', 'greendays.cm@gmail.com', 1, 'System', NULL, '2018-01-31 03:28:56', '2018-01-31 03:28:56'),
(250, 16, 7, 2, 101, 2, 2, 0, 0, '0250', 'Wua Lai Boutique Hotel Chiang Mai', '12', 'K. ', '053-285 285', 'wualaiboutiquehotel@gmail.com', 1, 'System', NULL, '2018-01-31 03:28:56', '2018-01-31 03:28:56'),
(251, 16, 7, 2, 101, 2, 2, 0, 0, '0251', 'iWuolai Hotel', '29', 'K.  | K. ', '053-271800', 'info@wualai.com ; reservation@iwualai.com', 1, 'System', NULL, '2018-01-31 03:28:56', '2018-01-31 03:28:56'),
(252, 16, 8, 2, 101, 1, 1, 1, 3, '0252', 'Rowaco Asia Travel', '', 'K. Tai', '089-851 2076', 'www.rowaco.co.th', 1, 'System', NULL, '2018-01-31 03:28:56', '2018-01-31 03:28:56'),
(253, 16, 7, 3, 101, 2, 2, 1, 3, '0253', 'Hyde Park Residence Chiang Mai', '', 'K.  / K.  / ', '053-275 959', 'aom2211@hotmail.com', 1, 'System', NULL, '2018-01-31 03:28:56', '2018-01-31 03:28:56'),
(254, 14, 0, 0, 102, 1, 1, 8, 9, '0254', 'New WTS Travel Service Co., Ltd', '', 'Ms. Assel (Tour Co)', '02-369 3955-7 | 081-355 0498', 'info@new-wts.com', 1, 'System', NULL, '2018-01-31 03:28:57', '2018-01-31 03:28:57'),
(255, 16, 8, 2, 101, 2, 2, 1, 1, '0255', 'Trantong Boutique', '12', 'K. ', '053-222462', '', 1, 'System', NULL, '2018-01-31 03:28:57', '2018-01-31 03:28:57'),
(256, 16, 8, 0, 101, 2, 2, 1, 1, '0256', 'Lanna Dusita', '', 'K. ', '053-110 345', 'gm@lannadusita.com ; info@lannadusita.com', 1, 'System', NULL, '2018-01-31 03:28:57', '2018-01-31 03:28:57'),
(257, 16, 9, 0, 101, 1, 1, 1, 9, '0257', 'Virtual Travel Guide', '', 'K. Andrew | K. J J', '090-054 1114', 'jayjay.chiangmai@gmail.com', 1, 'System', NULL, '2018-01-31 03:28:57', '2018-01-31 03:28:57'),
(258, 16, 2, 0, 103, 1, 1, 1, 9, '0258', 'Wild Kingdom', '', 'K. Per Butler', '085-072 1886', 'info@wildkingdomtours.com', 1, 'System', NULL, '2018-01-31 03:28:57', '2018-01-31 03:28:57'),
(259, 16, 1, 0, 101, 1, 1, 1, 3, '0259', 'T.P.T Chiang Mai Tourisport', '', 'K. Nuii Panida', '053-132 727', 'cnxtouristport_jjtravel@hotmail.com', 1, 'System', NULL, '2018-01-31 03:28:57', '2018-01-31 03:28:57'),
(260, 16, 0, 0, 102, 1, 1, 1, 9, '0260', 'Continental International', '', 'K. Joe', '02-254 8196', 'joe.bkk@continentalhktravel.com', 1, 'System', NULL, '2018-01-31 03:28:57', '2018-01-31 03:28:57'),
(261, 15, 4, 0, 102, 1, 1, 1, 9, '0261', 'Planet World Wide', '', '', '02-744 5155-7', 'info_thailand@planetworldwide.com', 1, 'System', NULL, '2018-01-31 03:28:57', '2018-01-31 03:28:57'),
(262, 16, 9, 0, 201, 1, 1, 8, 9, '0262', 'Be My Guest', '', 'K. Vivian | K. ', '65 6743 9812 | 087-673 8656', 'Vivian Lian <vivian@bemyguest.sg> ; pai@bemyguest.com.sg', 1, 'System', NULL, '2018-01-31 03:28:57', '2018-01-31 03:28:57'),
(263, 16, 9, 0, 102, 1, 1, 8, 9, '0263', 'Thai Incoming Co., Ltd.', '', ' ', '02-255 3583', 'Ms. Dampawan <operations1@thaiincoming.com>', 1, 'System', NULL, '2018-01-31 03:28:57', '2018-01-31 03:28:57'),
(264, 16, 9, 0, 102, 1, 1, 8, 9, '0264', 'Retail Business Service', '', 'K. ', '089-877 8497', 'jeerapa@rbs-center.info', 1, 'System', NULL, '2018-01-31 03:28:57', '2018-01-31 03:28:57'),
(265, 16, 9, 2, 101, 2, 1, 1, 3, '0265', 'Guarantee Great Tours', '', 'K. ()', '095-6395886 ; 089-853 0027', 'guaranteegreattour@gmail.com', 1, 'System', NULL, '2018-01-31 03:28:57', '2018-01-31 03:28:57'),
(266, 16, 10, 0, 102, 1, 1, 8, 9, '0266', 'The Thai Star Co., Ltd', '', 'Chumphaphatporn (Sue) Rithmontree', '097-204 0218', 'thethaistar@hotmail.com ; contact@thethaistartravels.com', 1, 'System', NULL, '2018-01-31 03:28:57', '2018-01-31 03:28:57'),
(267, 16, 10, 0, 102, 1, 1, 8, 9, '0267', 'Inflight Service Co., Ltd', '', 'K. Tina', '02-884 7099', 'tina@inflightholidays.com', 1, 'System', NULL, '2018-01-31 03:28:57', '2018-01-31 03:28:57'),
(268, 16, 10, 0, 102, 1, 1, 8, 9, '0268', 'Bangkok Icon Tour (wetourthailand.com)', '', 'K. Nathicha', '081-811 9007', 'bangkokicon@gmail.com', 1, 'System', NULL, '2018-01-31 03:28:57', '2018-01-31 03:28:57'),
(269, 16, 10, 2, 101, 2, 2, 0, 0, '0269', 'Sabaidee Chiang Mai', '32', 'K. Pooklok (Front)', '053-287670', 'sabaideechiangmai@gmail.com', 1, 'System', NULL, '2018-01-31 03:28:58', '2018-01-31 03:28:58'),
(270, 16, 10, 2, 101, 2, 2, 0, 0, '0270', 'S17 @ Nimman', '80', 'K. Tookta', '053-221717', 'rsvn@s17nimman.com ; info@s17nimman.com', 1, 'System', NULL, '2018-01-31 03:28:58', '2018-01-31 03:28:58'),
(271, 16, 10, 0, 102, 1, 1, 8, 9, '0271', 'New Thai Trade', '', 'K. Joy', '081-312 0081', 'nttt1956@gmail.com', 1, 'System', NULL, '2018-01-31 03:28:58', '2018-01-31 03:28:58'),
(272, 16, 10, 0, 205, 1, 1, 8, 9, '0272', 'Boo Boo Travel ans Tour Inc.', '', 'Mar Vene B. Dasco (GM)', '63-2-242 7852 / 02-697 5793', 'info@boobootravels@gmail.com ; boobootravels@gmail.com', 1, 'System', NULL, '2018-01-31 03:28:58', '2018-01-31 03:28:58'),
(273, 16, 10, 0, 101, 5, 7, 1, 1, '0273', 'Radios Tour', '', 'K. Jeed', '', '', 1, 'System', NULL, '2018-01-31 03:28:58', '2018-01-31 03:28:58'),
(274, 16, 10, 2, 101, 2, 2, 0, 0, '0274', 'Wealth Boutique Hotel', '13', 'K. Ben (Admin)', '053-903 702', 'wealthboutiquehotel@gmail.com', 1, 'System', NULL, '2018-01-31 03:28:58', '2018-01-31 03:28:58'),
(275, 16, 10, 2, 101, 2, 2, 0, 0, '0275', 'De Klang Vieng', '5', 'K. Kem (Owner)', '092-391 5828', '', 1, 'System', NULL, '2018-01-31 03:28:58', '2018-01-31 03:28:58'),
(276, 16, 11, 0, 102, 1, 1, 8, 9, '0276', 'Giftbox Travel Co.,Ltd', '', 'K. Cheewanart', '02 2778049', 'info@giftboxtravel.com', 1, 'System', NULL, '2018-01-31 03:28:58', '2018-01-31 03:28:58'),
(277, 16, 11, 2, 101, 2, 2, 1, 8, '0277', 'My Chiang Mai Boutique Lodge', '', 'K. ', '053-232 344', '', 1, 'System', NULL, '2018-01-31 03:28:58', '2018-01-31 03:28:58'),
(278, 16, 11, 2, 101, 2, 2, 1, 1, '0278', 'Buri Siri Boutique Hotel', '', 'K. ', '053-217834', '', 1, 'System', NULL, '2018-01-31 03:28:58', '2018-01-31 03:28:58'),
(279, 16, 11, 0, 101, 1, 1, 1, 4, '0279', 'NST-TC EVENT', '', 'K. Chock', '081-8835640', '', 1, 'System', NULL, '2018-01-31 03:28:58', '2018-01-31 03:28:58'),
(280, 16, 11, 2, 101, 2, 2, 0, 0, '0280', 'B House Boutique Hotel', '', 'K. Ying', '053-273 540', '', 1, 'System', NULL, '2018-01-31 03:28:58', '2018-01-31 03:28:58'),
(281, 16, 11, 0, 206, 2, 2, 8, 9, '0281', 'Go & Go Travel and Tour Co., Ltd', '', 'K. Nyi Nyi', '', 'goandgotravels@gmail.com', 1, 'System', NULL, '2018-01-31 03:28:58', '2018-01-31 03:28:58'),
(282, 16, 11, 2, 101, 2, 2, 1, 1, '0282', 'SMITH RESIDENCE', '', 'K. ', '053-210710', '', 1, 'System', NULL, '2018-01-31 03:28:58', '2018-01-31 03:28:58'),
(283, 16, 11, 2, 101, 2, 2, 1, 1, '0283', 'GREEN SLEEP', '', 'K. GOOD', '061-4640919', 'RACHADOMNERN SOI 7', 1, 'System', NULL, '2018-01-31 03:28:58', '2018-01-31 03:28:58'),
(284, 16, 11, 2, 101, 2, 7, 0, 0, '0284', 'Thong Rang''s House', '', 'K.  | K. ', '081-567 6173', 'thongranhouse@gmail.com', 1, 'System', NULL, '2018-01-31 03:28:59', '2018-01-31 03:28:59'),
(285, 16, 11, 2, 101, 2, 2, 1, 1, '0285', 'Chiang Mai Grand View', '', 'K. F', '053-220 100-9', 'sales@chiangmaigrandview.com | info@chiangmaigrandview.com', 1, 'System', NULL, '2018-01-31 03:28:59', '2018-01-31 03:28:59'),
(286, 16, 11, 2, 101, 2, 2, 3, 2, '0286', 'X-Kingdom Guesthouse', '', 'K. ', '', '', 1, 'System', NULL, '2018-01-31 03:28:59', '2018-01-31 03:28:59'),
(287, 16, 11, 3, 101, 2, 2, 1, 1, '0287', 'ANANTARA SERVICE SUITE', '', 'k.TONG', '053-253 333', '', 1, 'System', NULL, '2018-01-31 03:28:59', '2018-01-31 03:28:59'),
(288, 16, 11, 2, 101, 2, 2, 1, 3, '0288', 'VIANG LUANG', '', 'K. ', '053-271 936-9', 'reservation@viangluangresort.com', 1, 'System', NULL, '2018-01-31 03:28:59', '2018-01-31 03:28:59'),
(289, 16, 11, 2, 101, 2, 2, 0, 0, '0289', 'Battery Park Midtown Villa', '', 'K. Mon', '053-233 864', 'batteryparkvilla@gmail.com', 1, 'System', NULL, '2018-01-31 03:28:59', '2018-01-31 03:28:59'),
(290, 16, 11, 2, 101, 2, 2, 0, 0, '0290', 'Baan Yin Dee', '', 'Front', '087-162 5777', '', 1, 'System', NULL, '2018-01-31 03:28:59', '2018-01-31 03:28:59'),
(291, 16, 11, 2, 101, 2, 2, 1, 1, '0291', 'Makka Chiva', '', 'K. Prasert', '062-451 9363 | 053-285 196-7', 'info@makkachiva.co.th', 1, 'System', NULL, '2018-01-31 03:28:59', '2018-01-31 03:28:59'),
(292, 16, 12, 0, 101, 2, 2, 1, 1, '0292', 'Hongkhao Village', '', 'K. Pink', '087-981 8579', ' ', 1, 'System', NULL, '2018-01-31 03:28:59', '2018-01-31 03:28:59'),
(293, 16, 12, 2, 101, 1, 1, 1, 3, '0293', 'Spirit Tour Thailand', '', 'K. Pom (Niracha)', '081-603 5434 | 089-951 9994', 'nirachasaksopin@gmail.com', 1, 'System', NULL, '2018-01-31 03:28:59', '2018-01-31 03:28:59'),
(294, 17, 1, 0, 102, 1, 1, 8, 9, '0294', 'Absolute Bangkok & Absolute Chiang Mai', '', 'K. Ann Petploy', '089 - 922 2906 |02-277 3307', 'info@adsolutebangkoktour.com', 1, 'System', NULL, '2018-01-31 03:28:59', '2018-01-31 03:28:59'),
(295, 17, 1, 0, 102, 1, 1, 8, 9, '0295', 'Pacific Horizon Travel', '', 'K. Panatsiya', '02-184 3524-5', 'pactrvl@pacifichorizontravel.com ; pacifichorizontravel@gmail.com', 1, 'System', NULL, '2018-01-31 03:28:59', '2018-01-31 03:28:59'),
(296, 17, 1, 0, 101, 1, 1, 1, 2, '0296', 'Friend for Asia', '', 'K. ', '053-232 053', '', 1, 'System', NULL, '2018-01-31 03:28:59', '2018-01-31 03:28:59'),
(297, 17, 1, 3, 101, 2, 2, 1, 1, '0297', 'Thai Akara Lanna Boutique', '26', 'K.  | K. ', '053-215 995 | 053 - 217 133', 'reservation@thaiakara.com', 1, 'System', NULL, '2018-01-31 03:28:59', '2018-01-31 03:28:59'),
(298, 17, 1, 2, 101, 2, 2, 1, 1, '0298', 'Viang Ngam Lanna Villa', '', 'K. Ton (F)', '053-217 195, 093 - 297 6677', 'viangngamlannavilla@gmail.com', 1, 'System', NULL, '2018-01-31 03:28:59', '2018-01-31 03:28:59'),
(299, 17, 2, 2, 101, 2, 2, 0, 0, '0299', 'Old Town Chiang Mai Boutique', '', 'K.  (Manager)', '053- 287 706-7', 'oldtown.cnx@gmail.com', 1, 'System', NULL, '2018-01-31 03:28:59', '2018-01-31 03:28:59'),
(300, 17, 2, 0, 101, 2, 2, 3, 2, '0300', 'Sibsan Luxury Hotel', '', 'K.  |K. ', '090-131 9837', '', 1, 'System', NULL, '2018-01-31 03:28:59', '2018-01-31 03:28:59'),
(301, 17, 2, 2, 101, 2, 2, 0, 0, '0301', 'Baan Hanibah Bed & Breakfast', '', 'K.  (owner)', '053-287 524', 'baanhanibah@gmail.com', 1, 'System', NULL, '2018-01-31 03:29:00', '2018-01-31 03:29:00'),
(302, 17, 2, 3, 101, 2, 2, 3, 2, '0302', 'Casa Marocc Chiang Mai', '', 'K.  GM | K.  K.  Front)', '062-4519363 | 053-272709', 'gm@csasa-marocc.com |', 1, 'System', NULL, '2018-01-31 03:29:00', '2018-01-31 03:29:00'),
(303, 17, 2, 3, 101, 2, 2, 1, 1, '0303', 'S''Trips Poshtel', '', 'K. ', '092-369 5624', 'stripsposhtel@gmail.com', 1, 'System', NULL, '2018-01-31 03:29:00', '2018-01-31 03:29:00'),
(304, 17, 3, 3, 101, 2, 2, 1, 1, '0304', 'Lanna Boutique Resort', '', 'K. ', '053-221 288', '', 1, 'System', NULL, '2018-01-31 03:29:00', '2018-01-31 03:29:00'),
(305, 17, 4, 3, 101, 2, 2, 1, 1, '0305', 'Na Nirund Boutique Resort', '', 'K. ', '053280 988', 'rsvn@nanirund.com', 1, 'System', NULL, '2018-01-31 03:29:00', '2018-01-31 03:29:00'),
(306, 17, 4, 3, 101, 2, 2, 3, 2, '0306', 'Mhon Sa Hotel', '', 'k.Fren', '053-280272', 'mhonsahotel@outlook.com', 1, 'System', NULL, '2018-01-31 03:29:00', '2018-01-31 03:29:00');
INSERT INTO `customer_codes` (`id`, `customer_year_ref_id`, `customer_month_ref_id`, `customer_sale_ref_id`, `customer_location_ref_id`, `customer_type_ref_id`, `customer_seller_ref_id`, `customer_payment_ref_id`, `customer_collect_ref_id`, `code`, `customer_name`, `room`, `contact_person`, `contact_number`, `email`, `is_active`, `created_by`, `updated_by`, `created_at`, `updated_at`) VALUES
(307, 17, 4, 3, 101, 2, 2, 0, 0, '0307', 'Bed Chiang Mai Gate', '', 'K. ', '053-277 707 / 062-023 3030', 'info@bed.co.th', 1, 'System', NULL, '2018-01-31 03:29:00', '2018-01-31 03:29:00'),
(308, 17, 4, 0, 102, 1, 1, 8, 9, '0308', 'Amu Jamu Co., Ltd', '', 'K. Pui | K. Bindu | K.Tuk', '080-199 9155 | 085-227 7525', 'jhbindu@amujamu.com , support@amujamu.com', 1, 'System', NULL, '2018-01-31 03:29:00', '2018-01-31 03:29:00'),
(309, 17, 5, 0, 102, 1, 1, 8, 9, '0309', 'Royal Silk Holidays Co., Ltd', '', 'K. Ploy (Sale) }K. Supaporn (MD)', '02-6416063-5 #21', 'mkt@royalsilkholiday.com , products@royalsilkholiday.com', 1, 'System', NULL, '2018-01-31 03:29:00', '2018-01-31 03:29:00'),
(310, 17, 5, 3, 101, 2, 2, 0, 0, '0310', 'Amata Lanna Village', '', 'K. ', '081-7163116', 'amatalannavillage@hotmail.com', 1, 'System', NULL, '2018-01-31 03:29:00', '2018-01-31 03:29:00'),
(311, 17, 5, 3, 101, 2, 2, 1, 1, '0311', 'Sanae''s Hotel Chiang Mai', '19', 'K.  / ', '053--222 299', '', 1, 'System', NULL, '2018-01-31 03:29:00', '2018-01-31 03:29:00'),
(312, 17, 6, 3, 101, 2, 2, 0, 0, '0312', 'Ratana Hotel (www.ratanahotel.com)', '44', 'K. ', '086-671 2213 / 053-272 716', 'ratanahotelcm@gmail.com', 1, 'System', NULL, '2018-01-31 03:29:00', '2018-01-31 03:29:00'),
(313, 17, 6, 3, 101, 1, 1, 0, 0, '0313', 'PB Travel Agency Center Co., Ltd', '', 'K. ', '053-272 338 / 083-517 4258', '', 1, 'System', NULL, '2018-01-31 03:29:00', '2018-01-31 03:29:00'),
(314, 17, 6, 0, 200, 1, 1, 5, 4, '0314', 'Trazy Co., Ltd', '', 'Jahyun Kang', '02-705 7411', 'jkang@trazy.com', 1, 'System', NULL, '2018-01-31 03:29:00', '2018-01-31 03:29:00'),
(315, 17, 6, 0, 105, 1, 1, 8, 9, '0315', 'Amazing Tour and Travel (Chonburi)', '', 'K. Rattikarn', '061-453 2348 | 097-004 5202', 'amazingtour26@gmail.com', 1, 'System', NULL, '2018-01-31 03:29:01', '2018-01-31 03:29:01'),
(316, 17, 7, 0, 101, 2, 2, 1, 1, '0316', 'Pang Suan Kaew (Front)', '', 'K. Yui / Front', '', '', 1, 'System', NULL, '2018-01-31 03:29:01', '2018-01-31 03:29:01'),
(317, 17, 8, 0, 102, 1, 1, 8, 9, '0317', 'Sighseeing Group Co., Ltd', '', 'K.  ', '089-112 7071 | 081-721 7793', 'dos@sighseeinggroup.com ; rsvn@sighseeinggroup.com', 1, 'System', NULL, '2018-01-31 03:29:01', '2018-01-31 03:29:01'),
(318, 17, 8, 0, 102, 1, 1, 8, 9, '0318', 'Buono Tour Co., Ltd', '', 'K. ', '099-809 8090', 'buono8090@gmail.com', 1, 'System', NULL, '2018-01-31 03:29:01', '2018-01-31 03:29:01'),
(319, 17, 8, 0, 102, 1, 1, 8, 9, '0319', 'ITC Bangkok Co., Ltd', '', 'K . Ice', '02- 832 0777', '', 1, 'System', NULL, '2018-01-31 03:29:01', '2018-01-31 03:29:01'),
(320, 17, 8, 0, 102, 1, 1, 8, 9, '0320', 'Golden Discovery', '', 'K. ', '02 - 559 2555', 'gddtour.ac2@hotmail.com', 1, 'System', NULL, '2018-01-31 03:29:01', '2018-01-31 03:29:01'),
(321, 17, 8, 0, 105, 1, 1, 8, 9, '0321', 'Yor Thai Holidays (Yor indo-thai group co., ltd)', '', 'Mr. Bharat Bhatia', '081- 147 6767', 'info@yorthaiholidays.com', 1, 'System', NULL, '2018-01-31 03:29:01', '2018-01-31 03:29:01'),
(322, 17, 8, 0, 102, 1, 1, 8, 9, '0322', 'Om Tour and Trading (Thailand) Co., Ltd', '', 'K. Tong', '02- 233 9508', 'sales@omholidaytours.com', 1, 'System', NULL, '2018-01-31 03:29:01', '2018-01-31 03:29:01'),
(323, 17, 8, 2, 101, 2, 2, 0, 0, '0323', 'Once Upon a Time Boutique Home', '6', 'K. ', '053-904 199 | 099-291 4458', '', 1, 'System', NULL, '2018-01-31 03:29:01', '2018-01-31 03:29:01'),
(324, 17, 8, 2, 101, 2, 2, 0, 0, '0324', 'Le Charcoa Hotel Agoda', '19', 'K. ', '053-326 274', '', 1, 'System', NULL, '2018-01-31 03:29:01', '2018-01-31 03:29:01'),
(325, 17, 8, 2, 101, 2, 2, 0, 0, '0325', 'Sabai Sabai Hotel', '49', 'K. ', '053- 213 234', '', 1, 'System', NULL, '2018-01-31 03:29:01', '2018-01-31 03:29:01'),
(326, 17, 8, 2, 101, 2, 2, 0, 0, '0326', 'X2 Chiang Mai Riverside Resort', '', 'k. Tan / K. New', '', 'sm.cmr@x2resorts.com', 1, 'System', NULL, '2018-01-31 03:29:01', '2018-01-31 03:29:01'),
(327, 17, 9, 0, 100, 4, 0, 5, 8, '0327', 'Get Your Guide', 'OTA', 'K. ', '089 - 990 0657', 'poon.rungruangpolegetyourguide.com', 1, 'System', NULL, '2018-01-31 03:29:01', '2018-01-31 03:29:01'),
(328, 17, 10, 0, 102, 1, 1, 4, 9, '0328', 'Triumph Star Co., Ltd', 'BKK', 'K. ', '089 - 127 1999 | 02-587 6137', 'ts.triumphstar@gmail.com', 1, 'System', NULL, '2018-01-31 03:29:01', '2018-01-31 03:29:01'),
(329, 17, 10, 2, 101, 2, 2, 1, 3, '0329', 'De Chai The Deco', '52', 'K.  | K. Am', '053 - 273 700', 'rsvn.thedeco@dechaihotel.com', 1, 'System', NULL, '2018-01-31 03:29:01', '2018-01-31 03:29:01'),
(330, 17, 10, 2, 101, 2, 2, 0, 0, '0330', 'The Signature Hotel @ Thapae', '49', ', , , ', '053 - 233 700 } 098-281 5462', 'signaturehotelcnx@gmail.com', 1, 'System', NULL, '2018-01-31 03:29:01', '2018-01-31 03:29:01'),
(331, 17, 11, 0, 101, 2, 2, 0, 0, '0331', 'Bossotel Inn (due with P'' Chock)', '', '', '088 - 088 0980', 'bossocm@bossotelinn.com', 1, 'System', NULL, '2018-01-31 03:29:01', '2018-01-31 03:29:01'),
(332, 18, 1, 0, 101, 1, 1, 2, 0, '0332', 'Nature Joy Tour (Alternative Health Center Co., Ltd)', '', '', '053-240 020', 'naturejoytour@gmail.com', 1, 'System', NULL, '2018-01-31 03:29:02', '2018-01-31 03:29:02');

-- --------------------------------------------------------

--
-- Table structure for table `customer_collection_refs`
--

CREATE TABLE IF NOT EXISTS `customer_collection_refs` (
  `id` int(11) NOT NULL,
  `collection` varchar(50) COLLATE utf8_unicode_ci NOT NULL,
  `is_active` tinyint(4) NOT NULL DEFAULT '1',
  `created_by` varchar(50) COLLATE utf8_unicode_ci NOT NULL DEFAULT 'System',
  `updated_by` varchar(50) COLLATE utf8_unicode_ci DEFAULT NULL,
  `created_at` timestamp NOT NULL DEFAULT '0000-00-00 00:00:00',
  `updated_at` timestamp NOT NULL DEFAULT '0000-00-00 00:00:00'
) ENGINE=InnoDB DEFAULT CHARSET=utf8 COLLATE=utf8_unicode_ci;

--
-- Dumping data for table `customer_collection_refs`
--

INSERT INTO `customer_collection_refs` (`id`, `collection`, `is_active`, `created_by`, `updated_by`, `created_at`, `updated_at`) VALUES
(0, 'Not Active', 1, 'System', NULL, '2018-01-31 03:29:03', '2018-01-31 03:29:03'),
(1, 'Net at Front (on travelling date)', 1, 'System', NULL, '2018-01-31 03:29:03', '2018-01-31 03:29:03'),
(2, 'Selling Price at Guest (on travelling date)', 1, 'System', NULL, '2018-01-31 03:29:03', '2018-01-31 03:29:03'),
(3, 'Voucher - Cash credit (1-15 days)', 1, 'System', NULL, '2018-01-31 03:29:03', '2018-01-31 03:29:03'),
(4, 'Voucher - Cash credit (16-30 days)', 1, 'System', NULL, '2018-01-31 03:29:03', '2018-01-31 03:29:03'),
(5, 'Voucher - Weekly Billing Credit 1-15 days', 1, 'System', NULL, '2018-01-31 03:29:03', '2018-01-31 03:29:03'),
(6, 'Voucher - Weekly Billing Credit 16-30 days', 1, 'System', NULL, '2018-01-31 03:29:03', '2018-01-31 03:29:03'),
(7, 'Voucher - 15 Days Billing Credit 1-15 days', 1, 'System', NULL, '2018-01-31 03:29:03', '2018-01-31 03:29:03'),
(8, 'Voucher - Monthly Billing Credit 25-30 days', 1, 'System', NULL, '2018-01-31 03:29:03', '2018-01-31 03:29:03'),
(9, 'Prepayment', 1, 'System', NULL, '2018-01-31 03:29:03', '2018-01-31 03:29:03');

-- --------------------------------------------------------

--
-- Table structure for table `customer_location_refs`
--

CREATE TABLE IF NOT EXISTS `customer_location_refs` (
  `id` int(11) NOT NULL,
  `location` varchar(50) COLLATE utf8_unicode_ci NOT NULL,
  `continent` varchar(50) COLLATE utf8_unicode_ci NOT NULL,
  `is_active` tinyint(4) NOT NULL DEFAULT '1',
  `created_by` varchar(50) COLLATE utf8_unicode_ci NOT NULL DEFAULT 'System',
  `updated_by` varchar(50) COLLATE utf8_unicode_ci DEFAULT NULL,
  `created_at` timestamp NOT NULL DEFAULT '0000-00-00 00:00:00',
  `updated_at` timestamp NOT NULL DEFAULT '0000-00-00 00:00:00'
) ENGINE=InnoDB DEFAULT CHARSET=utf8 COLLATE=utf8_unicode_ci;

--
-- Dumping data for table `customer_location_refs`
--

INSERT INTO `customer_location_refs` (`id`, `location`, `continent`, `is_active`, `created_by`, `updated_by`, `created_at`, `updated_at`) VALUES
(100, 'Internet', '', 1, 'System', NULL, '2018-01-31 03:29:04', '2018-01-31 03:29:04'),
(101, 'Chiang Mai', 'Thailand', 1, 'System', NULL, '2018-01-31 03:29:04', '2018-01-31 03:29:04'),
(102, 'Bangkok', 'Thailand', 1, 'System', NULL, '2018-01-31 03:29:04', '2018-01-31 03:29:04'),
(103, 'Phuket', 'Thailand', 1, 'System', NULL, '2018-01-31 03:29:04', '2018-01-31 03:29:04'),
(104, 'Krabi', 'Thailand', 1, 'System', NULL, '2018-01-31 03:29:04', '2018-01-31 03:29:04'),
(105, 'Other in TH', 'Thailand', 1, 'System', NULL, '2018-01-31 03:29:04', '2018-01-31 03:29:04'),
(200, 'Other in Asia', 'Asia', 1, 'System', NULL, '2018-01-31 03:29:04', '2018-01-31 03:29:04'),
(201, 'Singapore', 'Asia', 1, 'System', NULL, '2018-01-31 03:29:04', '2018-01-31 03:29:04'),
(202, 'Malaysia', 'Asia', 1, 'System', NULL, '2018-01-31 03:29:04', '2018-01-31 03:29:04'),
(203, 'Cambodia', 'Asia', 1, 'System', NULL, '2018-01-31 03:29:05', '2018-01-31 03:29:05'),
(204, 'Hongkong', 'Asia', 1, 'System', NULL, '2018-01-31 03:29:05', '2018-01-31 03:29:05'),
(205, 'Philippine', 'Asia', 1, 'System', NULL, '2018-01-31 03:29:05', '2018-01-31 03:29:05'),
(206, 'Myanmar', 'Asia', 1, 'System', NULL, '2018-01-31 03:29:05', '2018-01-31 03:29:05'),
(207, 'Vietnam', 'Asia', 1, 'System', NULL, '2018-01-31 03:29:05', '2018-01-31 03:29:05'),
(208, 'Laos', 'Asia', 1, 'System', NULL, '2018-01-31 03:29:05', '2018-01-31 03:29:05'),
(301, 'Sweden', 'Eulope', 1, 'System', NULL, '2018-01-31 03:29:05', '2018-01-31 03:29:05'),
(302, 'Germany', 'Eulope', 1, 'System', NULL, '2018-01-31 03:29:05', '2018-01-31 03:29:05'),
(303, 'France', 'Eulope', 1, 'System', NULL, '2018-01-31 03:29:05', '2018-01-31 03:29:05'),
(401, 'Australia', 'Australia', 1, 'System', NULL, '2018-01-31 03:29:05', '2018-01-31 03:29:05'),
(502, 'New zealand', 'New Zealand', 1, 'System', NULL, '2018-01-31 03:29:05', '2018-01-31 03:29:05');

-- --------------------------------------------------------

--
-- Table structure for table `customer_month_refs`
--

CREATE TABLE IF NOT EXISTS `customer_month_refs` (
  `id` int(11) NOT NULL,
  `month` varchar(30) COLLATE utf8_unicode_ci NOT NULL,
  `is_active` tinyint(4) NOT NULL DEFAULT '1',
  `created_by` varchar(50) COLLATE utf8_unicode_ci NOT NULL DEFAULT 'System',
  `updated_by` varchar(50) COLLATE utf8_unicode_ci DEFAULT NULL,
  `created_at` timestamp NOT NULL DEFAULT '0000-00-00 00:00:00',
  `updated_at` timestamp NOT NULL DEFAULT '0000-00-00 00:00:00'
) ENGINE=InnoDB DEFAULT CHARSET=utf8 COLLATE=utf8_unicode_ci;

--
-- Dumping data for table `customer_month_refs`
--

INSERT INTO `customer_month_refs` (`id`, `month`, `is_active`, `created_by`, `updated_by`, `created_at`, `updated_at`) VALUES
(0, '', 1, 'System', NULL, '2018-01-31 03:29:06', '2018-01-31 03:29:06'),
(1, 'Jan', 1, 'System', NULL, '2018-01-31 03:29:06', '2018-01-31 03:29:06'),
(2, 'Feb', 1, 'System', NULL, '2018-01-31 03:29:06', '2018-01-31 03:29:06'),
(3, 'Mar', 1, 'System', NULL, '2018-01-31 03:29:06', '2018-01-31 03:29:06'),
(4, 'Apr', 1, 'System', NULL, '2018-01-31 03:29:06', '2018-01-31 03:29:06'),
(5, 'May', 1, 'System', NULL, '2018-01-31 03:29:06', '2018-01-31 03:29:06'),
(6, 'Jun', 1, 'System', NULL, '2018-01-31 03:29:06', '2018-01-31 03:29:06'),
(7, 'Jul', 1, 'System', NULL, '2018-01-31 03:29:07', '2018-01-31 03:29:07'),
(8, 'Aug', 1, 'System', NULL, '2018-01-31 03:29:07', '2018-01-31 03:29:07'),
(9, 'Sep', 1, 'System', NULL, '2018-01-31 03:29:07', '2018-01-31 03:29:07'),
(10, 'Oct', 1, 'System', NULL, '2018-01-31 03:29:07', '2018-01-31 03:29:07'),
(11, 'Nov', 1, 'System', NULL, '2018-01-31 03:29:07', '2018-01-31 03:29:07'),
(12, 'Dec', 1, 'System', NULL, '2018-01-31 03:29:07', '2018-01-31 03:29:07');

-- --------------------------------------------------------

--
-- Table structure for table `customer_payment_refs`
--

CREATE TABLE IF NOT EXISTS `customer_payment_refs` (
  `id` int(11) NOT NULL,
  `payment` varchar(255) COLLATE utf8_unicode_ci NOT NULL,
  `is_active` tinyint(4) NOT NULL DEFAULT '1',
  `created_by` varchar(50) COLLATE utf8_unicode_ci NOT NULL DEFAULT 'System',
  `updated_by` varchar(50) COLLATE utf8_unicode_ci DEFAULT NULL,
  `created_at` timestamp NOT NULL DEFAULT '0000-00-00 00:00:00',
  `updated_at` timestamp NOT NULL DEFAULT '0000-00-00 00:00:00'
) ENGINE=InnoDB DEFAULT CHARSET=utf8 COLLATE=utf8_unicode_ci;

--
-- Dumping data for table `customer_payment_refs`
--

INSERT INTO `customer_payment_refs` (`id`, `payment`, `is_active`, `created_by`, `updated_by`, `created_at`, `updated_at`) VALUES
(0, 'Not Active', 1, 'System', NULL, '2018-01-31 03:29:08', '2018-01-31 03:29:08'),
(1, 'Net Price (local)', 1, 'System', NULL, '2018-01-31 03:29:08', '2018-01-31 03:29:08'),
(2, 'Net + 3%', 1, 'System', NULL, '2018-01-31 03:29:08', '2018-01-31 03:29:08'),
(3, 'Selling Price', 1, 'System', NULL, '2018-01-31 03:29:08', '2018-01-31 03:29:08'),
(4, 'Voucher', 1, 'System', NULL, '2018-01-31 03:29:08', '2018-01-31 03:29:08'),
(5, 'Less 20% of selling price', 1, 'System', NULL, '2018-01-31 03:29:08', '2018-01-31 03:29:08'),
(6, 'Paypal (issue by system)', 1, 'System', NULL, '2018-01-31 03:29:08', '2018-01-31 03:29:08'),
(7, 'Paypal (issue by TC Office)', 1, 'System', NULL, '2018-01-31 03:29:08', '2018-01-31 03:29:08'),
(8, 'Net Price (other country)', 1, 'System', NULL, '2018-01-31 03:29:09', '2018-01-31 03:29:09');

-- --------------------------------------------------------

--
-- Table structure for table `customer_sale_refs`
--

CREATE TABLE IF NOT EXISTS `customer_sale_refs` (
  `id` int(11) NOT NULL,
  `sale` varchar(50) COLLATE utf8_unicode_ci NOT NULL,
  `is_active` tinyint(4) NOT NULL DEFAULT '1',
  `created_by` varchar(50) COLLATE utf8_unicode_ci NOT NULL DEFAULT 'System',
  `updated_by` varchar(50) COLLATE utf8_unicode_ci DEFAULT NULL,
  `created_at` timestamp NOT NULL DEFAULT '0000-00-00 00:00:00',
  `updated_at` timestamp NOT NULL DEFAULT '0000-00-00 00:00:00'
) ENGINE=InnoDB DEFAULT CHARSET=utf8 COLLATE=utf8_unicode_ci;

--
-- Dumping data for table `customer_sale_refs`
--

INSERT INTO `customer_sale_refs` (`id`, `sale`, `is_active`, `created_by`, `updated_by`, `created_at`, `updated_at`) VALUES
(0, 'Office (no sales)', 1, 'System', NULL, '2018-01-31 03:29:10', '2018-01-31 03:29:10'),
(1, 'Chock', 1, 'System', NULL, '2018-01-31 03:29:10', '2018-01-31 03:29:10'),
(2, 'Foog', 1, 'System', NULL, '2018-01-31 03:29:10', '2018-01-31 03:29:10');

-- --------------------------------------------------------

--
-- Table structure for table `customer_seller_refs`
--

CREATE TABLE IF NOT EXISTS `customer_seller_refs` (
  `id` int(11) NOT NULL,
  `seller` varchar(50) COLLATE utf8_unicode_ci NOT NULL,
  `is_active` tinyint(4) NOT NULL DEFAULT '1',
  `created_by` varchar(50) COLLATE utf8_unicode_ci NOT NULL DEFAULT 'System',
  `updated_by` varchar(50) COLLATE utf8_unicode_ci DEFAULT NULL,
  `created_at` timestamp NOT NULL DEFAULT '0000-00-00 00:00:00',
  `updated_at` timestamp NOT NULL DEFAULT '0000-00-00 00:00:00'
) ENGINE=InnoDB DEFAULT CHARSET=utf8 COLLATE=utf8_unicode_ci;

--
-- Dumping data for table `customer_seller_refs`
--

INSERT INTO `customer_seller_refs` (`id`, `seller`, `is_active`, `created_by`, `updated_by`, `created_at`, `updated_at`) VALUES
(0, 'Direct from Client', 1, 'System', NULL, '2018-01-31 03:29:12', '2018-01-31 03:29:12'),
(1, 'Agent', 1, 'System', NULL, '2018-01-31 03:29:12', '2018-01-31 03:29:12'),
(2, 'Front', 1, 'System', NULL, '2018-01-31 03:29:12', '2018-01-31 03:29:12'),
(3, 'Concierge', 1, 'System', NULL, '2018-01-31 03:29:12', '2018-01-31 03:29:12'),
(4, 'Club Lounge', 1, 'System', NULL, '2018-01-31 03:29:12', '2018-01-31 03:29:12'),
(5, 'Bell Boy', 1, 'System', NULL, '2018-01-31 03:29:12', '2018-01-31 03:29:12'),
(6, 'Guide', 1, 'System', NULL, '2018-01-31 03:29:12', '2018-01-31 03:29:12'),
(7, 'Owner', 1, 'System', NULL, '2018-01-31 03:29:13', '2018-01-31 03:29:13');

-- --------------------------------------------------------

--
-- Table structure for table `customer_type_refs`
--

CREATE TABLE IF NOT EXISTS `customer_type_refs` (
  `id` int(11) NOT NULL,
  `type` varchar(50) COLLATE utf8_unicode_ci NOT NULL,
  `is_active` tinyint(4) NOT NULL DEFAULT '1',
  `created_by` varchar(50) COLLATE utf8_unicode_ci NOT NULL DEFAULT 'System',
  `updated_by` varchar(50) COLLATE utf8_unicode_ci DEFAULT NULL,
  `created_at` timestamp NOT NULL DEFAULT '0000-00-00 00:00:00',
  `updated_at` timestamp NOT NULL DEFAULT '0000-00-00 00:00:00'
) ENGINE=InnoDB DEFAULT CHARSET=utf8 COLLATE=utf8_unicode_ci;

--
-- Dumping data for table `customer_type_refs`
--

INSERT INTO `customer_type_refs` (`id`, `type`, `is_active`, `created_by`, `updated_by`, `created_at`, `updated_at`) VALUES
(0, 'Government', 1, 'System', NULL, '2018-01-31 03:29:14', '2018-01-31 03:29:14'),
(1, 'Travel Agent', 1, 'System', NULL, '2018-01-31 03:29:14', '2018-01-31 03:29:14'),
(2, 'Hotel', 1, 'System', NULL, '2018-01-31 03:29:15', '2018-01-31 03:29:15'),
(3, 'Guide', 1, 'System', NULL, '2018-01-31 03:29:15', '2018-01-31 03:29:15'),
(4, 'Traveller | Tourist', 1, 'System', NULL, '2018-01-31 03:29:15', '2018-01-31 03:29:15');

-- --------------------------------------------------------

--
-- Table structure for table `customer_year_refs`
--

CREATE TABLE IF NOT EXISTS `customer_year_refs` (
  `id` int(11) NOT NULL,
  `year` varchar(10) COLLATE utf8_unicode_ci NOT NULL,
  `is_active` tinyint(4) NOT NULL DEFAULT '1',
  `created_by` varchar(50) COLLATE utf8_unicode_ci NOT NULL DEFAULT 'System',
  `updated_by` varchar(50) COLLATE utf8_unicode_ci DEFAULT NULL,
  `created_at` timestamp NOT NULL DEFAULT '0000-00-00 00:00:00',
  `updated_at` timestamp NOT NULL DEFAULT '0000-00-00 00:00:00'
) ENGINE=InnoDB DEFAULT CHARSET=utf8 COLLATE=utf8_unicode_ci;

--
-- Dumping data for table `customer_year_refs`
--

INSERT INTO `customer_year_refs` (`id`, `year`, `is_active`, `created_by`, `updated_by`, `created_at`, `updated_at`) VALUES
(0, '', 1, 'System', NULL, '2018-01-31 03:29:16', '2018-01-31 03:29:16'),
(14, '2014', 1, 'System', NULL, '2018-01-31 03:29:16', '2018-01-31 03:29:16'),
(15, '2015', 1, 'System', NULL, '2018-01-31 03:29:16', '2018-01-31 03:29:16'),
(16, '2016', 1, 'System', NULL, '2018-01-31 03:29:17', '2018-01-31 03:29:17'),
(17, '2017', 1, 'System', NULL, '2018-01-31 03:29:17', '2018-01-31 03:29:17'),
(18, '2018', 1, 'System', NULL, '2018-01-31 03:29:17', '2018-01-31 03:29:17');

-- --------------------------------------------------------

--
-- Table structure for table `drivers`
--

CREATE TABLE IF NOT EXISTS `drivers` (
  `id` int(10) unsigned NOT NULL,
  `fullname_th` varchar(50) COLLATE utf8_unicode_ci NOT NULL,
  `fullname_en` varchar(50) COLLATE utf8_unicode_ci DEFAULT NULL,
  `nickname` varchar(50) COLLATE utf8_unicode_ci NOT NULL,
  `tel` varchar(20) COLLATE utf8_unicode_ci NOT NULL,
  `line` varchar(50) COLLATE utf8_unicode_ci DEFAULT NULL,
  `license_no` varchar(50) COLLATE utf8_unicode_ci NOT NULL,
  `note` text COLLATE utf8_unicode_ci,
  `seat` tinyint(4) NOT NULL,
  `is_provincial` tinyint(4) NOT NULL DEFAULT '1',
  `is_wing41` tinyint(4) NOT NULL DEFAULT '0',
  `is_staff` tinyint(4) NOT NULL DEFAULT '1',
  `is_priority` tinyint(4) NOT NULL,
  `is_sticker` tinyint(4) NOT NULL DEFAULT '0',
  `is_active` tinyint(4) NOT NULL DEFAULT '1',
  `created_by` varchar(50) COLLATE utf8_unicode_ci NOT NULL DEFAULT 'System',
  `updated_by` varchar(50) COLLATE utf8_unicode_ci DEFAULT NULL,
  `created_at` timestamp NOT NULL DEFAULT '0000-00-00 00:00:00',
  `updated_at` timestamp NOT NULL DEFAULT '0000-00-00 00:00:00'
) ENGINE=InnoDB AUTO_INCREMENT=50 DEFAULT CHARSET=utf8 COLLATE=utf8_unicode_ci;

--
-- Dumping data for table `drivers`
--

INSERT INTO `drivers` (`id`, `fullname_th`, `fullname_en`, `nickname`, `tel`, `line`, `license_no`, `note`, `seat`, `is_provincial`, `is_wing41`, `is_staff`, `is_priority`, `is_sticker`, `is_active`, `created_by`, `updated_by`, `created_at`, `updated_at`) VALUES
(1, '  ', '-', 'D.', '089-557 7695', '', '2663 ', ' ', 9, 1, 1, 1, 1, 0, 1, 'System', NULL, '2018-01-31 03:29:18', '2018-01-31 03:29:18'),
(2, '  ', '-', 'D.', '085-623 6416', '', '4202 ', ' ', 9, 1, 1, 1, 1, 0, 1, 'System', NULL, '2018-01-31 03:29:18', '2018-01-31 03:29:18'),
(3, '  ', '-', 'D.', '084-986 6510', '', '7811 ', ' ', 9, 1, 1, 1, 1, 1, 1, 'System', NULL, '2018-01-31 03:29:18', '2018-01-31 03:29:18'),
(4, '  ', '-', 'D.', '085-716 0009', '', '', '', 9, 1, 0, 1, 1, 0, 1, 'System', NULL, '2018-01-31 03:29:18', '2018-01-31 03:29:18'),
(5, '  ', '-', 'V.', '081-180 6969', '', '36-0023 ', '  ', 9, 1, 0, 0, 2, 1, 1, 'System', NULL, '2018-01-31 03:29:18', '2018-01-31 03:29:18'),
(6, '  ', '-', 'V.', '088-411 5298', '', '36-0206 ', '  ', 9, 1, 0, 0, 2, 1, 1, 'System', NULL, '2018-01-31 03:29:18', '2018-01-31 03:29:18'),
(7, '  ', '-', 'V.', '089-557 2322', '', '30-2811 ', '', 9, 1, 0, 0, 3, 0, 1, 'System', NULL, '2018-01-31 03:29:18', '2018-01-31 03:29:18'),
(8, '  ', '-', 'V.', '081-706 2181', '', '30-2611 ', '', 9, 1, 0, 0, 3, 0, 1, 'System', NULL, '2018-01-31 03:29:18', '2018-01-31 03:29:18'),
(9, '  ', '-', 'V.', '087-578 0585', '', '8875 ', '', 9, 1, 0, 0, 3, 0, 1, 'System', NULL, '2018-01-31 03:29:18', '2018-01-31 03:29:18'),
(10, '  ', '-', 'V.', '083-105 0262', '', '30-2891 ', '', 9, 1, 0, 0, 3, 0, 1, 'System', NULL, '2018-01-31 03:29:18', '2018-01-31 03:29:18'),
(11, '  ', '-', 'V.', '084-610 1442', '', '8730 ', '    ', 9, 1, 0, 0, 3, 0, 1, 'System', NULL, '2018-01-31 03:29:18', '2018-01-31 03:29:18'),
(12, '  ', '-', 'V.', '087-469 6589', '', '3615 ', '', 9, 1, 0, 0, 3, 0, 1, 'System', NULL, '2018-01-31 03:29:18', '2018-01-31 03:29:18'),
(13, '  ', '-', 'V.', '089-557 5940', '', '1685 ', '  ', 9, 1, 0, 0, 3, 0, 1, 'System', NULL, '2018-01-31 03:29:19', '2018-01-31 03:29:19'),
(14, '  ', '-', 'V.', '089-838 3717', '', '30-3026 ', '', 9, 1, 0, 0, 3, 0, 1, 'System', NULL, '2018-01-31 03:29:19', '2018-01-31 03:29:19'),
(15, '', '-', 'V.', '091-272 5198', '', '', '', 9, 1, 0, 0, 3, 0, 1, 'System', NULL, '2018-01-31 03:29:19', '2018-01-31 03:29:19'),
(16, '', '-', 'V.', '090-282 4244', '', '', '', 9, 1, 0, 0, 3, 0, 1, 'System', NULL, '2018-01-31 03:29:19', '2018-01-31 03:29:19'),
(17, '  ', '-', 'V. ()', '081-998 5772', '', '30-2335 ', '  ', 9, 1, 0, 0, 3, 0, 1, 'System', NULL, '2018-01-31 03:29:19', '2018-01-31 03:29:19'),
(18, '  ', '-', 'V. ()', '089-838 4549', '', '6044 ', '', 9, 1, 0, 0, 3, 0, 1, 'System', NULL, '2018-01-31 03:29:19', '2018-01-31 03:29:19'),
(19, '  ', '-', 'V. ()', '089-555 5877', '', '7534 ', '  ', 9, 1, 0, 0, 3, 0, 1, 'System', NULL, '2018-01-31 03:29:19', '2018-01-31 03:29:19'),
(20, '', '-', 'V. ()', '081-960 6307', '', '', '  14  ', 14, 1, 0, 0, 3, 0, 1, 'System', NULL, '2018-01-31 03:29:19', '2018-01-31 03:29:19'),
(21, '', '-', 'V. ()', '084-549 4756', '', '', '  14  ', 14, 1, 0, 0, 3, 0, 1, 'System', NULL, '2018-01-31 03:29:19', '2018-01-31 03:29:19'),
(22, '', '-', 'V.', '', '', '', '', 9, 1, 0, 0, 3, 0, 1, 'System', NULL, '2018-01-31 03:29:19', '2018-01-31 03:29:19'),
(23, '', '-', 'V. (K.)', '081-352 0047', '', '', '', 9, 1, 0, 0, 3, 0, 1, 'System', NULL, '2018-01-31 03:29:19', '2018-01-31 03:29:19'),
(24, '  ', '-', 'V. (K.)', '099-449 2062', '', '30-3229 ', '', 9, 1, 0, 0, 3, 0, 1, 'System', NULL, '2018-01-31 03:29:19', '2018-01-31 03:29:19'),
(25, '  ', '-', 'V. (Arm)', '083-475 7795', '', '3182 ', '', 9, 1, 0, 0, 3, 0, 1, 'System', NULL, '2018-01-31 03:29:19', '2018-01-31 03:29:19'),
(26, '  ', '-', 'V. (Arm)', '082-890 3575', '', '36-0078 ', '', 9, 1, 0, 0, 3, 0, 1, 'System', NULL, '2018-01-31 03:29:19', '2018-01-31 03:29:19'),
(27, '  ', '-', 'V. (Max)', '085-864 8262', '', '36-0325 ', '', 9, 1, 0, 0, 3, 0, 1, 'System', NULL, '2018-01-31 03:29:19', '2018-01-31 03:29:19'),
(28, '  ', '-', 'V. (Max)', '097-996 0824', '', '', '', 9, 1, 0, 0, 3, 0, 1, 'System', NULL, '2018-01-31 03:29:19', '2018-01-31 03:29:19'),
(29, '  ', '-', 'V. (Max)', '093-140 0619', '', '7734 ', '        ', 9, 1, 0, 0, 3, 0, 1, 'System', NULL, '2018-01-31 03:29:19', '2018-01-31 03:29:19'),
(30, '  ', '-', 'V. (Max)', '084-482 9990', '', '6090 ', '', 9, 1, 0, 0, 3, 0, 1, 'System', NULL, '2018-01-31 03:29:20', '2018-01-31 03:29:20'),
(31, ' ', '-', 'V.', '063-789 9911', '', '36-0285 ', '', 9, 1, 0, 0, 3, 0, 1, 'System', NULL, '2018-01-31 03:29:20', '2018-01-31 03:29:20'),
(32, '  ', '-', 'V.', '089-565 4391 , 083-7', '', '2727 ', '     ', 9, 1, 1, 0, 3, 0, 1, 'System', NULL, '2018-01-31 03:29:20', '2018-01-31 03:29:20'),
(33, '  ', '-', 'V. (Toon)', '081-998 5772', '', '5354 ', '     ', 9, 1, 1, 0, 3, 0, 1, 'System', NULL, '2018-01-31 03:29:20', '2018-01-31 03:29:20'),
(34, '  ', '-', 'V. (Toon)', '087-192 5335', '', '36-0114 ', '', 9, 1, 0, 0, 3, 0, 1, 'System', NULL, '2018-01-31 03:29:20', '2018-01-31 03:29:20'),
(35, '  ', '-', 'V. (Toon)', '086-185 6565', '', '4444 ', '', 9, 1, 0, 0, 3, 0, 1, 'System', NULL, '2018-01-31 03:29:20', '2018-01-31 03:29:20'),
(36, '  ', '-', 'V.   (Toon)', '086-912 0827', '', '3434 ', '  ', 9, 1, 0, 0, 3, 0, 1, 'System', NULL, '2018-01-31 03:29:20', '2018-01-31 03:29:20'),
(37, '  ', '-', 'V. (Toon)', '089-835 0121', '', '30-3746 ', '      ', 9, 1, 0, 0, 3, 0, 1, 'System', NULL, '2018-01-31 03:29:20', '2018-01-31 03:29:20'),
(38, '  ', '-', 'V. (Toon)', '093-213 6892', '', '3668 ', '', 9, 1, 0, 0, 3, 0, 1, 'System', NULL, '2018-01-31 03:29:20', '2018-01-31 03:29:20'),
(39, '  ', '-', 'V. (Toon)', '087-185 4220', '', '36-0059 ', '', 9, 1, 0, 0, 3, 0, 1, 'System', NULL, '2018-01-31 03:29:20', '2018-01-31 03:29:20'),
(40, '  ', '-', 'V. (Toon)', '081-746 3851', '', '30-2367 ', '', 9, 1, 0, 0, 3, 0, 1, 'System', NULL, '2018-01-31 03:29:20', '2018-01-31 03:29:20'),
(41, '', '-', 'V. ()', '088-432 7204', '', '7645 ', '', 9, 0, 0, 0, 4, 0, 1, 'System', NULL, '2018-01-31 03:29:20', '2018-01-31 03:29:20'),
(42, '  ', '-', 'V.', '082-896 5585', '', '30-2440 ', '', 9, 0, 0, 0, 4, 0, 1, 'System', NULL, '2018-01-31 03:29:20', '2018-01-31 03:29:20'),
(43, '  ', '-', 'V. (Toon)', '081-884 3890', '', '36-0119 ', '', 9, 1, 0, 0, 4, 0, 1, 'System', NULL, '2018-01-31 03:29:20', '2018-01-31 03:29:20'),
(44, '  ', '-', 'V. (Toon)', '089-632 9900', '', '36-0018 ', '', 9, 1, 0, 0, 4, 0, 1, 'System', NULL, '2018-01-31 03:29:20', '2018-01-31 03:29:20'),
(45, '  ', '-', 'V. (Toon)', '090-756 5866', '', '8904 ', '', 9, 1, 0, 0, 4, 0, 1, 'System', NULL, '2018-01-31 03:29:20', '2018-01-31 03:29:20'),
(46, '  ', '-', 'V. (Toon)', '081-386 4674', '', '1444 ', '', 9, 1, 0, 0, 4, 0, 1, 'System', NULL, '2018-01-31 03:29:20', '2018-01-31 03:29:20'),
(47, '  ', '-', 'V. ( Max)', '087-764 2314', '', '36-0151 ', '    V.Max', 9, 1, 0, 0, 3, 0, 1, 'System', NULL, '2018-01-31 03:29:21', '2018-01-31 03:29:21'),
(48, '  ', '-', 'V.', '085-707 7445', '', '36-0072  , 5229 ', '', 9, 1, 0, 0, 3, 0, 1, 'System', NULL, '2018-01-31 03:29:21', '2018-01-31 03:29:21'),
(49, '', '', 'V. ()', '089-953 6468', '', '', '', 9, 1, 0, 0, 3, 0, 1, 'System', NULL, '2018-01-31 03:29:21', '2018-01-31 03:29:21');

-- --------------------------------------------------------

--
-- Table structure for table `driver_schedules`
--

CREATE TABLE IF NOT EXISTS `driver_schedules` (
  `id` int(10) unsigned NOT NULL,
  `work_status_id` int(11) NOT NULL,
  `driver_id` int(11) NOT NULL,
  `date` date NOT NULL,
  `is_active` tinyint(4) NOT NULL DEFAULT '1',
  `created_by` varchar(50) COLLATE utf8_unicode_ci NOT NULL DEFAULT 'System',
  `updated_by` varchar(50) COLLATE utf8_unicode_ci DEFAULT NULL,
  `created_at` timestamp NOT NULL DEFAULT '0000-00-00 00:00:00',
  `updated_at` timestamp NOT NULL DEFAULT '0000-00-00 00:00:00'
) ENGINE=InnoDB DEFAULT CHARSET=utf8 COLLATE=utf8_unicode_ci;

-- --------------------------------------------------------

--
-- Table structure for table `emails`
--

CREATE TABLE IF NOT EXISTS `emails` (
  `id` int(10) unsigned NOT NULL,
  `email` varchar(50) COLLATE utf8_unicode_ci NOT NULL,
  `is_active` tinyint(4) NOT NULL DEFAULT '1',
  `created_by` varchar(50) COLLATE utf8_unicode_ci NOT NULL DEFAULT 'System',
  `updated_by` varchar(50) COLLATE utf8_unicode_ci DEFAULT NULL,
  `created_at` timestamp NOT NULL DEFAULT '0000-00-00 00:00:00',
  `updated_at` timestamp NOT NULL DEFAULT '0000-00-00 00:00:00'
) ENGINE=InnoDB AUTO_INCREMENT=38 DEFAULT CHARSET=utf8 COLLATE=utf8_unicode_ci;

--
-- Dumping data for table `emails`
--

INSERT INTO `emails` (`id`, `email`, `is_active`, `created_by`, `updated_by`, `created_at`, `updated_at`) VALUES
(1, 'account@touringcnx.com', 1, 'System', NULL, '2018-01-31 03:29:22', '2018-01-31 03:29:22'),
(2, 'accounts@northernsmiletravel.com', 1, 'System', NULL, '2018-01-31 03:29:22', '2018-01-31 03:29:22'),
(3, 'contact@touringcnx.com', 1, 'System', NULL, '2018-01-31 03:29:22', '2018-01-31 03:29:22'),
(4, 'graphic@northernsmiletravel.com', 1, 'System', NULL, '2018-01-31 03:29:22', '2018-01-31 03:29:22'),
(5, 'graphic@touringcnx.com', 1, 'System', NULL, '2018-01-31 03:29:22', '2018-01-31 03:29:22'),
(6, 'hr@northernsmiletravel.com', 1, 'System', NULL, '2018-01-31 03:29:22', '2018-01-31 03:29:22'),
(7, 'icas10-transport@northernsmiletravel.com', 1, 'System', NULL, '2018-01-31 03:29:22', '2018-01-31 03:29:22'),
(8, 'info@northernsmiletravel.com', 1, 'System', NULL, '2018-01-31 03:29:22', '2018-01-31 03:29:22'),
(9, 'info@tour-in-chiangmai.com', 1, 'System', NULL, '2018-01-31 03:29:23', '2018-01-31 03:29:23'),
(10, 'info@touringcnx.com', 1, 'System', NULL, '2018-01-31 03:29:23', '2018-01-31 03:29:23'),
(11, 'it@northernsmiletravel.com', 1, 'System', NULL, '2018-01-31 03:29:23', '2018-01-31 03:29:23'),
(12, 'it@touringcnx.com', 1, 'System', NULL, '2018-01-31 03:29:23', '2018-01-31 03:29:23'),
(13, 'nim@northernsmiletravel.com', 1, 'System', NULL, '2018-01-31 03:29:23', '2018-01-31 03:29:23'),
(14, 'northern@northernsmiletravel.com', 1, 'System', NULL, '2018-01-31 03:29:23', '2018-01-31 03:29:23'),
(15, 'nui@northernsmiletravel.com', 1, 'System', NULL, '2018-01-31 03:29:23', '2018-01-31 03:29:23'),
(16, 'online@northernsmiletravel.com', 1, 'System', NULL, '2018-01-31 03:29:23', '2018-01-31 03:29:23'),
(17, 'online@touringcnx.com', 1, 'System', NULL, '2018-01-31 03:29:23', '2018-01-31 03:29:23'),
(18, 'operations@northernsmiletravel.com', 1, 'System', NULL, '2018-01-31 03:29:23', '2018-01-31 03:29:23'),
(19, 'reservations@northernsmiletravel.com', 1, 'System', NULL, '2018-01-31 03:29:23', '2018-01-31 03:29:23'),
(20, 'reservations@touringcnx.com', 1, 'System', NULL, '2018-01-31 03:29:23', '2018-01-31 03:29:23'),
(21, 'rsvn02@northernsmiletravel.com', 1, 'System', NULL, '2018-01-31 03:29:23', '2018-01-31 03:29:23'),
(22, 'sales@northernsmiletravel.com', 1, 'System', NULL, '2018-01-31 03:29:23', '2018-01-31 03:29:23'),
(23, 'sales@touringcnx.com', 1, 'System', NULL, '2018-01-31 03:29:23', '2018-01-31 03:29:23'),
(24, 'sales2@touringcnx.com', 1, 'System', NULL, '2018-01-31 03:29:23', '2018-01-31 03:29:23'),
(25, 'sales3@touringcnx.com', 1, 'System', NULL, '2018-01-31 03:29:24', '2018-01-31 03:29:24'),
(26, 'sales4@touringcnx.com', 1, 'System', NULL, '2018-01-31 03:29:24', '2018-01-31 03:29:24'),
(27, 'sittipong@northernsmiletravel.com', 1, 'System', NULL, '2018-01-31 03:29:24', '2018-01-31 03:29:24'),
(28, 'sittipong@onedayexcursion.com', 1, 'System', NULL, '2018-01-31 03:29:24', '2018-01-31 03:29:24'),
(29, 'test@northernsmiletravel.com', 1, 'System', NULL, '2018-01-31 03:29:24', '2018-01-31 03:29:24'),
(30, 'tour@touringcnx.com', 1, 'System', NULL, '2018-01-31 03:29:24', '2018-01-31 03:29:24'),
(31, 'touringcenter@hotmail.com', 1, 'System', NULL, '2018-01-31 03:29:24', '2018-01-31 03:29:24'),
(32, 'transport@northernsmiletravel.com', 1, 'System', NULL, '2018-01-31 03:29:24', '2018-01-31 03:29:24'),
(33, 'webdeveloper@northernsmiletravel.com', 1, 'System', NULL, '2018-01-31 03:29:24', '2018-01-31 03:29:24'),
(34, 'webdeveloper@touringcnx.com', 1, 'System', NULL, '2018-01-31 03:29:24', '2018-01-31 03:29:24'),
(35, 'webmaster@northernsmiletravel.com', 1, 'System', NULL, '2018-01-31 03:29:24', '2018-01-31 03:29:24'),
(36, 'webmaster@tour-in-chiangmai.com', 1, 'System', NULL, '2018-01-31 03:29:24', '2018-01-31 03:29:24'),
(37, 'webmaster@touringcnx.com', 1, 'System', NULL, '2018-01-31 03:29:24', '2018-01-31 03:29:24');

-- --------------------------------------------------------

--
-- Table structure for table `email_contact_types`
--

CREATE TABLE IF NOT EXISTS `email_contact_types` (
  `id` int(10) unsigned NOT NULL,
  `contact_type` varchar(50) COLLATE utf8_unicode_ci NOT NULL,
  `is_active` tinyint(4) NOT NULL DEFAULT '1',
  `created_by` varchar(50) COLLATE utf8_unicode_ci NOT NULL DEFAULT 'System',
  `updated_by` varchar(50) COLLATE utf8_unicode_ci DEFAULT NULL,
  `created_at` timestamp NOT NULL DEFAULT '0000-00-00 00:00:00',
  `updated_at` timestamp NOT NULL DEFAULT '0000-00-00 00:00:00'
) ENGINE=InnoDB AUTO_INCREMENT=5 DEFAULT CHARSET=utf8 COLLATE=utf8_unicode_ci;

--
-- Dumping data for table `email_contact_types`
--

INSERT INTO `email_contact_types` (`id`, `contact_type`, `is_active`, `created_by`, `updated_by`, `created_at`, `updated_at`) VALUES
(1, 'Touring Center', 1, 'System', NULL, '2018-01-31 03:29:21', '2018-01-31 03:29:21'),
(2, 'Northern Smile Travel', 1, 'System', NULL, '2018-01-31 03:29:21', '2018-01-31 03:29:21'),
(3, 'Transfer', 1, 'System', NULL, '2018-01-31 03:29:21', '2018-01-31 03:29:21'),
(4, 'All', 1, 'System', NULL, '2018-01-31 03:29:21', '2018-01-31 03:29:21');

-- --------------------------------------------------------

--
-- Table structure for table `email_notify_transactions`
--

CREATE TABLE IF NOT EXISTS `email_notify_transactions` (
  `id` int(10) unsigned NOT NULL,
  `transaction_id` int(11) NOT NULL,
  `fullname` varchar(100) COLLATE utf8_unicode_ci NOT NULL,
  `to` varchar(500) COLLATE utf8_unicode_ci NOT NULL,
  `cc` varchar(500) COLLATE utf8_unicode_ci DEFAULT NULL,
  `bcc` varchar(500) COLLATE utf8_unicode_ci DEFAULT NULL,
  `subject` varchar(100) COLLATE utf8_unicode_ci NOT NULL,
  `template_path` varchar(150) COLLATE utf8_unicode_ci NOT NULL,
  `is_send` tinyint(4) NOT NULL DEFAULT '0',
  `is_active` tinyint(4) NOT NULL DEFAULT '1',
  `created_by` varchar(50) COLLATE utf8_unicode_ci NOT NULL DEFAULT 'System',
  `updated_by` varchar(50) COLLATE utf8_unicode_ci DEFAULT NULL,
  `created_at` timestamp NOT NULL DEFAULT '0000-00-00 00:00:00',
  `updated_at` timestamp NOT NULL DEFAULT '0000-00-00 00:00:00'
) ENGINE=InnoDB DEFAULT CHARSET=utf8 COLLATE=utf8_unicode_ci;

-- --------------------------------------------------------

--
-- Table structure for table `email_types`
--

CREATE TABLE IF NOT EXISTS `email_types` (
  `id` int(10) unsigned NOT NULL,
  `type` varchar(50) COLLATE utf8_unicode_ci NOT NULL,
  `is_active` tinyint(4) NOT NULL DEFAULT '1',
  `created_by` varchar(50) COLLATE utf8_unicode_ci NOT NULL DEFAULT 'System',
  `updated_by` varchar(50) COLLATE utf8_unicode_ci DEFAULT NULL,
  `created_at` timestamp NOT NULL DEFAULT '0000-00-00 00:00:00',
  `updated_at` timestamp NOT NULL DEFAULT '0000-00-00 00:00:00'
) ENGINE=InnoDB AUTO_INCREMENT=9 DEFAULT CHARSET=utf8 COLLATE=utf8_unicode_ci;

--
-- Dumping data for table `email_types`
--

INSERT INTO `email_types` (`id`, `type`, `is_active`, `created_by`, `updated_by`, `created_at`, `updated_at`) VALUES
(1, 'Reservation', 1, 'System', NULL, '2018-01-31 03:29:25', '2018-01-31 03:29:25'),
(2, 'Contact', 1, 'System', NULL, '2018-01-31 03:29:25', '2018-01-31 03:29:25'),
(3, 'Report', 1, 'System', NULL, '2018-01-31 03:29:25', '2018-01-31 03:29:25'),
(4, 'Download', 1, 'System', NULL, '2018-01-31 03:29:25', '2018-01-31 03:29:25'),
(5, 'Validity', 1, 'System', NULL, '2018-01-31 03:29:25', '2018-01-31 03:29:25'),
(6, 'Job Vacancy', 1, 'System', NULL, '2018-01-31 03:29:25', '2018-01-31 03:29:25'),
(7, 'Transfer', 1, 'System', NULL, '2018-01-31 03:29:25', '2018-01-31 03:29:25'),
(8, 'Developer', 1, 'System', NULL, '2018-01-31 03:29:25', '2018-01-31 03:29:25');

-- --------------------------------------------------------

--
-- Table structure for table `guests`
--

CREATE TABLE IF NOT EXISTS `guests` (
  `id` int(10) unsigned NOT NULL,
  `fullname` varchar(150) COLLATE utf8_unicode_ci NOT NULL,
  `weight` tinyint(4) DEFAULT NULL,
  `height` tinyint(4) DEFAULT NULL,
  `age` tinyint(4) DEFAULT NULL,
  `email` varchar(255) COLLATE utf8_unicode_ci DEFAULT NULL,
  `phone` varchar(255) COLLATE utf8_unicode_ci DEFAULT NULL,
  `address` text COLLATE utf8_unicode_ci,
  `city` varchar(255) COLLATE utf8_unicode_ci DEFAULT NULL,
  `province` varchar(255) COLLATE utf8_unicode_ci DEFAULT NULL,
  `postcode` varchar(255) COLLATE utf8_unicode_ci NOT NULL,
  `passport_number` varchar(255) COLLATE utf8_unicode_ci DEFAULT NULL,
  `hotel` varchar(255) COLLATE utf8_unicode_ci DEFAULT NULL,
  `hotel_room` varchar(255) COLLATE utf8_unicode_ci DEFAULT NULL,
  `nationality` varchar(255) COLLATE utf8_unicode_ci DEFAULT NULL,
  `country` varchar(255) COLLATE utf8_unicode_ci DEFAULT NULL,
  `is_primary` tinyint(4) NOT NULL DEFAULT '0',
  `is_adult` tinyint(4) NOT NULL DEFAULT '1',
  `is_infant` tinyint(4) NOT NULL DEFAULT '0',
  `is_active` tinyint(4) NOT NULL DEFAULT '1',
  `created_by` varchar(50) COLLATE utf8_unicode_ci NOT NULL DEFAULT 'System',
  `updated_by` varchar(50) COLLATE utf8_unicode_ci DEFAULT NULL,
  `created_at` timestamp NOT NULL DEFAULT '0000-00-00 00:00:00',
  `updated_at` timestamp NOT NULL DEFAULT '0000-00-00 00:00:00'
) ENGINE=InnoDB DEFAULT CHARSET=utf8 COLLATE=utf8_unicode_ci;

-- --------------------------------------------------------

--
-- Table structure for table `guides`
--

CREATE TABLE IF NOT EXISTS `guides` (
  `id` int(10) unsigned NOT NULL,
  `fullname_th` varchar(50) COLLATE utf8_unicode_ci NOT NULL,
  `fullname_en` varchar(50) COLLATE utf8_unicode_ci DEFAULT NULL,
  `nickname` varchar(50) COLLATE utf8_unicode_ci NOT NULL,
  `tel` varchar(50) COLLATE utf8_unicode_ci NOT NULL,
  `line` varchar(50) COLLATE utf8_unicode_ci NOT NULL,
  `license_no` varchar(20) COLLATE utf8_unicode_ci NOT NULL,
  `card_expired` varchar(20) COLLATE utf8_unicode_ci DEFAULT NULL,
  `note` text COLLATE utf8_unicode_ci,
  `is_provincial` tinyint(4) NOT NULL DEFAULT '1',
  `is_staff` tinyint(4) NOT NULL DEFAULT '1',
  `is_priority` tinyint(4) NOT NULL,
  `is_active` tinyint(4) NOT NULL DEFAULT '1',
  `created_by` varchar(50) COLLATE utf8_unicode_ci NOT NULL DEFAULT 'System',
  `updated_by` varchar(50) COLLATE utf8_unicode_ci DEFAULT NULL,
  `created_at` timestamp NOT NULL DEFAULT '0000-00-00 00:00:00',
  `updated_at` timestamp NOT NULL DEFAULT '0000-00-00 00:00:00'
) ENGINE=InnoDB AUTO_INCREMENT=44 DEFAULT CHARSET=utf8 COLLATE=utf8_unicode_ci;

--
-- Dumping data for table `guides`
--

INSERT INTO `guides` (`id`, `fullname_th`, `fullname_en`, `nickname`, `tel`, `line`, `license_no`, `card_expired`, `note`, `is_provincial`, `is_staff`, `is_priority`, `is_active`, `created_by`, `updated_by`, `created_at`, `updated_at`) VALUES
(1, '  ', 'Winya Wisetrat', 'Toh', '081-950 5810', '', '21-00056', '-', '', 1, 0, 0, 1, 'System', NULL, '2018-01-31 03:29:25', '2018-01-31 03:29:25'),
(2, '  ', 'Tantawan Chaiwichit', 'Toi', '080-070 6963', '', '41-03048', '-', '', 1, 1, 1, 1, 'System', NULL, '2018-01-31 03:29:26', '2018-01-31 03:29:26'),
(3, '  ', 'Wirachai Nimitthamrongkun', 'Bee', '095-271 0838', '', '21-11323', '-', '', 1, 1, 1, 1, 'System', NULL, '2018-01-31 03:29:26', '2018-01-31 03:29:26'),
(4, '  ', 'Suchanyasinee Trisuk', 'Chanya (Jum)', '087-660 8929', '', '11-49628', '-', '', 1, 1, 1, 1, 'System', NULL, '2018-01-31 03:29:26', '2018-01-31 03:29:26'),
(5, '  ', 'Tawatchai Yasan', 'M', '091-853 4415', '', '21-12193', '-', '', 1, 1, 1, 1, 'System', NULL, '2018-01-31 03:29:26', '2018-01-31 03:29:26'),
(6, '  ', 'Manit Sukavat', 'Manit', '081-961 1801', '', '21-00121', '-', '', 1, 1, 1, 1, 'System', NULL, '2018-01-31 03:29:26', '2018-01-31 03:29:26'),
(7, '  ', 'Sakda Kingkam', 'Tui', '095-676 3396', '', '21-12195', '-', '', 1, 1, 1, 1, 'System', NULL, '2018-01-31 03:29:26', '2018-01-31 03:29:26'),
(8, '  ', 'Jongjit Panichkul', 'Audy', '087-443 4222', '', '21-02172', '-', '', 1, 2, 2, 1, 'System', NULL, '2018-01-31 03:29:26', '2018-01-31 03:29:26'),
(9, '  ', 'Usanee Jaurueng', 'Euang', '089-023 0075', '', '21-04996', '-', '', 1, 2, 2, 1, 'System', NULL, '2018-01-31 03:29:26', '2018-01-31 03:29:26'),
(10, '  ', 'Jiraporn Tonnark', 'Jira', '081-764 6220', '', '21-02262', '-', '', 1, 2, 2, 1, 'System', NULL, '2018-01-31 03:29:26', '2018-01-31 03:29:26'),
(11, '  ', 'Palakorn Chareonval', 'Puala', '083-579 9861', '', '21-03824', '-', '', 1, 2, 2, 1, 'System', NULL, '2018-01-31 03:29:26', '2018-01-31 03:29:26'),
(12, '  ', 'Charudet Chakeaw', 'Tommy', '081-288 6594', '', '23-00240', '-', '', 1, 2, 2, 1, 'System', NULL, '2018-01-31 03:29:26', '2018-01-31 03:29:26'),
(13, '  ', 'Mutchalin Panya', 'Weaw', '086-913 0655', '', '21-01385', '-', '', 1, 2, 2, 1, 'System', NULL, '2018-01-31 03:29:26', '2018-01-31 03:29:26'),
(14, '  ', ' Yawan Thungphisanphluek', 'Yawan', '089-023 0075', '', '21-07056', '-', '', 1, 2, 2, 1, 'System', NULL, '2018-01-31 03:29:27', '2018-01-31 03:29:27'),
(15, '  ', 'Thanu Manotham', 'Whanu', '081-882 4915', '', '21-00422', '-', '', 1, 2, 2, 1, 'System', NULL, '2018-01-31 03:29:27', '2018-01-31 03:29:27'),
(16, '  ', 'Potjanart Thepsatra', 'Tom (Poj)', '084-613 4152', '', '21-08633', '-', '', 1, 2, 2, 1, 'System', NULL, '2018-01-31 03:29:27', '2018-01-31 03:29:27'),
(17, '  ', 'Jinpeed Chatsuwan', 'Chacha', '084-347 0666', '', '21-04142', '-', '', 1, 2, 2, 1, 'System', NULL, '2018-01-31 03:29:27', '2018-01-31 03:29:27'),
(18, '  ', 'Chirasak Attawut', 'Phant', '084-490 1523', '', '21-12221', '-', '', 1, 2, 2, 1, 'System', NULL, '2018-01-31 03:29:27', '2018-01-31 03:29:27'),
(19, '  ', 'Warissara Nata', 'Nong', '081-885 2003', '', '21-05728', '-', '', 1, 2, 2, 1, 'System', NULL, '2018-01-31 03:29:27', '2018-01-31 03:29:27'),
(20, '  ', 'Netinai Phratriya', 'NeNe', '081-180 3443', '', '21-08515', '-', '', 1, 2, 2, 1, 'System', NULL, '2018-01-31 03:29:27', '2018-01-31 03:29:27'),
(21, '  ', 'Roongnapa Ngammuang', 'Rung', '081-993 3216', '', '21-00561', '-', '', 1, 2, 2, 1, 'System', NULL, '2018-01-31 03:29:27', '2018-01-31 03:29:27'),
(22, '  ', 'Piangtip Chandang', 'Tip', '081-881 7349', '', '21-02953', '-', '', 1, 2, 2, 1, 'System', NULL, '2018-01-31 03:29:27', '2018-01-31 03:29:27'),
(23, '  ', 'Nirayut Kittikul', '', '095-687 3235', '', '21-11374', '-', '  ', 1, 2, 2, 1, 'System', NULL, '2018-01-31 03:29:27', '2018-01-31 03:29:27'),
(24, '  ', 'Sonchai Thumboon', 'Sonchai', '081-724 6258', '', '21-01283', '-', '', 1, 2, 2, 1, 'System', NULL, '2018-01-31 03:29:27', '2018-01-31 03:29:27'),
(25, '  ', 'Watcharapon Khumnuan', 'Noi', '081-671 0173', '', '21-03277', '-', '', 1, 2, 2, 1, 'System', NULL, '2018-01-31 03:29:27', '2018-01-31 03:29:27'),
(26, '  ', 'Wayukon Phuntasri', 'Kik (Wayukon)', '080-500 7870', '', '21-07088', '-', '', 1, 2, 2, 1, 'System', NULL, '2018-01-31 03:29:27', '2018-01-31 03:29:27'),
(27, '  ', 'Tipakorn Wangwanit', 'Kung', '081-952 9213', '', '21-01136', '-', '', 1, 2, 2, 1, 'System', NULL, '2018-01-31 03:29:27', '2018-01-31 03:29:27'),
(28, '  ', 'Pontip Vimolmal', 'Kae', '089-225 3625', '', '23-01583', '-', '', 1, 2, 2, 1, 'System', NULL, '2018-01-31 03:29:27', '2018-01-31 03:29:27'),
(29, '  ', 'Nittaya Ganthiya', 'Nity', '081-882 5863', '', '21-00011', '-', '', 1, 2, 2, 1, 'System', NULL, '2018-01-31 03:29:27', '2018-01-31 03:29:27'),
(30, '  ', 'Sangchan Maneetorn', 'JJ', '085-041 6813', '', '23-05895', '-', '', 1, 2, 2, 1, 'System', NULL, '2018-01-31 03:29:27', '2018-01-31 03:29:27'),
(31, '  ', 'Pusanisa Kantavong', 'Mons', '061-294 6364', '', '21-05916', '-', '', 1, 2, 2, 1, 'System', NULL, '2018-01-31 03:29:28', '2018-01-31 03:29:28'),
(32, '  ', 'Kriengkrai Punthata', 'Noom', '086-184 3222', '', '23-00941', '-', '', 1, 2, 2, 1, 'System', NULL, '2018-01-31 03:29:28', '2018-01-31 03:29:28'),
(33, '  ', 'Natchanun Chompooted', 'Su', '081-881 6724', '', '21-02837', '-', '', 1, 2, 2, 1, 'System', NULL, '2018-01-31 03:29:28', '2018-01-31 03:29:28'),
(34, '  ', 'Montree Saengpichai', 'Tri', '089-755 4465', '', '23-00938', '-', '', 1, 2, 2, 1, 'System', NULL, '2018-01-31 03:29:28', '2018-01-31 03:29:28'),
(35, '-', '-', 'ToiTing', '097-924 9559', '', '-', '-', '', 1, 2, 2, 1, 'System', NULL, '2018-01-31 03:29:28', '2018-01-31 03:29:28'),
(36, '  ', 'Ratchapoom Supawan', 'Richcy', '089-263 5288', '', '21-04820', '-', '', 1, 2, 3, 1, 'System', NULL, '2018-01-31 03:29:28', '2018-01-31 03:29:28'),
(37, '  ', 'Patchareeporn Giwattana', 'Moo', '097-260 8907', '', '21-02118', '-', '', 1, 2, 3, 1, 'System', NULL, '2018-01-31 03:29:28', '2018-01-31 03:29:28'),
(38, '  ', 'Thaksaorn Seangmi-anuphab', 'Por', '085-705 7928', '', '21-04858', '-', '', 1, 2, 3, 1, 'System', NULL, '2018-01-31 03:29:28', '2018-01-31 03:29:28'),
(39, '  ', 'Sagthong Ainwalin', 'Pu', '081-993 5925', '', '21-02043', '-', '', 1, 2, 3, 1, 'System', NULL, '2018-01-31 03:29:28', '2018-01-31 03:29:28'),
(40, '  ', 'Montira Wilachan', 'Mona', '087-724 9451', '', '21-02885', '-', '', 1, 2, 3, 1, 'System', NULL, '2018-01-31 03:29:28', '2018-01-31 03:29:28'),
(41, '  ', 'Jamnapa Somkarn', 'Ae (Jam)', '086-186 4277', '', '21-01945', '-', '', 1, 2, 3, 1, 'System', NULL, '2018-01-31 03:29:28', '2018-01-31 03:29:28'),
(42, '  ', 'Montri Lobyaem', 'Keng', '089-553 4422', '', '21-08483', '-', '', 1, 2, 3, 1, 'System', NULL, '2018-01-31 03:29:28', '2018-01-31 03:29:28'),
(43, '  ', 'Theerawat Wongsuriya', 'Boy', '095-271 0838', '', '21-08303', '-', '', 1, 2, 3, 1, 'System', NULL, '2018-01-31 03:29:28', '2018-01-31 03:29:28');

-- --------------------------------------------------------

--
-- Table structure for table `guide_schedules`
--

CREATE TABLE IF NOT EXISTS `guide_schedules` (
  `id` int(10) unsigned NOT NULL,
  `work_status_id` int(11) NOT NULL,
  `guide_id` int(11) NOT NULL,
  `date` date NOT NULL,
  `is_halfday` tinyint(4) NOT NULL DEFAULT '1',
  `is_fullday` tinyint(4) NOT NULL DEFAULT '1',
  `is_active` tinyint(4) NOT NULL DEFAULT '1',
  `created_by` varchar(50) COLLATE utf8_unicode_ci NOT NULL DEFAULT 'System',
  `updated_by` varchar(50) COLLATE utf8_unicode_ci DEFAULT NULL,
  `created_at` timestamp NOT NULL DEFAULT '0000-00-00 00:00:00',
  `updated_at` timestamp NOT NULL DEFAULT '0000-00-00 00:00:00'
) ENGINE=InnoDB DEFAULT CHARSET=utf8 COLLATE=utf8_unicode_ci;

-- --------------------------------------------------------

--
-- Table structure for table `holidays`
--

CREATE TABLE IF NOT EXISTS `holidays` (
  `id` int(10) unsigned NOT NULL,
  `holiday` varchar(100) COLLATE utf8_unicode_ci NOT NULL,
  `period_start` date NOT NULL,
  `period_end` date NOT NULL,
  `is_active` tinyint(4) NOT NULL DEFAULT '1',
  `created_by` varchar(50) COLLATE utf8_unicode_ci NOT NULL DEFAULT 'System',
  `updated_by` varchar(50) COLLATE utf8_unicode_ci DEFAULT NULL,
  `created_at` timestamp NOT NULL DEFAULT '0000-00-00 00:00:00',
  `updated_at` timestamp NOT NULL DEFAULT '0000-00-00 00:00:00'
) ENGINE=InnoDB AUTO_INCREMENT=4 DEFAULT CHARSET=utf8 COLLATE=utf8_unicode_ci;

--
-- Dumping data for table `holidays`
--

INSERT INTO `holidays` (`id`, `holiday`, `period_start`, `period_end`, `is_active`, `created_by`, `updated_by`, `created_at`, `updated_at`) VALUES
(1, 'New Year', '2018-12-31', '2019-01-01', 1, 'System', NULL, '2018-01-31 03:29:30', '2018-01-31 03:29:30'),
(2, 'New Year (Tour Doi)', '2018-12-30', '2019-01-02', 1, 'System', NULL, '2018-01-31 03:29:30', '2018-01-31 03:29:30'),
(3, 'Song Kran Thailand', '2018-04-13', '2018-04-15', 1, 'System', NULL, '2018-01-31 03:29:30', '2018-01-31 03:29:30');

-- --------------------------------------------------------

--
-- Table structure for table `holiday_types`
--

CREATE TABLE IF NOT EXISTS `holiday_types` (
  `id` int(10) unsigned NOT NULL,
  `type` varchar(50) COLLATE utf8_unicode_ci NOT NULL,
  `is_active` tinyint(4) NOT NULL DEFAULT '1',
  `created_by` varchar(50) COLLATE utf8_unicode_ci NOT NULL DEFAULT 'System',
  `updated_by` varchar(50) COLLATE utf8_unicode_ci DEFAULT NULL,
  `created_at` timestamp NOT NULL DEFAULT '0000-00-00 00:00:00',
  `updated_at` timestamp NOT NULL DEFAULT '0000-00-00 00:00:00'
) ENGINE=InnoDB AUTO_INCREMENT=3 DEFAULT CHARSET=utf8 COLLATE=utf8_unicode_ci;

--
-- Dumping data for table `holiday_types`
--

INSERT INTO `holiday_types` (`id`, `type`, `is_active`, `created_by`, `updated_by`, `created_at`, `updated_at`) VALUES
(1, 'Holiday', 1, 'System', NULL, '2018-01-31 03:29:30', '2018-01-31 03:29:30'),
(2, 'Accident', 1, 'System', NULL, '2018-01-31 03:29:30', '2018-01-31 03:29:30');

-- --------------------------------------------------------

--
-- Table structure for table `hotels`
--

CREATE TABLE IF NOT EXISTS `hotels` (
  `id` int(10) unsigned NOT NULL,
  `hotel` varchar(150) COLLATE utf8_unicode_ci NOT NULL,
  `address` text COLLATE utf8_unicode_ci,
  `email` varchar(50) COLLATE utf8_unicode_ci DEFAULT NULL,
  `phone` varchar(50) COLLATE utf8_unicode_ci DEFAULT NULL,
  `fax` varchar(20) COLLATE utf8_unicode_ci DEFAULT NULL,
  `is_partner` tinyint(4) NOT NULL DEFAULT '1',
  `is_obscure` tinyint(4) NOT NULL DEFAULT '0',
  `is_active` tinyint(4) NOT NULL DEFAULT '1',
  `created_by` varchar(50) COLLATE utf8_unicode_ci NOT NULL DEFAULT 'System',
  `updated_by` varchar(50) COLLATE utf8_unicode_ci DEFAULT NULL,
  `created_at` timestamp NOT NULL DEFAULT '0000-00-00 00:00:00',
  `updated_at` timestamp NOT NULL DEFAULT '0000-00-00 00:00:00'
) ENGINE=InnoDB AUTO_INCREMENT=166 DEFAULT CHARSET=utf8 COLLATE=utf8_unicode_ci;

--
-- Dumping data for table `hotels`
--

INSERT INTO `hotels` (`id`, `hotel`, `address`, `email`, `phone`, `fax`, `is_partner`, `is_obscure`, `is_active`, `created_by`, `updated_by`, `created_at`, `updated_at`) VALUES
(1, '137 Pillars House', '', '', '', '', 0, 0, 1, 'System', NULL, '2018-01-31 03:29:31', '2018-01-31 03:29:31'),
(2, 'Akyra Manor', '', '', '', '', 0, 0, 1, 'System', NULL, '2018-01-31 03:29:31', '2018-01-31 03:29:31'),
(3, 'Amata Lanna', '', '', '', '', 0, 0, 1, 'System', NULL, '2018-01-31 03:29:31', '2018-01-31 03:29:31'),
(4, 'Amora Thapae', '', '', '', '', 0, 0, 1, 'System', NULL, '2018-01-31 03:29:31', '2018-01-31 03:29:31'),
(5, 'Anoma Boutique', '', '', '', '', 0, 0, 1, 'System', NULL, '2018-01-31 03:29:32', '2018-01-31 03:29:32'),
(6, 'Anantara Chiang Mai', '', '', '', '', 0, 0, 1, 'System', NULL, '2018-01-31 03:29:32', '2018-01-31 03:29:32'),
(7, 'Art Mai Gallery Nimman', '', '', '', '', 0, 0, 1, 'System', NULL, '2018-01-31 03:29:32', '2018-01-31 03:29:32'),
(8, 'Aruntara', '', '', '', '', 0, 0, 1, 'System', NULL, '2018-01-31 03:29:32', '2018-01-31 03:29:32'),
(9, 'At Chiang Mai', '', '', '', '', 0, 0, 1, 'System', NULL, '2018-01-31 03:29:32', '2018-01-31 03:29:32'),
(10, 'At Nimman', '', '', '', '', 0, 0, 1, 'System', NULL, '2018-01-31 03:29:32', '2018-01-31 03:29:32'),
(11, 'At Ping Nakorn (Nimmanhaemin Rd.)', '', '', '', '', 0, 0, 1, 'System', NULL, '2018-01-31 03:29:32', '2018-01-31 03:29:32'),
(12, 'At Ping Nakorn (Huay Kaew Rd.)', '', '', '', '', 0, 0, 1, 'System', NULL, '2018-01-31 03:29:32', '2018-01-31 03:29:32'),
(13, 'B2 Ayatana', '', '', '', '', 0, 0, 1, 'System', NULL, '2018-01-31 03:29:32', '2018-01-31 03:29:32'),
(14, 'B House Boutique', '', '', '', '', 0, 0, 1, 'System', NULL, '2018-01-31 03:29:32', '2018-01-31 03:29:32'),
(15, 'Baan Boo Loo', '', '', '', '', 0, 0, 1, 'System', NULL, '2018-01-31 03:29:32', '2018-01-31 03:29:32'),
(16, 'Baan Huen Phen', '', '', '', '', 0, 0, 1, 'System', NULL, '2018-01-31 03:29:32', '2018-01-31 03:29:32'),
(17, 'Baan Klang Wieng', '', '', '', '', 0, 0, 1, 'System', NULL, '2018-01-31 03:29:32', '2018-01-31 03:29:32'),
(18, 'Baan Ratchiangsean', '', '', '', '', 0, 0, 1, 'System', NULL, '2018-01-31 03:29:32', '2018-01-31 03:29:32'),
(19, 'Baan Saen Fang', '', '', '', '', 0, 0, 1, 'System', NULL, '2018-01-31 03:29:33', '2018-01-31 03:29:33'),
(20, 'Baan Thai Village', '', '', '', '', 0, 0, 1, 'System', NULL, '2018-01-31 03:29:33', '2018-01-31 03:29:33'),
(21, 'Baan U Sabai', '', '', '', '', 0, 0, 1, 'System', NULL, '2018-01-31 03:29:33', '2018-01-31 03:29:33'),
(22, 'Ban Chang Tong', '', '', '', '', 0, 0, 1, 'System', NULL, '2018-01-31 03:29:33', '2018-01-31 03:29:33'),
(23, 'Baiyoke Ciao', '', '', '', '', 0, 0, 1, 'System', NULL, '2018-01-31 03:29:33', '2018-01-31 03:29:33'),
(24, 'BB Montra', '', '', '', '', 0, 0, 1, 'System', NULL, '2018-01-31 03:29:33', '2018-01-31 03:29:33'),
(25, 'Bed Chankian', '', '', '', '', 0, 0, 1, 'System', NULL, '2018-01-31 03:29:33', '2018-01-31 03:29:33'),
(26, 'Bed Phrasingh', '', '', '', '', 0, 0, 1, 'System', NULL, '2018-01-31 03:29:33', '2018-01-31 03:29:33'),
(27, 'Big Tree Boutique', '', '', '', '', 0, 0, 1, 'System', NULL, '2018-01-31 03:29:33', '2018-01-31 03:29:33'),
(28, 'Bodhi Serene', '', '', '', '', 0, 0, 1, 'System', NULL, '2018-01-31 03:29:33', '2018-01-31 03:29:33'),
(29, 'Burisiri Hotel', '', '', '', '', 0, 0, 1, 'System', NULL, '2018-01-31 03:29:33', '2018-01-31 03:29:33'),
(30, 'Casa 2511', '', '', '', '', 0, 0, 1, 'System', NULL, '2018-01-31 03:29:33', '2018-01-31 03:29:33'),
(31, 'Chang Thai House', '', '', '', '', 0, 0, 1, 'System', NULL, '2018-01-31 03:29:33', '2018-01-31 03:29:33'),
(32, 'Chanett Hotel', '', '', '', '', 0, 0, 1, 'System', NULL, '2018-01-31 03:29:33', '2018-01-31 03:29:33'),
(33, 'Chiang Mai Boutique', '', '', '', '', 0, 0, 1, 'System', NULL, '2018-01-31 03:29:33', '2018-01-31 03:29:33'),
(34, 'Chiang Mai Gate', '', '', '', '', 0, 0, 1, 'System', NULL, '2018-01-31 03:29:34', '2018-01-31 03:29:34'),
(35, 'Chiang Mai Orchid', '', '', '', '', 0, 0, 1, 'System', NULL, '2018-01-31 03:29:34', '2018-01-31 03:29:34'),
(36, 'Chiang Mai Plaza', '', '', '', '', 0, 0, 1, 'System', NULL, '2018-01-31 03:29:34', '2018-01-31 03:29:34'),
(37, 'Chompor Lanna', '', '', '', '', 0, 0, 1, 'System', NULL, '2018-01-31 03:29:34', '2018-01-31 03:29:34'),
(38, 'Cmor Hotel', '', '', '', '', 0, 0, 1, 'System', NULL, '2018-01-31 03:29:34', '2018-01-31 03:29:34'),
(39, 'Cozytel', '', '', '', '', 0, 0, 1, 'System', NULL, '2018-01-31 03:29:34', '2018-01-31 03:29:34'),
(40, 'Duangtawan Hotel', '', '', '', '', 0, 0, 1, 'System', NULL, '2018-01-31 03:29:34', '2018-01-31 03:29:34'),
(41, 'Dusit D2', '', '', '', '', 0, 0, 1, 'System', NULL, '2018-01-31 03:29:34', '2018-01-31 03:29:34'),
(42, 'Dusit Princess', '', '', '', '', 0, 0, 1, 'System', NULL, '2018-01-31 03:29:34', '2018-01-31 03:29:34'),
(43, 'De Chai Colonial (Nimman)', '', '', '', '', 0, 0, 1, 'System', NULL, '2018-01-31 03:29:34', '2018-01-31 03:29:34'),
(44, 'De Chai Colonial (Tha Pae)', '', '', '', '', 0, 0, 1, 'System', NULL, '2018-01-31 03:29:34', '2018-01-31 03:29:34'),
(45, 'De Naga', '', '', '', '', 0, 0, 1, 'System', NULL, '2018-01-31 03:29:34', '2018-01-31 03:29:34'),
(46, '99 Gallery&De Viang', '', '', '', '', 0, 0, 1, 'System', NULL, '2018-01-31 03:29:34', '2018-01-31 03:29:34'),
(47, 'Eastin Tan Hotel', '', '', '', '', 0, 0, 1, 'System', NULL, '2018-01-31 03:29:34', '2018-01-31 03:29:34'),
(48, 'Empire Residence', '', '', '', '', 0, 0, 1, 'System', NULL, '2018-01-31 03:29:34', '2018-01-31 03:29:34'),
(49, 'Estia Boutique', '', '', '', '', 0, 0, 1, 'System', NULL, '2018-01-31 03:29:34', '2018-01-31 03:29:34'),
(50, 'Eurana Boutique Hotel', '', '', '', '', 0, 0, 1, 'System', NULL, '2018-01-31 03:29:34', '2018-01-31 03:29:34'),
(51, 'Furama Hotel', '', '', '', '', 0, 0, 1, 'System', NULL, '2018-01-31 03:29:34', '2018-01-31 03:29:34'),
(52, 'G2 Boutique', '', '', '', '', 0, 0, 1, 'System', NULL, '2018-01-31 03:29:35', '2018-01-31 03:29:35'),
(53, 'GMorning Tropical', '', '', '', '', 0, 0, 1, 'System', NULL, '2018-01-31 03:29:35', '2018-01-31 03:29:35'),
(54, 'Golden Wells', '', '', '', '', 0, 0, 1, 'System', NULL, '2018-01-31 03:29:35', '2018-01-31 03:29:35'),
(55, 'Golden Bell Hotel', '', '', '', '', 0, 0, 1, 'System', NULL, '2018-01-31 03:29:35', '2018-01-31 03:29:35'),
(56, 'Gord Chiang Mai', '', '', '', '', 0, 0, 1, 'System', NULL, '2018-01-31 03:29:35', '2018-01-31 03:29:35'),
(57, 'Green Nimman CMU Residence', '', '', '', '', 0, 0, 1, 'System', NULL, '2018-01-31 03:29:35', '2018-01-31 03:29:35'),
(58, 'Green Tiger Vegetarian', '', '', '', '', 0, 0, 1, 'System', NULL, '2018-01-31 03:29:35', '2018-01-31 03:29:35'),
(59, 'Holiday Inn Chiang Mai', '', '', '', '', 0, 0, 1, 'System', NULL, '2018-01-31 03:29:35', '2018-01-31 03:29:35'),
(60, 'Hotel Des Artists Ping Silhouette', '', '', '', '', 0, 0, 1, 'System', NULL, '2018-01-31 03:29:35', '2018-01-31 03:29:35'),
(61, 'Hug Nimman Hotel', '', '', '', '', 0, 0, 1, 'System', NULL, '2018-01-31 03:29:35', '2018-01-31 03:29:35'),
(62, 'Hyde Park Chiang Mai', '', '', '', '', 0, 0, 1, 'System', NULL, '2018-01-31 03:29:35', '2018-01-31 03:29:35'),
(63, 'Ibis Style Chiang Mai Hotel', '', '', '', '', 0, 0, 1, 'System', NULL, '2018-01-31 03:29:35', '2018-01-31 03:29:35'),
(64, 'Imm Tha Pae', '', '', '', '', 0, 0, 1, 'System', NULL, '2018-01-31 03:29:35', '2018-01-31 03:29:35'),
(65, 'Imperial Mae Ping', '', '', '', '', 0, 0, 1, 'System', NULL, '2018-01-31 03:29:35', '2018-01-31 03:29:35'),
(66, 'iWualai Hotel', '', '', '', '', 0, 0, 1, 'System', NULL, '2018-01-31 03:29:36', '2018-01-31 03:29:36'),
(67, 'Jasmine Chiang Mai Boutique', '', '', '', '', 0, 0, 1, 'System', NULL, '2018-01-31 03:29:36', '2018-01-31 03:29:36'),
(68, 'Jira Luxury', '', '', '', '', 0, 0, 1, 'System', NULL, '2018-01-31 03:29:36', '2018-01-31 03:29:36'),
(69, 'Kampang Ngam', '', '', '', '', 0, 0, 1, 'System', NULL, '2018-01-31 03:29:36', '2018-01-31 03:29:36'),
(70, 'Kantary Hills', '', '', '', '', 0, 0, 1, 'System', NULL, '2018-01-31 03:29:36', '2018-01-31 03:29:36'),
(71, 'Kate & Hasu Boutique Chiang mai', '', '', '', '', 0, 0, 1, 'System', NULL, '2018-01-31 03:29:36', '2018-01-31 03:29:36'),
(72, 'Ketawa', '', '', '', '', 0, 0, 1, 'System', NULL, '2018-01-31 03:29:36', '2018-01-31 03:29:36'),
(73, 'Kiree Thara', '', '', '', '', 0, 0, 1, 'System', NULL, '2018-01-31 03:29:36', '2018-01-31 03:29:36'),
(74, 'Kodchasri Thani', '', '', '', '', 0, 0, 1, 'System', NULL, '2018-01-31 03:29:36', '2018-01-31 03:29:36'),
(75, 'La Pillow', '', '', '', '', 0, 0, 1, 'System', NULL, '2018-01-31 03:29:36', '2018-01-31 03:29:36'),
(76, 'Lamphu House', '', '', '', '', 0, 0, 1, 'System', NULL, '2018-01-31 03:29:36', '2018-01-31 03:29:36'),
(77, 'Lani Chiang Mai', '', '', '', '', 0, 0, 1, 'System', NULL, '2018-01-31 03:29:36', '2018-01-31 03:29:36'),
(78, 'Lanna Dusita Hotel', '', '', '', '', 0, 0, 1, 'System', NULL, '2018-01-31 03:29:36', '2018-01-31 03:29:36'),
(79, 'Le Meridien Chiang Mai', '', '', '', '', 0, 0, 1, 'System', NULL, '2018-01-31 03:29:37', '2018-01-31 03:29:37'),
(80, 'LeeChiang Hotel', '', '', '', '', 0, 0, 1, 'System', NULL, '2018-01-31 03:29:37', '2018-01-31 03:29:37'),
(81, 'Lotus Pang Suan Kaew', '', '', '', '', 0, 0, 1, 'System', NULL, '2018-01-31 03:29:37', '2018-01-31 03:29:37'),
(82, 'Makka', '', '', '', '', 0, 0, 1, 'System', NULL, '2018-01-31 03:29:37', '2018-01-31 03:29:37'),
(83, 'Maraya Hotel', '', '', '', '', 0, 0, 1, 'System', NULL, '2018-01-31 03:29:37', '2018-01-31 03:29:37'),
(84, 'May Flower Grand Hotel', '', '', '', '', 0, 0, 1, 'System', NULL, '2018-01-31 03:29:37', '2018-01-31 03:29:37'),
(85, 'Mercure', '', '', '', '', 0, 0, 1, 'System', NULL, '2018-01-31 03:29:37', '2018-01-31 03:29:37'),
(86, 'MD Boutique', '', '', '', '', 0, 0, 1, 'System', NULL, '2018-01-31 03:29:37', '2018-01-31 03:29:37'),
(87, 'Mo Rooms', '', '', '', '', 0, 0, 1, 'System', NULL, '2018-01-31 03:29:37', '2018-01-31 03:29:37'),
(88, 'Nap in Chiang Mai', '', '', '', '', 0, 0, 1, 'System', NULL, '2018-01-31 03:29:37', '2018-01-31 03:29:37'),
(89, 'Napatra Hotel', '', '', '', '', 0, 0, 1, 'System', NULL, '2018-01-31 03:29:37', '2018-01-31 03:29:37'),
(90, 'Nam Ton Boutique', '', '', '', '', 0, 0, 1, 'System', NULL, '2018-01-31 03:29:37', '2018-01-31 03:29:37'),
(91, 'Nawa Sheeva', '', '', '', '', 0, 0, 1, 'System', NULL, '2018-01-31 03:29:37', '2018-01-31 03:29:37'),
(92, 'Nidhra Lanna', '', '', '', '', 0, 0, 1, 'System', NULL, '2018-01-31 03:29:37', '2018-01-31 03:29:37'),
(93, 'Nimman Mai? Design Hotel', '', '', '', '', 0, 0, 1, 'System', NULL, '2018-01-31 03:29:37', '2018-01-31 03:29:37'),
(94, 'Nimman Soi 9', '', '', '', '', 0, 0, 1, 'System', NULL, '2018-01-31 03:29:38', '2018-01-31 03:29:38'),
(95, 'Nordwind', '', '', '', '', 0, 0, 1, 'System', NULL, '2018-01-31 03:29:38', '2018-01-31 03:29:38'),
(96, 'Pak Chiang Mai', '', '', '', '', 0, 0, 1, 'System', NULL, '2018-01-31 03:29:38', '2018-01-31 03:29:38'),
(97, 'Pats Klang Viang', '', '', '', '', 0, 0, 1, 'System', NULL, '2018-01-31 03:29:38', '2018-01-31 03:29:38'),
(98, 'Parasol Inn', '', '', '', '', 0, 0, 1, 'System', NULL, '2018-01-31 03:29:38', '2018-01-31 03:29:38'),
(99, 'Patara Place', '', '', '', '', 0, 0, 1, 'System', NULL, '2018-01-31 03:29:38', '2018-01-31 03:29:38'),
(100, 'Ping Nakara Boutique Hotel and Spa', '', '', '', '', 0, 0, 1, 'System', NULL, '2018-01-31 03:29:38', '2018-01-31 03:29:38'),
(101, 'Pingpanakorn', '', '', '', '', 0, 0, 1, 'System', NULL, '2018-01-31 03:29:38', '2018-01-31 03:29:38'),
(102, 'Pornping', '', '', '', '', 0, 0, 1, 'System', NULL, '2018-01-31 03:29:38', '2018-01-31 03:29:38'),
(103, 'Portico 21 (P21)', '', '', '', '', 0, 0, 1, 'System', NULL, '2018-01-31 03:29:38', '2018-01-31 03:29:38'),
(104, 'Prestige CM', '', '', '', '', 0, 0, 1, 'System', NULL, '2018-01-31 03:29:38', '2018-01-31 03:29:38'),
(105, 'Puripunn Baby Grand Boutique', '', '', '', '', 0, 0, 1, 'System', NULL, '2018-01-31 03:29:38', '2018-01-31 03:29:38'),
(106, 'Rachamankha', '', '', '', '', 0, 0, 1, 'System', NULL, '2018-01-31 03:29:38', '2018-01-31 03:29:38'),
(107, 'Rachamanka Flora House', '', '', '', '', 0, 0, 1, 'System', NULL, '2018-01-31 03:29:38', '2018-01-31 03:29:38'),
(108, 'Rarin Jinda Wellness Spa', '', '', '', '', 0, 0, 1, 'System', NULL, '2018-01-31 03:29:38', '2018-01-31 03:29:38'),
(109, 'Ratchiangsean Flora House', '', '', '', '', 0, 0, 1, 'System', NULL, '2018-01-31 03:29:38', '2018-01-31 03:29:38'),
(110, 'RatiLanna Riverside Resort', '', '', '', '', 0, 0, 1, 'System', NULL, '2018-01-31 03:29:38', '2018-01-31 03:29:38'),
(111, 'Rich Lanna House', '', '', '', '', 0, 0, 1, 'System', NULL, '2018-01-31 03:29:38', '2018-01-31 03:29:38'),
(112, 'Rimping Village', '', '', '', '', 0, 0, 1, 'System', NULL, '2018-01-31 03:29:38', '2018-01-31 03:29:38'),
(113, 'Rom Po', '', '', '', '', 0, 0, 1, 'System', NULL, '2018-01-31 03:29:39', '2018-01-31 03:29:39'),
(114, 'Ruen Come Inn', '', '', '', '', 0, 0, 1, 'System', NULL, '2018-01-31 03:29:39', '2018-01-31 03:29:39'),
(115, 'S17 @ Nimman', '', '', '', '', 0, 0, 1, 'System', NULL, '2018-01-31 03:29:39', '2018-01-31 03:29:39'),
(116, 'S Private House', '', '', '', '', 0, 0, 1, 'System', NULL, '2018-01-31 03:29:39', '2018-01-31 03:29:39'),
(117, 'Sala Lanna', '', '', '', '', 0, 0, 1, 'System', NULL, '2018-01-31 03:29:39', '2018-01-31 03:29:39'),
(118, 'Seven Senses', '', '', '', '', 0, 0, 1, 'System', NULL, '2018-01-31 03:29:39', '2018-01-31 03:29:39'),
(119, 'Shangri-La Chiang Mai', '', '', '', '', 0, 0, 1, 'System', NULL, '2018-01-31 03:29:39', '2018-01-31 03:29:39'),
(120, 'Shewe Wana', '', '', '', '', 0, 0, 1, 'System', NULL, '2018-01-31 03:29:39', '2018-01-31 03:29:39'),
(121, 'Shiek Istana', '', '', '', '', 0, 0, 1, 'System', NULL, '2018-01-31 03:29:39', '2018-01-31 03:29:39'),
(122, 'Singha Montra', '', '', '', '', 0, 0, 1, 'System', NULL, '2018-01-31 03:29:39', '2018-01-31 03:29:39'),
(123, 'Sirilanna', '', '', '', '', 0, 0, 1, 'System', NULL, '2018-01-31 03:29:39', '2018-01-31 03:29:39'),
(124, 'Siripanna Villa Resort & Spa', '', '', '', '', 0, 0, 1, 'System', NULL, '2018-01-31 03:29:39', '2018-01-31 03:29:39'),
(125, 'Sireeampan', '', '', '', '', 0, 0, 1, 'System', NULL, '2018-01-31 03:29:40', '2018-01-31 03:29:40'),
(126, 'Studio 9W', '', '', '', '', 0, 0, 1, 'System', NULL, '2018-01-31 03:29:40', '2018-01-31 03:29:40'),
(127, 'Suriwongse Hotel', '', '', '', '', 0, 0, 1, 'System', NULL, '2018-01-31 03:29:40', '2018-01-31 03:29:40'),
(128, 'TadKham Village', '', '', '', '', 0, 0, 1, 'System', NULL, '2018-01-31 03:29:40', '2018-01-31 03:29:40'),
(129, 'Tamarind Village', '', '', '', '', 0, 0, 1, 'System', NULL, '2018-01-31 03:29:40', '2018-01-31 03:29:40'),
(130, 'Thannatee Boutique Hotel', '', '', '', '', 0, 0, 1, 'System', NULL, '2018-01-31 03:29:40', '2018-01-31 03:29:40'),
(131, 'Tha Pae Loft', '', '', '', '', 0, 0, 1, 'System', NULL, '2018-01-31 03:29:40', '2018-01-31 03:29:40'),
(132, 'Tri Yaan Na Ros', '', '', '', '', 0, 0, 1, 'System', NULL, '2018-01-31 03:29:40', '2018-01-31 03:29:40'),
(133, 'The 20 Lodge', '', '', '', '', 0, 0, 1, 'System', NULL, '2018-01-31 03:29:40', '2018-01-31 03:29:40'),
(134, 'The An-Teak Chiang Mai', '', '', '', '', 0, 0, 1, 'System', NULL, '2018-01-31 03:29:40', '2018-01-31 03:29:40'),
(135, 'The Artel Niman', '', '', '', '', 0, 0, 1, 'System', NULL, '2018-01-31 03:29:40', '2018-01-31 03:29:40'),
(136, 'The Balcony', '', '', '', '', 0, 0, 1, 'System', NULL, '2018-01-31 03:29:40', '2018-01-31 03:29:40'),
(137, 'The Bed Nimman', '', '', '', '', 0, 0, 1, 'System', NULL, '2018-01-31 03:29:40', '2018-01-31 03:29:40'),
(138, 'The Grand Naphat', '', '', '', '', 0, 0, 1, 'System', NULL, '2018-01-31 03:29:40', '2018-01-31 03:29:40'),
(139, 'The Imperial Mae Ping Hotel', '', '', '', '', 0, 0, 1, 'System', NULL, '2018-01-31 03:29:40', '2018-01-31 03:29:40'),
(140, 'The Log Home', '', '', '', '', 0, 0, 1, 'System', NULL, '2018-01-31 03:29:40', '2018-01-31 03:29:40'),
(141, 'The Peaberry', '', '', '', '', 0, 0, 1, 'System', NULL, '2018-01-31 03:29:40', '2018-01-31 03:29:40'),
(142, 'The Rim Resort', '', '', '', '', 0, 0, 1, 'System', NULL, '2018-01-31 03:29:40', '2018-01-31 03:29:40'),
(143, 'The Sila Boutique', '', '', '', '', 0, 0, 1, 'System', NULL, '2018-01-31 03:29:41', '2018-01-31 03:29:41'),
(144, 'The Small', '', '', '', '', 0, 0, 1, 'System', NULL, '2018-01-31 03:29:41', '2018-01-31 03:29:41'),
(145, 'The Volcano', '', '', '', '', 0, 0, 1, 'System', NULL, '2018-01-31 03:29:41', '2018-01-31 03:29:41'),
(146, 'U Chaing Mai', '', '', '', '', 0, 0, 1, 'System', NULL, '2018-01-31 03:29:41', '2018-01-31 03:29:41'),
(147, 'U Nimman', '', '', '', '', 0, 0, 1, 'System', NULL, '2018-01-31 03:29:41', '2018-01-31 03:29:41'),
(148, 'Vanilla Residence', '', '', '', '', 0, 0, 1, 'System', NULL, '2018-01-31 03:29:41', '2018-01-31 03:29:41'),
(149, 'VC @ Suan Pak', '', '', '', '', 0, 0, 1, 'System', NULL, '2018-01-31 03:29:41', '2018-01-31 03:29:41'),
(150, 'Victoria Nimman', '', '', '', '', 0, 0, 1, 'System', NULL, '2018-01-31 03:29:41', '2018-01-31 03:29:41'),
(151, 'Vieng Mantra', '', '', '', '', 0, 0, 1, 'System', NULL, '2018-01-31 03:29:41', '2018-01-31 03:29:41'),
(152, 'Viang Tha Pae', '', '', '', '', 0, 0, 1, 'System', NULL, '2018-01-31 03:29:41', '2018-01-31 03:29:41'),
(153, 'Villa Duang Champa', '', '', '', '', 0, 0, 1, 'System', NULL, '2018-01-31 03:29:41', '2018-01-31 03:29:41'),
(154, 'Villa Tha Pae', '', '', '', '', 0, 0, 1, 'System', NULL, '2018-01-31 03:29:41', '2018-01-31 03:29:41'),
(155, 'Wiang Chang Klan', '', '', '', '', 0, 0, 1, 'System', NULL, '2018-01-31 03:29:41', '2018-01-31 03:29:41'),
(156, 'We Run Boutique Hometel', '', '', '', '', 0, 0, 1, 'System', NULL, '2018-01-31 03:29:41', '2018-01-31 03:29:41'),
(157, 'We Valley Boutique Hotel', '', '', '', '', 0, 0, 1, 'System', NULL, '2018-01-31 03:29:41', '2018-01-31 03:29:41'),
(158, 'Western House', '', '', '', '', 0, 0, 1, 'System', NULL, '2018-01-31 03:29:41', '2018-01-31 03:29:41'),
(159, 'Woodfield Resort', '', '', '', '', 0, 0, 1, 'System', NULL, '2018-01-31 03:29:41', '2018-01-31 03:29:41'),
(160, 'Yaang Come Village', '', '', '', '', 0, 0, 1, 'System', NULL, '2018-01-31 03:29:41', '2018-01-31 03:29:41'),
(161, 'Yantarasri Resort', '', '', '', '', 0, 0, 1, 'System', NULL, '2018-01-31 03:29:41', '2018-01-31 03:29:41'),
(162, 'Yesterday', '', '', '', '', 0, 0, 1, 'System', NULL, '2018-01-31 03:29:41', '2018-01-31 03:29:41'),
(163, 'X2 Vibe Chiang Mai Decem', '', '', '', '', 0, 0, 1, 'System', NULL, '2018-01-31 03:29:41', '2018-01-31 03:29:41'),
(164, 'Zzziesta', '', '', '', '', 0, 0, 1, 'System', NULL, '2018-01-31 03:29:41', '2018-01-31 03:29:41'),
(165, 'Other', '', '', '', '', 0, 0, 1, 'System', NULL, '2018-01-31 03:29:42', '2018-01-31 03:29:42');

-- --------------------------------------------------------

--
-- Table structure for table `invoice_tour_offlines`
--

CREATE TABLE IF NOT EXISTS `invoice_tour_offlines` (
  `id` int(10) unsigned NOT NULL,
  `transaction_id` int(11) NOT NULL,
  `transaction_tour_id` int(11) NOT NULL,
  `invoice_referent_id` int(11) DEFAULT NULL,
  `booking_number` varchar(20) COLLATE utf8_unicode_ci NOT NULL,
  `invoice_number` varchar(20) COLLATE utf8_unicode_ci NOT NULL,
  `booking_number_ref` varchar(20) COLLATE utf8_unicode_ci DEFAULT NULL,
  `issued_by` varchar(50) COLLATE utf8_unicode_ci NOT NULL DEFAULT 'Reservation team',
  `is_revised` tinyint(4) NOT NULL DEFAULT '0',
  `is_active` tinyint(4) NOT NULL DEFAULT '1',
  `created_by` varchar(50) COLLATE utf8_unicode_ci NOT NULL DEFAULT 'System',
  `updated_by` varchar(50) COLLATE utf8_unicode_ci DEFAULT NULL,
  `created_at` timestamp NOT NULL DEFAULT '0000-00-00 00:00:00',
  `updated_at` timestamp NOT NULL DEFAULT '0000-00-00 00:00:00'
) ENGINE=InnoDB DEFAULT CHARSET=utf8 COLLATE=utf8_unicode_ci;

-- --------------------------------------------------------

--
-- Table structure for table `invoice_tour_onlines`
--

CREATE TABLE IF NOT EXISTS `invoice_tour_onlines` (
  `id` int(10) unsigned NOT NULL,
  `transaction_id` int(11) NOT NULL,
  `transaction_tour_id` int(11) NOT NULL,
  `booking_number` varchar(20) COLLATE utf8_unicode_ci NOT NULL,
  `invoice_number` varchar(20) COLLATE utf8_unicode_ci NOT NULL,
  `issued_by` varchar(50) COLLATE utf8_unicode_ci NOT NULL,
  `is_active` tinyint(4) NOT NULL DEFAULT '1',
  `created_by` varchar(50) COLLATE utf8_unicode_ci NOT NULL DEFAULT 'System',
  `updated_by` varchar(50) COLLATE utf8_unicode_ci DEFAULT NULL,
  `created_at` timestamp NOT NULL DEFAULT '0000-00-00 00:00:00',
  `updated_at` timestamp NOT NULL DEFAULT '0000-00-00 00:00:00'
) ENGINE=InnoDB DEFAULT CHARSET=utf8 COLLATE=utf8_unicode_ci;

-- --------------------------------------------------------

--
-- Table structure for table `job_application_vans`
--

CREATE TABLE IF NOT EXISTS `job_application_vans` (
  `id` int(10) unsigned NOT NULL,
  `job_status_id` int(11) NOT NULL,
  `fullname` varchar(50) COLLATE utf8_unicode_ci NOT NULL,
  `nickname` varchar(50) COLLATE utf8_unicode_ci NOT NULL,
  `gender` varchar(50) COLLATE utf8_unicode_ci NOT NULL,
  `birth` varchar(50) COLLATE utf8_unicode_ci NOT NULL,
  `age` tinyint(4) DEFAULT NULL,
  `height` tinyint(4) DEFAULT NULL,
  `weight` tinyint(4) DEFAULT NULL,
  `phone` varchar(50) COLLATE utf8_unicode_ci NOT NULL,
  `address_no` varchar(50) COLLATE utf8_unicode_ci DEFAULT NULL,
  `address_village` varchar(50) COLLATE utf8_unicode_ci DEFAULT NULL,
  `address_allery` varchar(50) COLLATE utf8_unicode_ci DEFAULT NULL,
  `address_road` varchar(50) COLLATE utf8_unicode_ci DEFAULT NULL,
  `address_subdistrict` varchar(50) COLLATE utf8_unicode_ci DEFAULT NULL,
  `address_district` varchar(50) COLLATE utf8_unicode_ci DEFAULT NULL,
  `address_province` varchar(50) COLLATE utf8_unicode_ci DEFAULT NULL,
  `address_postcode` varchar(50) COLLATE utf8_unicode_ci DEFAULT NULL,
  `address_country` varchar(100) COLLATE utf8_unicode_ci DEFAULT NULL,
  `race` varchar(50) COLLATE utf8_unicode_ci NOT NULL,
  `nationality` varchar(100) COLLATE utf8_unicode_ci NOT NULL,
  `religion` varchar(50) COLLATE utf8_unicode_ci DEFAULT NULL,
  `id_no` varchar(20) COLLATE utf8_unicode_ci NOT NULL,
  `id_no_expire` varchar(50) COLLATE utf8_unicode_ci NOT NULL,
  `license_no` varchar(50) COLLATE utf8_unicode_ci NOT NULL,
  `seat` tinyint(4) NOT NULL,
  `blood_type` varchar(5) COLLATE utf8_unicode_ci DEFAULT NULL,
  `disease` text COLLATE utf8_unicode_ci,
  `profile_image` varchar(100) COLLATE utf8_unicode_ci DEFAULT NULL,
  `license_image` varchar(100) COLLATE utf8_unicode_ci NOT NULL,
  `military_status` varchar(50) COLLATE utf8_unicode_ci NOT NULL,
  `driver_license_no` varchar(50) COLLATE utf8_unicode_ci NOT NULL,
  `driver_liccense_no_expire` varchar(50) COLLATE utf8_unicode_ci NOT NULL,
  `speak_english` varchar(50) COLLATE utf8_unicode_ci DEFAULT NULL,
  `wing41` varchar(50) COLLATE utf8_unicode_ci DEFAULT NULL,
  `is_camera` tinyint(4) NOT NULL DEFAULT '0',
  `is_wifi` tinyint(4) NOT NULL DEFAULT '0',
  `is_gps` tinyint(4) NOT NULL DEFAULT '0',
  `is_audio` tinyint(4) NOT NULL DEFAULT '0',
  `created_by` varchar(50) COLLATE utf8_unicode_ci NOT NULL DEFAULT 'System',
  `created_at` datetime DEFAULT NULL
) ENGINE=InnoDB DEFAULT CHARSET=utf8 COLLATE=utf8_unicode_ci;

-- --------------------------------------------------------

--
-- Table structure for table `job_experience_vans`
--

CREATE TABLE IF NOT EXISTS `job_experience_vans` (
  `id` int(10) unsigned NOT NULL,
  `job_application_van_id` int(11) NOT NULL,
  `company` varchar(150) COLLATE utf8_unicode_ci DEFAULT NULL,
  `department` varchar(100) COLLATE utf8_unicode_ci DEFAULT NULL,
  `period_start` varchar(50) COLLATE utf8_unicode_ci DEFAULT NULL,
  `period_end` varchar(50) COLLATE utf8_unicode_ci DEFAULT NULL,
  `cause` text COLLATE utf8_unicode_ci,
  `is_present` tinyint(4) NOT NULL DEFAULT '0',
  `created_by` varchar(50) COLLATE utf8_unicode_ci NOT NULL DEFAULT 'System',
  `created_at` datetime NOT NULL
) ENGINE=InnoDB DEFAULT CHARSET=utf8 COLLATE=utf8_unicode_ci;

-- --------------------------------------------------------

--
-- Table structure for table `job_image_vans`
--

CREATE TABLE IF NOT EXISTS `job_image_vans` (
  `id` int(10) unsigned NOT NULL,
  `job_application_van_id` int(11) NOT NULL,
  `image_name` varchar(255) COLLATE utf8_unicode_ci DEFAULT NULL,
  `image_path` varchar(255) COLLATE utf8_unicode_ci DEFAULT NULL,
  `is_active` tinyint(4) NOT NULL DEFAULT '1',
  `created_by` varchar(50) COLLATE utf8_unicode_ci NOT NULL DEFAULT 'System',
  `updated_by` varchar(50) COLLATE utf8_unicode_ci DEFAULT NULL,
  `created_at` timestamp NOT NULL DEFAULT '0000-00-00 00:00:00',
  `updated_at` timestamp NOT NULL DEFAULT '0000-00-00 00:00:00'
) ENGINE=InnoDB DEFAULT CHARSET=utf8 COLLATE=utf8_unicode_ci;

-- --------------------------------------------------------

--
-- Table structure for table `job_statuses`
--

CREATE TABLE IF NOT EXISTS `job_statuses` (
  `id` int(10) unsigned NOT NULL,
  `status` varchar(50) COLLATE utf8_unicode_ci DEFAULT NULL,
  `is_active` tinyint(4) NOT NULL DEFAULT '1',
  `created_by` varchar(50) COLLATE utf8_unicode_ci NOT NULL DEFAULT 'System',
  `updated_by` varchar(50) COLLATE utf8_unicode_ci DEFAULT NULL,
  `created_at` timestamp NOT NULL DEFAULT '0000-00-00 00:00:00',
  `updated_at` timestamp NOT NULL DEFAULT '0000-00-00 00:00:00'
) ENGINE=InnoDB AUTO_INCREMENT=3 DEFAULT CHARSET=utf8 COLLATE=utf8_unicode_ci;

--
-- Dumping data for table `job_statuses`
--

INSERT INTO `job_statuses` (`id`, `status`, `is_active`, `created_by`, `updated_by`, `created_at`, `updated_at`) VALUES
(1, 'Staff', 1, 'System', NULL, '2018-01-31 03:29:42', '2018-01-31 03:29:42'),
(2, 'Freelance', 1, 'System', NULL, '2018-01-31 03:29:42', '2018-01-31 03:29:42');

-- --------------------------------------------------------

--
-- Table structure for table `migrations`
--

CREATE TABLE IF NOT EXISTS `migrations` (
  `migration` varchar(255) COLLATE utf8_unicode_ci NOT NULL,
  `batch` int(11) NOT NULL
) ENGINE=InnoDB DEFAULT CHARSET=utf8 COLLATE=utf8_unicode_ci;

--
-- Dumping data for table `migrations`
--

INSERT INTO `migrations` (`migration`, `batch`) VALUES
('2018_01_09_073501_create_accounts_table', 1),
('2018_01_09_073512_create_account_types_table', 1),
('2018_01_09_073545_create_affiliate_commissions_table', 1),
('2018_01_09_073624_create_configuration_emails_table', 1),
('2018_01_09_073706_create_configuration_tour_holidays_table', 1),
('2018_01_09_073732_create_configuration_tour_prices_table', 1),
('2018_01_09_073738_create_customer_codes_table', 1),
('2018_01_09_073749_create_customer_collection_refs_table', 1),
('2018_01_09_073807_create_customer_location_refs_table', 1),
('2018_01_09_073816_create_customer_month_refs_table', 1),
('2018_01_09_073823_create_customer_payment_refs_table', 1),
('2018_01_09_073831_create_customer_sale_refs_table', 1),
('2018_01_09_073838_create_customer_seller_refs_table', 1),
('2018_01_09_073845_create_customer_type_refs_table', 1),
('2018_01_09_073854_create_customer_year_refs_table', 1),
('2018_01_09_073858_create_drivers_table', 1),
('2018_01_09_073904_create_driver_schedules_table', 1),
('2018_01_09_073908_create_emails_table', 1),
('2018_01_09_073914_create_email_contact_types_table', 1),
('2018_01_09_073923_create_email_notify_transactions_table', 1),
('2018_01_09_073928_create_email_types_table', 1),
('2018_01_09_073932_create_guests_table', 1),
('2018_01_09_073938_create_guides_table', 1),
('2018_01_09_074001_create_guide_schedules_table', 1),
('2018_01_09_074006_create_holidays_table', 1),
('2018_01_09_074014_create_holiday_types_table', 1),
('2018_01_09_074018_create_hotels_table', 1),
('2018_01_09_074239_create_job_application_vans_table', 1),
('2018_01_09_074319_create_job_experience_vans_table', 1),
('2018_01_09_074329_create_job_statuses_table', 1),
('2018_01_09_074339_create_nationalities_table', 1),
('2018_01_09_074343_create_payments_table', 1),
('2018_01_09_074414_create_payment_channels_table', 1),
('2018_01_09_074419_create_payment_modes_table', 1),
('2018_01_09_074428_create_payment_statuses_table', 1),
('2018_01_09_074453_create_promotions_table', 1),
('2018_01_09_074501_create_promotion_tour_details_table', 1),
('2018_01_09_074520_create_promotion_transfer_details_table', 1),
('2018_01_09_074523_create_tours_table', 1),
('2018_01_09_074531_create_tour_admission_guides_table', 1),
('2018_01_09_074539_create_tour_categories_table', 1),
('2018_01_09_074547_create_tour_driver_fee_rates_table', 1),
('2018_01_09_074554_create_tour_excludes_table', 1),
('2018_01_09_074603_create_tour_galleries_table', 1),
('2018_01_09_074610_create_tour_guide_fee_rates_table', 1),
('2018_01_09_074619_create_tour_includes_table', 1),
('2018_01_09_074635_create_tour_itineraries_table', 1),
('2018_01_09_074642_create_tour_maps_table', 1),
('2018_01_09_074647_create_tour_paxes_table', 1),
('2018_01_09_074654_create_tour_price_histories_table', 1),
('2018_01_09_074723_create_tour_privacies_table', 1),
('2018_01_09_074730_create_tour_travel_times_table', 1),
('2018_01_09_074738_create_tour_travel_time_types_table', 1),
('2018_01_09_074745_create_tour_types_table', 1),
('2018_01_09_074808_create_transactions_table', 1),
('2018_01_09_074814_create_transaction_promotions_table', 1),
('2018_01_09_074822_create_transaction_statuses_table', 1),
('2018_01_09_074831_create_transaction_tours_table', 1),
('2018_01_09_074843_create_transaction_tour_histories_table', 1),
('2018_01_09_074854_create_transaction_transfers_table', 1),
('2018_01_09_074901_create_transaction_transfer_histories_table', 1),
('2018_01_09_074916_create_transfer_modes_table', 1),
('2018_01_09_074923_create_transfer_types_table', 1),
('2018_01_09_074931_create_transportations_table', 1),
('2018_01_09_074939_create_work_statuses_table', 1),
('2018_01_09_074956_create_transaction_promotion_histories_table', 1),
('2018_01_09_075246_create_affiliate_commission_details_table', 1),
('2018_01_09_075315_create_affiliate_tour_statistics_table', 1),
('2018_01_09_111821_create_job_image_vans_table', 1),
('2018_01_11_035724_create_invoice_tour_offlines_table', 1),
('2018_01_11_035736_create_invoice_tour_onlines_table', 1),
('2018_01_11_050117_create_tour_admission_drivers_table', 1),
('2018_01_24_063841_create_transaction_tour_details_table', 1),
('2018_01_25_031235_create_transaction_tour_detail_histories_table', 1);

-- --------------------------------------------------------

--
-- Table structure for table `nationalities`
--

CREATE TABLE IF NOT EXISTS `nationalities` (
  `id` int(10) unsigned NOT NULL,
  `nationality` varchar(100) COLLATE utf8_unicode_ci NOT NULL,
  `country` varchar(100) COLLATE utf8_unicode_ci NOT NULL,
  `is_active` tinyint(4) NOT NULL DEFAULT '1',
  `created_by` varchar(50) COLLATE utf8_unicode_ci NOT NULL DEFAULT 'System',
  `updated_by` varchar(50) COLLATE utf8_unicode_ci DEFAULT NULL,
  `created_at` timestamp NOT NULL DEFAULT '0000-00-00 00:00:00',
  `updated_at` timestamp NOT NULL DEFAULT '0000-00-00 00:00:00'
) ENGINE=InnoDB AUTO_INCREMENT=177 DEFAULT CHARSET=utf8 COLLATE=utf8_unicode_ci;

--
-- Dumping data for table `nationalities`
--

INSERT INTO `nationalities` (`id`, `nationality`, `country`, `is_active`, `created_by`, `updated_by`, `created_at`, `updated_at`) VALUES
(1, 'Afghan', 'Afghanistan', 1, 'System', NULL, '2018-01-31 03:29:43', '2018-01-31 03:29:43'),
(2, 'Albanian', 'Albania', 1, 'System', NULL, '2018-01-31 03:29:43', '2018-01-31 03:29:43'),
(3, 'Algerian', 'Algeria', 1, 'System', NULL, '2018-01-31 03:29:43', '2018-01-31 03:29:43'),
(4, 'Andorran', 'Andorra', 1, 'System', NULL, '2018-01-31 03:29:43', '2018-01-31 03:29:43'),
(5, 'Angolan', 'Angola', 1, 'System', NULL, '2018-01-31 03:29:43', '2018-01-31 03:29:43'),
(6, 'Argentinian', 'Argentina', 1, 'System', NULL, '2018-01-31 03:29:43', '2018-01-31 03:29:43'),
(7, 'Armenian', 'Armenia', 1, 'System', NULL, '2018-01-31 03:29:43', '2018-01-31 03:29:43'),
(8, 'Australian', 'Australia', 1, 'System', NULL, '2018-01-31 03:29:44', '2018-01-31 03:29:44'),
(9, 'Austrian', 'Austria', 1, 'System', NULL, '2018-01-31 03:29:44', '2018-01-31 03:29:44'),
(10, 'Azerbaijani', 'Azerbaijan', 1, 'System', NULL, '2018-01-31 03:29:44', '2018-01-31 03:29:44'),
(11, 'Bahamian', 'Bahamas', 1, 'System', NULL, '2018-01-31 03:29:44', '2018-01-31 03:29:44'),
(12, 'Bahraini', 'Bahrain', 1, 'System', NULL, '2018-01-31 03:29:44', '2018-01-31 03:29:44'),
(13, 'Bangladeshi', 'Bangladesh', 1, 'System', NULL, '2018-01-31 03:29:44', '2018-01-31 03:29:44'),
(14, 'Barbadian', 'Barbados', 1, 'System', NULL, '2018-01-31 03:29:44', '2018-01-31 03:29:44'),
(15, 'Belarusian or Belarusan', 'Belarus', 1, 'System', NULL, '2018-01-31 03:29:44', '2018-01-31 03:29:44'),
(16, 'Belgian', 'Belgium', 1, 'System', NULL, '2018-01-31 03:29:44', '2018-01-31 03:29:44'),
(17, 'Belizean', 'Belize', 1, 'System', NULL, '2018-01-31 03:29:44', '2018-01-31 03:29:44'),
(18, 'Beninese', 'Benin', 1, 'System', NULL, '2018-01-31 03:29:44', '2018-01-31 03:29:44'),
(19, 'Bhutanese', 'Bhutan', 1, 'System', NULL, '2018-01-31 03:29:44', '2018-01-31 03:29:44'),
(20, 'Bolivian', 'Bolivia', 1, 'System', NULL, '2018-01-31 03:29:44', '2018-01-31 03:29:44'),
(21, 'Bosnian', 'Bosnia-Herzegovina', 1, 'System', NULL, '2018-01-31 03:29:44', '2018-01-31 03:29:44'),
(22, 'Botswanan', 'Botswana', 1, 'System', NULL, '2018-01-31 03:29:44', '2018-01-31 03:29:44'),
(23, 'Brazilian', 'Brazil', 1, 'System', NULL, '2018-01-31 03:29:44', '2018-01-31 03:29:44'),
(24, 'British', 'Britain', 1, 'System', NULL, '2018-01-31 03:29:44', '2018-01-31 03:29:44'),
(25, 'Bruneian', 'Brunei', 1, 'System', NULL, '2018-01-31 03:29:45', '2018-01-31 03:29:45'),
(26, 'Bulgarian', 'Bulgaria', 1, 'System', NULL, '2018-01-31 03:29:45', '2018-01-31 03:29:45'),
(27, 'Burkinese', 'Burkina', 1, 'System', NULL, '2018-01-31 03:29:45', '2018-01-31 03:29:45'),
(28, 'Burmese', 'Burma', 1, 'System', NULL, '2018-01-31 03:29:45', '2018-01-31 03:29:45'),
(29, 'Burundian', 'Burundi', 1, 'System', NULL, '2018-01-31 03:29:45', '2018-01-31 03:29:45'),
(30, 'Cambodian', 'Cambodia', 1, 'System', NULL, '2018-01-31 03:29:45', '2018-01-31 03:29:45'),
(31, 'Cameroonian', 'Cameroon', 1, 'System', NULL, '2018-01-31 03:29:45', '2018-01-31 03:29:45'),
(32, 'Canadian', 'Canada', 1, 'System', NULL, '2018-01-31 03:29:45', '2018-01-31 03:29:45'),
(33, 'Cape Verdean', 'Cape Verde Islands', 1, 'System', NULL, '2018-01-31 03:29:45', '2018-01-31 03:29:45'),
(34, 'Chadian', 'Chad', 1, 'System', NULL, '2018-01-31 03:29:45', '2018-01-31 03:29:45'),
(35, 'Chilean', 'Chile', 1, 'System', NULL, '2018-01-31 03:29:45', '2018-01-31 03:29:45'),
(36, 'Chinese', 'China', 1, 'System', NULL, '2018-01-31 03:29:45', '2018-01-31 03:29:45'),
(37, 'Colombian', 'Colombia', 1, 'System', NULL, '2018-01-31 03:29:46', '2018-01-31 03:29:46'),
(38, 'Congolese', 'Congo', 1, 'System', NULL, '2018-01-31 03:29:46', '2018-01-31 03:29:46'),
(39, 'Costa Rican', 'Costa Rica', 1, 'System', NULL, '2018-01-31 03:29:46', '2018-01-31 03:29:46'),
(40, 'Croat or Croatian', 'Croatia', 1, 'System', NULL, '2018-01-31 03:29:46', '2018-01-31 03:29:46'),
(41, 'Cuban', 'Cuba', 1, 'System', NULL, '2018-01-31 03:29:46', '2018-01-31 03:29:46'),
(42, 'Cypriot', 'Cyprus', 1, 'System', NULL, '2018-01-31 03:29:46', '2018-01-31 03:29:46'),
(43, 'Czech', 'Czech Republic', 1, 'System', NULL, '2018-01-31 03:29:46', '2018-01-31 03:29:46'),
(44, 'Danish', 'Denmark', 1, 'System', NULL, '2018-01-31 03:29:46', '2018-01-31 03:29:46'),
(45, 'Djiboutian', 'Djibouti', 1, 'System', NULL, '2018-01-31 03:29:46', '2018-01-31 03:29:46'),
(46, 'Dominican', 'Dominica', 1, 'System', NULL, '2018-01-31 03:29:46', '2018-01-31 03:29:46'),
(47, 'Dominican', 'Dominican Republic', 1, 'System', NULL, '2018-01-31 03:29:47', '2018-01-31 03:29:47'),
(48, 'Ecuadorean', 'Ecuador', 1, 'System', NULL, '2018-01-31 03:29:47', '2018-01-31 03:29:47'),
(49, 'Egyptian', 'Egypt', 1, 'System', NULL, '2018-01-31 03:29:47', '2018-01-31 03:29:47'),
(50, 'Salvadorean', 'El Salvador', 1, 'System', NULL, '2018-01-31 03:29:47', '2018-01-31 03:29:47'),
(51, 'English', 'England', 1, 'System', NULL, '2018-01-31 03:29:47', '2018-01-31 03:29:47'),
(52, 'Eritrean', 'Eritrea', 1, 'System', NULL, '2018-01-31 03:29:47', '2018-01-31 03:29:47'),
(53, 'Estonian', 'Estonia', 1, 'System', NULL, '2018-01-31 03:29:47', '2018-01-31 03:29:47'),
(54, 'Ethiopian', 'Ethiopia', 1, 'System', NULL, '2018-01-31 03:29:47', '2018-01-31 03:29:47'),
(55, 'Fijian', 'Fiji', 1, 'System', NULL, '2018-01-31 03:29:47', '2018-01-31 03:29:47'),
(56, 'Finnish', 'Finland', 1, 'System', NULL, '2018-01-31 03:29:47', '2018-01-31 03:29:47'),
(57, 'French', 'France', 1, 'System', NULL, '2018-01-31 03:29:47', '2018-01-31 03:29:47'),
(58, 'Gabonese', 'Gabon', 1, 'System', NULL, '2018-01-31 03:29:47', '2018-01-31 03:29:47'),
(59, 'Gambian', 'Gambia, the', 1, 'System', NULL, '2018-01-31 03:29:47', '2018-01-31 03:29:47'),
(60, 'Georgian', 'Georgia', 1, 'System', NULL, '2018-01-31 03:29:48', '2018-01-31 03:29:48'),
(61, 'German', 'Germany', 1, 'System', NULL, '2018-01-31 03:29:48', '2018-01-31 03:29:48'),
(62, 'Ghanaian', 'Ghana', 1, 'System', NULL, '2018-01-31 03:29:48', '2018-01-31 03:29:48'),
(63, 'Greek', 'Greece', 1, 'System', NULL, '2018-01-31 03:29:48', '2018-01-31 03:29:48'),
(64, 'Grenadian', 'Grenada', 1, 'System', NULL, '2018-01-31 03:29:48', '2018-01-31 03:29:48'),
(65, 'Guatemalan', 'Guatemala', 1, 'System', NULL, '2018-01-31 03:29:48', '2018-01-31 03:29:48'),
(66, 'Guinean', 'Guinea', 1, 'System', NULL, '2018-01-31 03:29:48', '2018-01-31 03:29:48'),
(67, 'Guyanese', 'Guyana', 1, 'System', NULL, '2018-01-31 03:29:48', '2018-01-31 03:29:48'),
(68, 'Haitian', 'Haiti', 1, 'System', NULL, '2018-01-31 03:29:48', '2018-01-31 03:29:48'),
(69, 'Dutch', 'Holland', 1, 'System', NULL, '2018-01-31 03:29:48', '2018-01-31 03:29:48'),
(70, 'Honduran', 'Honduras', 1, 'System', NULL, '2018-01-31 03:29:48', '2018-01-31 03:29:48'),
(71, 'Hungarian', 'Hungary', 1, 'System', NULL, '2018-01-31 03:29:48', '2018-01-31 03:29:48'),
(72, 'Icelandic', 'Iceland', 1, 'System', NULL, '2018-01-31 03:29:48', '2018-01-31 03:29:48'),
(73, 'Indian', 'India', 1, 'System', NULL, '2018-01-31 03:29:48', '2018-01-31 03:29:48'),
(74, 'Indonesian', 'Indonesia', 1, 'System', NULL, '2018-01-31 03:29:49', '2018-01-31 03:29:49'),
(75, 'Iranian', 'Iran', 1, 'System', NULL, '2018-01-31 03:29:49', '2018-01-31 03:29:49'),
(76, 'Iraqi', 'Iraq', 1, 'System', NULL, '2018-01-31 03:29:49', '2018-01-31 03:29:49'),
(77, 'Irish', 'Ireland, Republic of', 1, 'System', NULL, '2018-01-31 03:29:49', '2018-01-31 03:29:49'),
(78, 'Italian', 'Italy', 1, 'System', NULL, '2018-01-31 03:29:49', '2018-01-31 03:29:49'),
(79, 'Jamaican', 'Jamaica', 1, 'System', NULL, '2018-01-31 03:29:49', '2018-01-31 03:29:49'),
(80, 'Japanese', 'Japan', 1, 'System', NULL, '2018-01-31 03:29:49', '2018-01-31 03:29:49'),
(81, 'Jordanian', 'Jordan', 1, 'System', NULL, '2018-01-31 03:29:49', '2018-01-31 03:29:49'),
(82, 'Kazakh', 'Kazakhstan', 1, 'System', NULL, '2018-01-31 03:29:49', '2018-01-31 03:29:49'),
(83, 'Kenyan', 'Kenya', 1, 'System', NULL, '2018-01-31 03:29:49', '2018-01-31 03:29:49'),
(84, 'Kuwaiti', 'Kuwait', 1, 'System', NULL, '2018-01-31 03:29:49', '2018-01-31 03:29:49'),
(85, 'Laotian', 'Laos', 1, 'System', NULL, '2018-01-31 03:29:49', '2018-01-31 03:29:49'),
(86, 'Latvian', 'Latvia', 1, 'System', NULL, '2018-01-31 03:29:49', '2018-01-31 03:29:49'),
(87, 'Lebanese', 'Lebanon', 1, 'System', NULL, '2018-01-31 03:29:49', '2018-01-31 03:29:49'),
(88, 'Liberian', 'Liberia', 1, 'System', NULL, '2018-01-31 03:29:49', '2018-01-31 03:29:49'),
(89, 'Libyan', 'Libya', 1, 'System', NULL, '2018-01-31 03:29:49', '2018-01-31 03:29:49'),
(90, 'Lithuanian', 'Lithuania', 1, 'System', NULL, '2018-01-31 03:29:49', '2018-01-31 03:29:49'),
(91, 'Macedonian', 'Macedonia', 1, 'System', NULL, '2018-01-31 03:29:49', '2018-01-31 03:29:49'),
(92, 'Malagasy or Madagascan', 'Madagascar', 1, 'System', NULL, '2018-01-31 03:29:49', '2018-01-31 03:29:49'),
(93, 'Malawian', 'Malawi', 1, 'System', NULL, '2018-01-31 03:29:49', '2018-01-31 03:29:49'),
(94, 'Malaysian', 'Malaysia', 1, 'System', NULL, '2018-01-31 03:29:50', '2018-01-31 03:29:50'),
(95, 'Maldivian', 'Maldives', 1, 'System', NULL, '2018-01-31 03:29:50', '2018-01-31 03:29:50'),
(96, 'Malian', 'Mali', 1, 'System', NULL, '2018-01-31 03:29:50', '2018-01-31 03:29:50'),
(97, 'Maltese', 'Malta', 1, 'System', NULL, '2018-01-31 03:29:50', '2018-01-31 03:29:50'),
(98, 'Mauritanian', 'Mauritania', 1, 'System', NULL, '2018-01-31 03:29:50', '2018-01-31 03:29:50'),
(99, 'Mauritian', 'Mauritius', 1, 'System', NULL, '2018-01-31 03:29:50', '2018-01-31 03:29:50'),
(100, 'Mexican', 'Mexico', 1, 'System', NULL, '2018-01-31 03:29:50', '2018-01-31 03:29:50'),
(101, 'Moldovan', 'Moldova', 1, 'System', NULL, '2018-01-31 03:29:50', '2018-01-31 03:29:50'),
(102, 'Mongasque or Monacan', 'Monaco', 1, 'System', NULL, '2018-01-31 03:29:50', '2018-01-31 03:29:50'),
(103, 'Mongolian', 'Mongolia', 1, 'System', NULL, '2018-01-31 03:29:50', '2018-01-31 03:29:50'),
(104, 'Montenegrin', 'Montenegro', 1, 'System', NULL, '2018-01-31 03:29:50', '2018-01-31 03:29:50'),
(105, 'Moroccan', 'Morocco', 1, 'System', NULL, '2018-01-31 03:29:50', '2018-01-31 03:29:50'),
(106, 'Mozambican', 'Mozambique', 1, 'System', NULL, '2018-01-31 03:29:50', '2018-01-31 03:29:50'),
(107, 'Namibian', 'Namibia', 1, 'System', NULL, '2018-01-31 03:29:50', '2018-01-31 03:29:50'),
(108, 'Nepalese', 'Nepal', 1, 'System', NULL, '2018-01-31 03:29:50', '2018-01-31 03:29:50'),
(109, 'Dutch', 'Netherlands', 1, 'System', NULL, '2018-01-31 03:29:50', '2018-01-31 03:29:50'),
(110, 'New Zealand', 'New Zealand', 1, 'System', NULL, '2018-01-31 03:29:50', '2018-01-31 03:29:50'),
(111, 'Nicaraguan', 'Nicaragua', 1, 'System', NULL, '2018-01-31 03:29:50', '2018-01-31 03:29:50'),
(112, 'Nigerien', 'Niger', 1, 'System', NULL, '2018-01-31 03:29:50', '2018-01-31 03:29:50'),
(113, 'Nigerian', 'Nigeria', 1, 'System', NULL, '2018-01-31 03:29:50', '2018-01-31 03:29:50'),
(114, 'North Korean', 'North Korea', 1, 'System', NULL, '2018-01-31 03:29:51', '2018-01-31 03:29:51'),
(115, 'Norwegian', 'Norway', 1, 'System', NULL, '2018-01-31 03:29:51', '2018-01-31 03:29:51'),
(116, 'Omani', 'Oman', 1, 'System', NULL, '2018-01-31 03:29:51', '2018-01-31 03:29:51'),
(117, 'Pakistani', 'Pakistan', 1, 'System', NULL, '2018-01-31 03:29:51', '2018-01-31 03:29:51'),
(118, 'Panamanian', 'Panama', 1, 'System', NULL, '2018-01-31 03:29:51', '2018-01-31 03:29:51'),
(119, 'Papua New Guinean or Guinean', 'Papua New Guinea', 1, 'System', NULL, '2018-01-31 03:29:51', '2018-01-31 03:29:51'),
(120, 'Paraguayan', 'Paraguay', 1, 'System', NULL, '2018-01-31 03:29:51', '2018-01-31 03:29:51'),
(121, 'Peruvian', 'Peru', 1, 'System', NULL, '2018-01-31 03:29:51', '2018-01-31 03:29:51'),
(122, 'Philippine', 'the Philippines', 1, 'System', NULL, '2018-01-31 03:29:51', '2018-01-31 03:29:51'),
(123, 'Polish', 'Poland', 1, 'System', NULL, '2018-01-31 03:29:51', '2018-01-31 03:29:51'),
(124, 'Portuguese', 'Portugal', 1, 'System', NULL, '2018-01-31 03:29:51', '2018-01-31 03:29:51'),
(125, 'Qatari', 'Qatar', 1, 'System', NULL, '2018-01-31 03:29:51', '2018-01-31 03:29:51'),
(126, 'Romanian', 'Romania', 1, 'System', NULL, '2018-01-31 03:29:51', '2018-01-31 03:29:51'),
(127, 'Russian', 'Russia', 1, 'System', NULL, '2018-01-31 03:29:51', '2018-01-31 03:29:51'),
(128, 'Rwandan', 'Rwanda', 1, 'System', NULL, '2018-01-31 03:29:51', '2018-01-31 03:29:51'),
(129, 'Saudi Arabian or Saudi', 'Saudi Arabia', 1, 'System', NULL, '2018-01-31 03:29:51', '2018-01-31 03:29:51'),
(130, 'Scottish', 'Scotland', 1, 'System', NULL, '2018-01-31 03:29:52', '2018-01-31 03:29:52'),
(131, 'Senegalese', 'Senegal', 1, 'System', NULL, '2018-01-31 03:29:52', '2018-01-31 03:29:52'),
(132, 'Serb or Serbian', 'Serbia', 1, 'System', NULL, '2018-01-31 03:29:52', '2018-01-31 03:29:52'),
(133, 'Seychellois', 'Seychelles, the', 1, 'System', NULL, '2018-01-31 03:29:52', '2018-01-31 03:29:52'),
(134, 'Sierra Leonian', 'Sierra Leone', 1, 'System', NULL, '2018-01-31 03:29:52', '2018-01-31 03:29:52'),
(135, 'Singaporean', 'Singapore', 1, 'System', NULL, '2018-01-31 03:29:52', '2018-01-31 03:29:52'),
(136, 'Slovak', 'Slovakia', 1, 'System', NULL, '2018-01-31 03:29:52', '2018-01-31 03:29:52'),
(137, 'Slovene or Slovenian', 'Slovenia', 1, 'System', NULL, '2018-01-31 03:29:52', '2018-01-31 03:29:52'),
(138, 'Somali', 'Somalia', 1, 'System', NULL, '2018-01-31 03:29:52', '2018-01-31 03:29:52'),
(139, 'South African', 'South Africa', 1, 'System', NULL, '2018-01-31 03:29:52', '2018-01-31 03:29:52'),
(140, 'South Korean', 'South Korea', 1, 'System', NULL, '2018-01-31 03:29:52', '2018-01-31 03:29:52'),
(141, 'Spanish', 'Spain', 1, 'System', NULL, '2018-01-31 03:29:52', '2018-01-31 03:29:52'),
(142, 'Sri Lankan', 'Sri Lanka', 1, 'System', NULL, '2018-01-31 03:29:52', '2018-01-31 03:29:52'),
(143, 'Sudanese', 'Sudan', 1, 'System', NULL, '2018-01-31 03:29:52', '2018-01-31 03:29:52'),
(144, 'Surinamese', 'Suriname', 1, 'System', NULL, '2018-01-31 03:29:52', '2018-01-31 03:29:52'),
(145, 'Swazi', 'Swaziland', 1, 'System', NULL, '2018-01-31 03:29:52', '2018-01-31 03:29:52'),
(146, 'Swedish', 'Sweden', 1, 'System', NULL, '2018-01-31 03:29:52', '2018-01-31 03:29:52'),
(147, 'Swiss', 'Switzerland', 1, 'System', NULL, '2018-01-31 03:29:53', '2018-01-31 03:29:53'),
(148, 'Syrian', 'Syria', 1, 'System', NULL, '2018-01-31 03:29:53', '2018-01-31 03:29:53'),
(149, 'Taiwanese', 'Taiwan', 1, 'System', NULL, '2018-01-31 03:29:53', '2018-01-31 03:29:53'),
(150, 'Tajik or Tadjik', 'Tajikistan', 1, 'System', NULL, '2018-01-31 03:29:53', '2018-01-31 03:29:53'),
(151, 'Tanzanian', 'Tanzania', 1, 'System', NULL, '2018-01-31 03:29:53', '2018-01-31 03:29:53'),
(152, 'Thai', 'Thailand', 1, 'System', NULL, '2018-01-31 03:29:53', '2018-01-31 03:29:53'),
(153, 'Togolese', 'Togo', 1, 'System', NULL, '2018-01-31 03:29:53', '2018-01-31 03:29:53'),
(154, 'Trinidadian, Tobagan, Tobagonian', 'Trinidad and Tobago', 1, 'System', NULL, '2018-01-31 03:29:53', '2018-01-31 03:29:53'),
(155, 'Tunisian', 'Tunisia', 1, 'System', NULL, '2018-01-31 03:29:53', '2018-01-31 03:29:53'),
(156, 'Turkish', 'Turkey', 1, 'System', NULL, '2018-01-31 03:29:53', '2018-01-31 03:29:53'),
(157, 'Turkmen or Turkoman', 'Turkmenistan', 1, 'System', NULL, '2018-01-31 03:29:53', '2018-01-31 03:29:53'),
(158, 'Tuvaluan', 'Tuvalu', 1, 'System', NULL, '2018-01-31 03:29:53', '2018-01-31 03:29:53'),
(159, 'Ugandan', 'Uganda', 1, 'System', NULL, '2018-01-31 03:29:53', '2018-01-31 03:29:53'),
(160, 'Ukrainian', 'Ukraine', 1, 'System', NULL, '2018-01-31 03:29:53', '2018-01-31 03:29:53'),
(161, 'UAE, Emirates, Emirati', 'United Arab Emirates (UAE)', 1, 'System', NULL, '2018-01-31 03:29:53', '2018-01-31 03:29:53'),
(162, 'UK, British', 'United Kingdom (UK)', 1, 'System', NULL, '2018-01-31 03:29:53', '2018-01-31 03:29:53'),
(163, 'US', 'United States of America (USA)', 1, 'System', NULL, '2018-01-31 03:29:53', '2018-01-31 03:29:53'),
(164, 'Uruguayan', 'Uruguay', 1, 'System', NULL, '2018-01-31 03:29:54', '2018-01-31 03:29:54'),
(165, 'Uzbek', 'Uzbekistan', 1, 'System', NULL, '2018-01-31 03:29:54', '2018-01-31 03:29:54'),
(166, 'Vanuatuan', 'Vanuatu', 1, 'System', NULL, '2018-01-31 03:29:54', '2018-01-31 03:29:54'),
(167, 'Venezuelan', 'Venezuela', 1, 'System', NULL, '2018-01-31 03:29:54', '2018-01-31 03:29:54'),
(168, 'Vietnamese', 'Vietnam', 1, 'System', NULL, '2018-01-31 03:29:54', '2018-01-31 03:29:54'),
(169, 'Welsh', 'Wales', 1, 'System', NULL, '2018-01-31 03:29:54', '2018-01-31 03:29:54'),
(170, 'Western Samoan', 'Western Samoa', 1, 'System', NULL, '2018-01-31 03:29:54', '2018-01-31 03:29:54'),
(171, 'Yemeni', 'Yemen', 1, 'System', NULL, '2018-01-31 03:29:54', '2018-01-31 03:29:54'),
(172, 'Yugoslav', 'Yugoslavia', 1, 'System', NULL, '2018-01-31 03:29:54', '2018-01-31 03:29:54'),
(173, 'Zarean', 'Zaire', 1, 'System', NULL, '2018-01-31 03:29:54', '2018-01-31 03:29:54'),
(174, 'Zambian', 'Zambia', 1, 'System', NULL, '2018-01-31 03:29:54', '2018-01-31 03:29:54'),
(175, 'Zimbabwean', 'Zimbabwe', 1, 'System', NULL, '2018-01-31 03:29:54', '2018-01-31 03:29:54'),
(176, 'Other', 'Other', 1, 'System', NULL, '2018-01-31 03:29:54', '2018-01-31 03:29:54');

-- --------------------------------------------------------

--
-- Table structure for table `payments`
--

CREATE TABLE IF NOT EXISTS `payments` (
  `id` int(10) unsigned NOT NULL,
  `transaction_id` int(11) NOT NULL,
  `payment_status_id` int(11) NOT NULL,
  `payment_channel_id` int(11) DEFAULT NULL,
  `payment_mode_id` int(11) DEFAULT NULL,
  `amount` double(10,2) NOT NULL,
  `expired_date` varchar(50) COLLATE utf8_unicode_ci DEFAULT NULL,
  `payment_date` varchar(50) COLLATE utf8_unicode_ci DEFAULT NULL,
  `is_expired` tinyint(4) NOT NULL DEFAULT '0',
  `is_active` tinyint(4) NOT NULL DEFAULT '1',
  `created_by` varchar(50) COLLATE utf8_unicode_ci NOT NULL DEFAULT 'System',
  `updated_by` varchar(50) COLLATE utf8_unicode_ci DEFAULT NULL,
  `created_at` timestamp NOT NULL DEFAULT '0000-00-00 00:00:00',
  `updated_at` timestamp NOT NULL DEFAULT '0000-00-00 00:00:00'
) ENGINE=InnoDB AUTO_INCREMENT=28 DEFAULT CHARSET=utf8 COLLATE=utf8_unicode_ci;

--
-- Dumping data for table `payments`
--

INSERT INTO `payments` (`id`, `transaction_id`, `payment_status_id`, `payment_channel_id`, `payment_mode_id`, `amount`, `expired_date`, `payment_date`, `is_expired`, `is_active`, `created_by`, `updated_by`, `created_at`, `updated_at`) VALUES
(1, 1, 1, NULL, NULL, 3050.00, NULL, NULL, 0, 1, 'Reservation team', NULL, '2018-01-31 03:30:38', '0000-00-00 00:00:00'),
(2, 2, 1, NULL, NULL, 3050.00, NULL, NULL, 0, 1, 'Reservation team', NULL, '2018-01-31 03:38:55', '0000-00-00 00:00:00'),
(3, 3, 1, NULL, NULL, 3050.00, NULL, NULL, 0, 1, 'Reservation team', NULL, '2018-01-31 04:26:35', '0000-00-00 00:00:00'),
(4, 4, 1, NULL, NULL, 3050.00, NULL, NULL, 0, 1, 'Reservation team', NULL, '2018-01-31 04:26:37', '0000-00-00 00:00:00'),
(5, 5, 1, NULL, NULL, 3050.00, NULL, NULL, 0, 1, 'Reservation team', NULL, '2018-01-31 04:26:38', '0000-00-00 00:00:00'),
(6, 6, 1, NULL, NULL, 3050.00, NULL, NULL, 0, 1, 'Reservation team', NULL, '2018-01-31 04:49:01', '0000-00-00 00:00:00'),
(7, 7, 1, NULL, NULL, 3050.00, NULL, NULL, 0, 1, 'Reservation team', NULL, '2018-01-31 11:50:48', '0000-00-00 00:00:00'),
(8, 8, 1, NULL, NULL, 3050.00, NULL, NULL, 0, 1, 'Reservation team', NULL, '2018-01-31 11:53:34', '0000-00-00 00:00:00'),
(9, 9, 1, NULL, NULL, 3050.00, NULL, NULL, 0, 1, 'Reservation team', NULL, '2018-01-31 12:04:26', '0000-00-00 00:00:00'),
(10, 10, 1, NULL, NULL, 3050.00, NULL, NULL, 0, 1, 'Reservation team', NULL, '2018-01-31 12:04:43', '0000-00-00 00:00:00'),
(11, 11, 1, NULL, NULL, 3050.00, NULL, NULL, 0, 1, 'Reservation team', NULL, '2018-01-31 12:05:13', '0000-00-00 00:00:00'),
(12, 12, 1, NULL, NULL, 3050.00, NULL, NULL, 0, 1, 'Reservation team', NULL, '2018-01-31 12:08:20', '0000-00-00 00:00:00'),
(13, 13, 1, NULL, NULL, 3050.00, NULL, NULL, 0, 1, 'Reservation team', NULL, '2018-02-01 02:34:01', '0000-00-00 00:00:00'),
(14, 14, 1, NULL, NULL, 3050.00, NULL, NULL, 0, 1, 'Reservation team', NULL, '2018-03-01 09:24:45', '0000-00-00 00:00:00'),
(15, 15, 1, NULL, NULL, 3050.00, NULL, NULL, 0, 1, 'Reservation team', NULL, '2018-03-01 09:25:19', '0000-00-00 00:00:00'),
(16, 16, 1, NULL, NULL, 3050.00, NULL, NULL, 0, 1, 'Reservation team', NULL, '2018-03-01 09:38:28', '0000-00-00 00:00:00'),
(17, 17, 1, NULL, NULL, 3050.00, NULL, NULL, 0, 1, 'Reservation team', NULL, '2018-03-01 09:46:30', '0000-00-00 00:00:00'),
(18, 18, 1, NULL, NULL, 3050.00, NULL, NULL, 0, 1, 'Reservation team', NULL, '2018-03-01 09:47:40', '0000-00-00 00:00:00'),
(19, 21, 1, NULL, NULL, 3050.00, NULL, NULL, 0, 1, 'Reservation team', NULL, '2018-03-03 09:48:28', '0000-00-00 00:00:00'),
(20, 22, 1, NULL, NULL, 3050.00, NULL, NULL, 0, 1, 'Reservation team', NULL, '2018-03-03 09:52:50', '0000-00-00 00:00:00'),
(21, 23, 1, NULL, NULL, 3050.00, NULL, NULL, 0, 1, 'Reservation team', NULL, '2018-03-07 09:29:10', '0000-00-00 00:00:00'),
(22, 24, 1, NULL, NULL, 3050.00, NULL, NULL, 0, 1, 'Reservation team', NULL, '2018-03-07 09:32:01', '0000-00-00 00:00:00'),
(23, 25, 1, NULL, NULL, 3050.00, NULL, NULL, 0, 1, 'Reservation team', NULL, '2018-03-08 05:41:28', '0000-00-00 00:00:00'),
(24, 26, 1, NULL, NULL, 3050.00, NULL, NULL, 0, 1, 'Reservation team', NULL, '2018-03-09 23:06:42', '0000-00-00 00:00:00'),
(25, 27, 1, NULL, NULL, 3050.00, NULL, NULL, 0, 1, 'Reservation team', NULL, '2018-03-14 15:39:08', '0000-00-00 00:00:00'),
(26, 28, 1, NULL, NULL, 3050.00, NULL, NULL, 0, 1, 'Reservation team', NULL, '2018-03-19 15:33:05', '0000-00-00 00:00:00'),
(27, 29, 1, NULL, NULL, 3050.00, NULL, NULL, 0, 1, 'Reservation team', NULL, '2018-03-19 17:05:54', '0000-00-00 00:00:00');

-- --------------------------------------------------------

--
-- Table structure for table `payment_channels`
--

CREATE TABLE IF NOT EXISTS `payment_channels` (
  `id` int(10) unsigned NOT NULL,
  `channel` varchar(50) COLLATE utf8_unicode_ci NOT NULL,
  `is_active` tinyint(4) NOT NULL DEFAULT '1',
  `created_by` varchar(50) COLLATE utf8_unicode_ci NOT NULL DEFAULT 'System',
  `updated_by` varchar(50) COLLATE utf8_unicode_ci DEFAULT NULL,
  `created_at` timestamp NOT NULL DEFAULT '0000-00-00 00:00:00',
  `updated_at` timestamp NOT NULL DEFAULT '0000-00-00 00:00:00'
) ENGINE=InnoDB AUTO_INCREMENT=6 DEFAULT CHARSET=utf8 COLLATE=utf8_unicode_ci;

--
-- Dumping data for table `payment_channels`
--

INSERT INTO `payment_channels` (`id`, `channel`, `is_active`, `created_by`, `updated_by`, `created_at`, `updated_at`) VALUES
(1, 'Paypal', 1, 'System', NULL, '2018-01-31 03:29:55', '2018-01-31 03:29:55'),
(2, 'Credit card', 1, 'System', NULL, '2018-01-31 03:29:55', '2018-01-31 03:29:55'),
(3, 'Visa', 1, 'System', NULL, '2018-01-31 03:29:55', '2018-01-31 03:29:55'),
(4, 'Cash', 1, 'System', NULL, '2018-01-31 03:29:55', '2018-01-31 03:29:55'),
(5, 'Voucher', 1, 'System', NULL, '2018-01-31 03:29:55', '2018-01-31 03:29:55');

-- --------------------------------------------------------

--
-- Table structure for table `payment_modes`
--

CREATE TABLE IF NOT EXISTS `payment_modes` (
  `id` int(10) unsigned NOT NULL,
  `mode` varchar(50) COLLATE utf8_unicode_ci NOT NULL,
  `is_active` tinyint(4) NOT NULL DEFAULT '1',
  `created_by` varchar(50) COLLATE utf8_unicode_ci NOT NULL DEFAULT 'System',
  `updated_by` varchar(50) COLLATE utf8_unicode_ci DEFAULT NULL,
  `created_at` timestamp NOT NULL DEFAULT '0000-00-00 00:00:00',
  `updated_at` timestamp NOT NULL DEFAULT '0000-00-00 00:00:00'
) ENGINE=InnoDB AUTO_INCREMENT=11 DEFAULT CHARSET=utf8 COLLATE=utf8_unicode_ci;

--
-- Dumping data for table `payment_modes`
--

INSERT INTO `payment_modes` (`id`, `mode`, `is_active`, `created_by`, `updated_by`, `created_at`, `updated_at`) VALUES
(1, 'Selling price', 1, 'System', NULL, '2018-01-31 03:29:56', '2018-01-31 03:29:56'),
(2, 'Local agent', 1, 'System', NULL, '2018-01-31 03:29:56', '2018-01-31 03:29:56'),
(3, 'Local agent tax 3%', 1, 'System', NULL, '2018-01-31 03:29:56', '2018-01-31 03:29:56'),
(4, 'BKK', 1, 'System', NULL, '2018-01-31 03:29:56', '2018-01-31 03:29:56'),
(5, 'BKK tax 3%', 1, 'System', NULL, '2018-01-31 03:29:56', '2018-01-31 03:29:56'),
(6, 'Discount 15%', 1, 'System', NULL, '2018-01-31 03:29:56', '2018-01-31 03:29:56'),
(7, 'Discount 20%', 1, 'System', NULL, '2018-01-31 03:29:56', '2018-01-31 03:29:56'),
(8, 'Discount 25%', 1, 'System', NULL, '2018-01-31 03:29:56', '2018-01-31 03:29:56'),
(9, 'Discount 30%', 1, 'System', NULL, '2018-01-31 03:29:56', '2018-01-31 03:29:56'),
(10, 'Other', 1, 'System', NULL, '2018-01-31 03:29:56', '2018-01-31 03:29:56');

-- --------------------------------------------------------

--
-- Table structure for table `payment_statuses`
--

CREATE TABLE IF NOT EXISTS `payment_statuses` (
  `id` int(10) unsigned NOT NULL,
  `status` varchar(50) COLLATE utf8_unicode_ci NOT NULL,
  `is_active` tinyint(4) NOT NULL DEFAULT '1',
  `created_by` varchar(50) COLLATE utf8_unicode_ci NOT NULL DEFAULT 'System',
  `updated_by` varchar(50) COLLATE utf8_unicode_ci DEFAULT NULL,
  `created_at` timestamp NOT NULL DEFAULT '0000-00-00 00:00:00',
  `updated_at` timestamp NOT NULL DEFAULT '0000-00-00 00:00:00'
) ENGINE=InnoDB AUTO_INCREMENT=6 DEFAULT CHARSET=utf8 COLLATE=utf8_unicode_ci;

--
-- Dumping data for table `payment_statuses`
--

INSERT INTO `payment_statuses` (`id`, `status`, `is_active`, `created_by`, `updated_by`, `created_at`, `updated_at`) VALUES
(1, 'Pending', 1, 'System', NULL, '2018-01-31 03:29:58', '2018-01-31 03:29:58'),
(2, 'Paid', 1, 'System', NULL, '2018-01-31 03:29:58', '2018-01-31 03:29:58'),
(3, 'Canceled', 1, 'System', NULL, '2018-01-31 03:29:58', '2018-01-31 03:29:58'),
(4, 'Expired', 1, 'System', NULL, '2018-01-31 03:29:58', '2018-01-31 03:29:58'),
(5, 'Error', 1, 'System', NULL, '2018-01-31 03:29:58', '2018-01-31 03:29:58');

-- --------------------------------------------------------

--
-- Table structure for table `promotions`
--

CREATE TABLE IF NOT EXISTS `promotions` (
  `id` int(10) unsigned NOT NULL,
  `title` varchar(100) COLLATE utf8_unicode_ci NOT NULL,
  `adult_price` double(10,2) NOT NULL,
  `child_price` double(10,2) NOT NULL,
  `period_start` date NOT NULL,
  `period_end` date NOT NULL,
  `is_active` tinyint(4) NOT NULL DEFAULT '1',
  `created_by` varchar(50) COLLATE utf8_unicode_ci NOT NULL DEFAULT 'System',
  `updated_by` varchar(50) COLLATE utf8_unicode_ci DEFAULT NULL,
  `created_at` timestamp NOT NULL DEFAULT '0000-00-00 00:00:00',
  `updated_at` timestamp NOT NULL DEFAULT '0000-00-00 00:00:00'
) ENGINE=InnoDB DEFAULT CHARSET=utf8 COLLATE=utf8_unicode_ci;

-- --------------------------------------------------------

--
-- Table structure for table `promotion_tour_details`
--

CREATE TABLE IF NOT EXISTS `promotion_tour_details` (
  `id` int(10) unsigned NOT NULL,
  `promotion_id` int(11) NOT NULL,
  `tour_id` int(11) NOT NULL,
  `is_optional` tinyint(4) NOT NULL,
  `is_active` tinyint(4) NOT NULL DEFAULT '1',
  `created_by` varchar(50) COLLATE utf8_unicode_ci NOT NULL DEFAULT 'System',
  `updated_by` varchar(50) COLLATE utf8_unicode_ci DEFAULT NULL,
  `created_at` timestamp NOT NULL DEFAULT '0000-00-00 00:00:00',
  `updated_at` timestamp NOT NULL DEFAULT '0000-00-00 00:00:00'
) ENGINE=InnoDB DEFAULT CHARSET=utf8 COLLATE=utf8_unicode_ci;

-- --------------------------------------------------------

--
-- Table structure for table `promotion_transfer_details`
--

CREATE TABLE IF NOT EXISTS `promotion_transfer_details` (
  `id` int(10) unsigned NOT NULL,
  `promotion_id` int(11) NOT NULL,
  `transfer_mode_id` int(11) NOT NULL,
  `transfer_type_id` int(11) NOT NULL,
  `is_optional` tinyint(4) NOT NULL,
  `is_active` tinyint(4) NOT NULL DEFAULT '1',
  `created_by` varchar(50) COLLATE utf8_unicode_ci NOT NULL DEFAULT 'System',
  `updated_by` varchar(50) COLLATE utf8_unicode_ci DEFAULT NULL,
  `created_at` timestamp NOT NULL DEFAULT '0000-00-00 00:00:00',
  `updated_at` timestamp NOT NULL DEFAULT '0000-00-00 00:00:00'
) ENGINE=InnoDB DEFAULT CHARSET=utf8 COLLATE=utf8_unicode_ci;

-- --------------------------------------------------------

--
-- Table structure for table `tours`
--

CREATE TABLE IF NOT EXISTS `tours` (
  `id` int(10) unsigned NOT NULL,
  `code` varchar(10) COLLATE utf8_unicode_ci NOT NULL,
  `title` varchar(100) COLLATE utf8_unicode_ci NOT NULL,
  `short_description` text COLLATE utf8_unicode_ci,
  `long_description` text COLLATE utf8_unicode_ci,
  `note` varchar(255) COLLATE utf8_unicode_ci DEFAULT NULL,
  `warning` varchar(255) COLLATE utf8_unicode_ci DEFAULT NULL,
  `period_start` date NOT NULL,
  `period_end` date NOT NULL,
  `is_recommend` tinyint(4) NOT NULL,
  `is_special` tinyint(4) NOT NULL,
  `is_active` tinyint(4) NOT NULL DEFAULT '1',
  `created_by` varchar(50) COLLATE utf8_unicode_ci NOT NULL DEFAULT 'System',
  `updated_by` varchar(50) COLLATE utf8_unicode_ci DEFAULT NULL,
  `created_at` timestamp NOT NULL DEFAULT '0000-00-00 00:00:00',
  `updated_at` timestamp NOT NULL DEFAULT '0000-00-00 00:00:00'
) ENGINE=InnoDB AUTO_INCREMENT=20 DEFAULT CHARSET=utf8 COLLATE=utf8_unicode_ci;

--
-- Dumping data for table `tours`
--

INSERT INTO `tours` (`id`, `code`, `title`, `short_description`, `long_description`, `note`, `warning`, `period_start`, `period_end`, `is_recommend`, `is_special`, `is_active`, `created_by`, `updated_by`, `created_at`, `updated_at`) VALUES
(1, 'TC-01', 'Doi Suthep Temple & Hmong Hill Tribe Village', '', '', NULL, NULL, '2018-01-01', '2018-10-31', 1, 0, 1, 'System', NULL, '2018-01-31 03:30:17', '2018-01-31 03:30:17'),
(2, 'TC-02', 'City Temple & Museum', '', '', NULL, NULL, '2018-01-02', '2018-10-31', 0, 0, 1, 'System', NULL, '2018-01-31 03:30:17', '2018-01-31 03:30:17'),
(3, 'TC-03', 'Elephant at Work & Ride @ Mae Sa Elephant Camp', '', '', NULL, NULL, '2018-01-02', '2018-10-31', 0, 0, 1, 'System', NULL, '2018-01-31 03:30:17', '2018-01-31 03:30:17'),
(4, 'TC-04', 'Handicraft Village', '', '', NULL, NULL, '2018-01-02', '2018-10-31', 0, 0, 1, 'System', NULL, '2018-01-31 03:30:17', '2018-01-31 03:30:17'),
(5, 'TC-05A', 'Chiang Mai Night Safari (Afternoon Trip; Day Safary', '', '', NULL, NULL, '2018-01-02', '2018-10-31', 0, 0, 1, 'System', NULL, '2018-01-31 03:30:18', '2018-01-31 03:30:18'),
(6, 'TC-05E', 'Chiang Mai Night Safari (Evening Trip)', '', '', NULL, NULL, '2018-01-02', '2018-10-31', 1, 0, 1, 'System', NULL, '2018-01-31 03:30:18', '2018-01-31 03:30:18'),
(7, 'TC-06', 'Khan Toke Dinner with Cultural Performances', '', '', NULL, NULL, '2018-01-02', '2018-10-31', 0, 0, 1, 'System', NULL, '2018-01-31 03:30:18', '2018-01-31 03:30:18'),
(8, 'TC-07', 'Elephant Safari @ Mae Taman Elephant Camp', '', '', NULL, NULL, '2018-01-02', '2018-10-31', 0, 0, 1, 'System', NULL, '2018-01-31 03:30:18', '2018-01-31 03:30:18'),
(9, 'TC-08', 'Chiang Rai Day Trip', '', '', NULL, NULL, '2018-01-02', '2018-10-31', 1, 0, 1, 'System', NULL, '2018-01-31 03:30:18', '2018-01-31 03:30:18'),
(10, 'TC-09', 'Inthanon National Park', '', '', NULL, NULL, '2018-01-02', '2018-10-31', 0, 0, 1, 'System', NULL, '2018-01-31 03:30:18', '2018-01-31 03:30:18'),
(11, 'TC-10', 'Elephant Trek to Long Neck and Tiger Kingdom', '', '', NULL, NULL, '2018-01-02', '2018-10-31', 1, 0, 1, 'System', NULL, '2018-01-31 03:30:18', '2018-01-31 03:30:18'),
(12, 'TC-11', 'Elephant Conservation Center @ Lampang', '', '', NULL, NULL, '2018-01-02', '2018-10-31', 1, 0, 1, 'System', NULL, '2018-01-31 03:30:18', '2018-01-31 03:30:18'),
(13, 'TC-12', 'Trekking Doi Suthep Area', '', '', NULL, NULL, '2018-01-02', '2018-10-31', 1, 0, 1, 'System', NULL, '2018-01-31 03:30:18', '2018-01-31 03:30:18'),
(14, 'TC-S01', 'Kiew Mae Pan Natural Trail', '', '', NULL, NULL, '2018-01-02', '2018-10-31', 0, 0, 1, 'System', NULL, '2018-01-31 03:30:18', '2018-01-31 03:30:18'),
(15, 'TC-S02M', 'Breath of Nature (Morning)', '', '', NULL, NULL, '2018-01-02', '2018-10-31', 0, 0, 1, 'System', NULL, '2018-01-31 03:30:19', '2018-01-31 03:30:19'),
(16, 'TC-S02A', 'Breath of Nature (Afternoon)', '', '', NULL, NULL, '2018-01-02', '2018-10-31', 1, 0, 1, 'System', NULL, '2018-01-31 03:30:19', '2018-01-31 03:30:19'),
(17, 'GYG-01', 'Wat Umong + Wat Doi Suthep (Morning Trip; Dailay Operate Tour Code GYG-01)', '', '', NULL, NULL, '2018-01-02', '2018-10-31', 0, 0, 1, 'System', NULL, '2018-01-31 03:30:19', '2018-01-31 03:30:19'),
(18, 'GYG-02', 'Monk Chat @ Wat Umong with Evening Market Tour (Afternoon Trip; Sunday Only Tour Code GYG-02)', '', '', NULL, NULL, '2018-01-02', '2018-10-31', 0, 0, 1, 'System', NULL, '2018-01-31 03:30:19', '2018-01-31 03:30:19'),
(19, '-', 'Chiang Dao Day Trip', '', '', NULL, NULL, '2018-01-02', '2018-10-31', 0, 0, 1, 'System', NULL, '2018-01-31 03:30:19', '2018-01-31 03:30:19');

-- --------------------------------------------------------

--
-- Table structure for table `tour_admission_drivers`
--

CREATE TABLE IF NOT EXISTS `tour_admission_drivers` (
  `id` int(10) unsigned NOT NULL,
  `tour_id` int(11) NOT NULL,
  `tour_travel_time_id` int(11) NOT NULL,
  `detail` varchar(200) COLLATE utf8_unicode_ci NOT NULL,
  `is_active` tinyint(4) NOT NULL DEFAULT '1',
  `created_by` varchar(50) COLLATE utf8_unicode_ci NOT NULL DEFAULT 'System',
  `updated_by` varchar(50) COLLATE utf8_unicode_ci DEFAULT NULL,
  `created_at` timestamp NOT NULL DEFAULT '0000-00-00 00:00:00',
  `updated_at` timestamp NOT NULL DEFAULT '0000-00-00 00:00:00'
) ENGINE=InnoDB DEFAULT CHARSET=utf8 COLLATE=utf8_unicode_ci;

-- --------------------------------------------------------

--
-- Table structure for table `tour_admission_guides`
--

CREATE TABLE IF NOT EXISTS `tour_admission_guides` (
  `id` int(10) unsigned NOT NULL,
  `tour_id` int(11) NOT NULL,
  `tour_travel_time_id` int(11) NOT NULL,
  `detail` varchar(200) COLLATE utf8_unicode_ci NOT NULL,
  `cost` double(10,2) NOT NULL,
  `is_active` tinyint(4) NOT NULL DEFAULT '1',
  `created_by` varchar(50) COLLATE utf8_unicode_ci NOT NULL DEFAULT 'System',
  `updated_by` varchar(50) COLLATE utf8_unicode_ci DEFAULT NULL,
  `created_at` timestamp NOT NULL DEFAULT '0000-00-00 00:00:00',
  `updated_at` timestamp NOT NULL DEFAULT '0000-00-00 00:00:00'
) ENGINE=InnoDB DEFAULT CHARSET=utf8 COLLATE=utf8_unicode_ci;

-- --------------------------------------------------------

--
-- Table structure for table `tour_categories`
--

CREATE TABLE IF NOT EXISTS `tour_categories` (
  `id` int(10) unsigned NOT NULL,
  `category` varchar(100) COLLATE utf8_unicode_ci NOT NULL,
  `is_active` tinyint(4) NOT NULL DEFAULT '1',
  `created_by` varchar(50) COLLATE utf8_unicode_ci NOT NULL DEFAULT 'System',
  `updated_by` varchar(50) COLLATE utf8_unicode_ci DEFAULT NULL,
  `created_at` timestamp NOT NULL DEFAULT '0000-00-00 00:00:00',
  `updated_at` timestamp NOT NULL DEFAULT '0000-00-00 00:00:00'
) ENGINE=InnoDB AUTO_INCREMENT=5 DEFAULT CHARSET=utf8 COLLATE=utf8_unicode_ci;

--
-- Dumping data for table `tour_categories`
--

INSERT INTO `tour_categories` (`id`, `category`, `is_active`, `created_by`, `updated_by`, `created_at`, `updated_at`) VALUES
(1, 'Sightseeing Tours', 1, 'System', NULL, '2018-01-31 03:29:59', '2018-01-31 03:29:59'),
(2, 'Cultural Tours', 1, 'System', NULL, '2018-01-31 03:29:59', '2018-01-31 03:29:59'),
(3, 'Elephant Tours', 1, 'System', NULL, '2018-01-31 03:29:59', '2018-01-31 03:29:59'),
(4, 'Nature & Adventure Tours', 1, 'System', NULL, '2018-01-31 03:29:59', '2018-01-31 03:29:59');

-- --------------------------------------------------------

--
-- Table structure for table `tour_driver_fee_rates`
--

CREATE TABLE IF NOT EXISTS `tour_driver_fee_rates` (
  `id` int(10) unsigned NOT NULL,
  `tour_id` int(11) NOT NULL,
  `tour_pax_id` int(11) NOT NULL,
  `cost` double(10,2) NOT NULL,
  `is_staff` tinyint(4) NOT NULL DEFAULT '1',
  `is_energy` tinyint(4) NOT NULL DEFAULT '0',
  `is_famtrip` tinyint(4) NOT NULL DEFAULT '0',
  `is_active` tinyint(4) NOT NULL DEFAULT '1',
  `created_by` varchar(50) COLLATE utf8_unicode_ci NOT NULL DEFAULT 'System',
  `updated_by` varchar(50) COLLATE utf8_unicode_ci DEFAULT NULL,
  `created_at` timestamp NOT NULL DEFAULT '0000-00-00 00:00:00',
  `updated_at` timestamp NOT NULL DEFAULT '0000-00-00 00:00:00'
) ENGINE=InnoDB AUTO_INCREMENT=86 DEFAULT CHARSET=utf8 COLLATE=utf8_unicode_ci;

--
-- Dumping data for table `tour_driver_fee_rates`
--

INSERT INTO `tour_driver_fee_rates` (`id`, `tour_id`, `tour_pax_id`, `cost`, `is_staff`, `is_energy`, `is_famtrip`, `is_active`, `created_by`, `updated_by`, `created_at`, `updated_at`) VALUES
(1, 1, 1, 200.00, 1, 0, 0, 1, 'System', NULL, '2018-01-31 03:30:01', '2018-01-31 03:30:01'),
(2, 1, 2, 250.00, 1, 0, 0, 1, 'System', NULL, '2018-01-31 03:30:01', '2018-01-31 03:30:01'),
(3, 1, 3, 300.00, 1, 0, 0, 1, 'System', NULL, '2018-01-31 03:30:02', '2018-01-31 03:30:02'),
(4, 1, 4, 300.00, 1, 0, 1, 1, 'System', NULL, '2018-01-31 03:30:02', '2018-01-31 03:30:02'),
(5, 1, 4, 1000.00, 0, 0, 0, 1, 'System', NULL, '2018-01-31 03:30:02', '2018-01-31 03:30:02'),
(6, 2, 1, 200.00, 1, 0, 0, 1, 'System', NULL, '2018-01-31 03:30:03', '2018-01-31 03:30:03'),
(7, 2, 2, 250.00, 1, 0, 0, 1, 'System', NULL, '2018-01-31 03:30:03', '2018-01-31 03:30:03'),
(8, 2, 3, 300.00, 1, 0, 0, 1, 'System', NULL, '2018-01-31 03:30:03', '2018-01-31 03:30:03'),
(9, 2, 4, 300.00, 1, 0, 1, 1, 'System', NULL, '2018-01-31 03:30:03', '2018-01-31 03:30:03'),
(10, 2, 4, 600.00, 0, 0, 0, 1, 'System', NULL, '2018-01-31 03:30:03', '2018-01-31 03:30:03'),
(11, 3, 1, 200.00, 1, 0, 0, 1, 'System', NULL, '2018-01-31 03:30:03', '2018-01-31 03:30:03'),
(12, 3, 2, 250.00, 1, 0, 0, 1, 'System', NULL, '2018-01-31 03:30:03', '2018-01-31 03:30:03'),
(13, 3, 3, 300.00, 1, 0, 0, 1, 'System', NULL, '2018-01-31 03:30:03', '2018-01-31 03:30:03'),
(14, 3, 4, 300.00, 1, 0, 1, 1, 'System', NULL, '2018-01-31 03:30:03', '2018-01-31 03:30:03'),
(15, 3, 4, 800.00, 0, 0, 0, 1, 'System', NULL, '2018-01-31 03:30:03', '2018-01-31 03:30:03'),
(16, 4, 1, 200.00, 1, 0, 0, 1, 'System', NULL, '2018-01-31 03:30:04', '2018-01-31 03:30:04'),
(17, 4, 2, 250.00, 1, 0, 0, 1, 'System', NULL, '2018-01-31 03:30:04', '2018-01-31 03:30:04'),
(18, 4, 3, 300.00, 1, 0, 0, 1, 'System', NULL, '2018-01-31 03:30:04', '2018-01-31 03:30:04'),
(19, 4, 4, 300.00, 1, 0, 1, 1, 'System', NULL, '2018-01-31 03:30:04', '2018-01-31 03:30:04'),
(20, 4, 4, 500.00, 0, 0, 0, 1, 'System', NULL, '2018-01-31 03:30:04', '2018-01-31 03:30:04'),
(21, 5, 1, 350.00, 1, 0, 0, 1, 'System', NULL, '2018-01-31 03:30:04', '2018-01-31 03:30:04'),
(22, 5, 2, 400.00, 1, 0, 0, 1, 'System', NULL, '2018-01-31 03:30:04', '2018-01-31 03:30:04'),
(23, 5, 3, 450.00, 1, 0, 0, 1, 'System', NULL, '2018-01-31 03:30:05', '2018-01-31 03:30:05'),
(24, 5, 4, 500.00, 1, 0, 1, 1, 'System', NULL, '2018-01-31 03:30:05', '2018-01-31 03:30:05'),
(25, 5, 4, 800.00, 0, 0, 0, 1, 'System', NULL, '2018-01-31 03:30:05', '2018-01-31 03:30:05'),
(26, 6, 1, 250.00, 1, 0, 0, 1, 'System', NULL, '2018-01-31 03:30:05', '2018-01-31 03:30:05'),
(27, 6, 2, 300.00, 1, 0, 0, 1, 'System', NULL, '2018-01-31 03:30:05', '2018-01-31 03:30:05'),
(28, 6, 3, 350.00, 1, 0, 0, 1, 'System', NULL, '2018-01-31 03:30:05', '2018-01-31 03:30:05'),
(29, 6, 4, 350.00, 1, 0, 1, 1, 'System', NULL, '2018-01-31 03:30:05', '2018-01-31 03:30:05'),
(30, 6, 4, 800.00, 0, 0, 0, 1, 'System', NULL, '2018-01-31 03:30:05', '2018-01-31 03:30:05'),
(31, 7, 1, 250.00, 1, 0, 0, 1, 'System', NULL, '2018-01-31 03:30:05', '2018-01-31 03:30:05'),
(32, 7, 2, 300.00, 1, 0, 0, 1, 'System', NULL, '2018-01-31 03:30:06', '2018-01-31 03:30:06'),
(33, 7, 3, 350.00, 1, 0, 0, 1, 'System', NULL, '2018-01-31 03:30:06', '2018-01-31 03:30:06'),
(34, 7, 4, 350.00, 1, 0, 1, 1, 'System', NULL, '2018-01-31 03:30:06', '2018-01-31 03:30:06'),
(35, 7, 4, 350.00, 0, 0, 0, 1, 'System', NULL, '2018-01-31 03:30:06', '2018-01-31 03:30:06'),
(36, 8, 1, 350.00, 1, 0, 0, 1, 'System', NULL, '2018-01-31 03:30:06', '2018-01-31 03:30:06'),
(37, 8, 2, 400.00, 1, 0, 0, 1, 'System', NULL, '2018-01-31 03:30:06', '2018-01-31 03:30:06'),
(38, 8, 3, 450.00, 1, 0, 0, 1, 'System', NULL, '2018-01-31 03:30:06', '2018-01-31 03:30:06'),
(39, 8, 4, 500.00, 1, 0, 1, 1, 'System', NULL, '2018-01-31 03:30:06', '2018-01-31 03:30:06'),
(40, 8, 4, 1600.00, 0, 0, 0, 1, 'System', NULL, '2018-01-31 03:30:06', '2018-01-31 03:30:06'),
(41, 9, 1, 500.00, 1, 0, 0, 1, 'System', NULL, '2018-01-31 03:30:06', '2018-01-31 03:30:06'),
(42, 9, 2, 600.00, 1, 0, 0, 1, 'System', NULL, '2018-01-31 03:30:07', '2018-01-31 03:30:07'),
(43, 9, 3, 700.00, 1, 0, 0, 1, 'System', NULL, '2018-01-31 03:30:07', '2018-01-31 03:30:07'),
(44, 9, 4, 700.00, 1, 0, 1, 1, 'System', NULL, '2018-01-31 03:30:07', '2018-01-31 03:30:07'),
(45, 9, 4, 3300.00, 0, 0, 0, 1, 'System', NULL, '2018-01-31 03:30:07', '2018-01-31 03:30:07'),
(46, 10, 1, 400.00, 1, 0, 0, 1, 'System', NULL, '2018-01-31 03:30:07', '2018-01-31 03:30:07'),
(47, 10, 2, 500.00, 1, 0, 0, 1, 'System', NULL, '2018-01-31 03:30:07', '2018-01-31 03:30:07'),
(48, 10, 3, 600.00, 1, 0, 0, 1, 'System', NULL, '2018-01-31 03:30:07', '2018-01-31 03:30:07'),
(49, 10, 4, 600.00, 1, 0, 1, 1, 'System', NULL, '2018-01-31 03:30:07', '2018-01-31 03:30:07'),
(50, 10, 4, 2500.00, 0, 0, 0, 1, 'System', NULL, '2018-01-31 03:30:07', '2018-01-31 03:30:07'),
(51, 11, 1, 350.00, 1, 0, 0, 1, 'System', NULL, '2018-01-31 03:30:07', '2018-01-31 03:30:07'),
(52, 11, 2, 400.00, 1, 0, 0, 1, 'System', NULL, '2018-01-31 03:30:07', '2018-01-31 03:30:07'),
(53, 11, 3, 450.00, 1, 0, 0, 1, 'System', NULL, '2018-01-31 03:30:07', '2018-01-31 03:30:07'),
(54, 11, 4, 500.00, 1, 0, 1, 1, 'System', NULL, '2018-01-31 03:30:08', '2018-01-31 03:30:08'),
(55, 11, 4, 1500.00, 0, 0, 0, 1, 'System', NULL, '2018-01-31 03:30:08', '2018-01-31 03:30:08'),
(56, 12, 1, 350.00, 1, 0, 0, 1, 'System', NULL, '2018-01-31 03:30:08', '2018-01-31 03:30:08'),
(57, 12, 2, 400.00, 1, 0, 0, 1, 'System', NULL, '2018-01-31 03:30:08', '2018-01-31 03:30:08'),
(58, 12, 3, 450.00, 1, 0, 0, 1, 'System', NULL, '2018-01-31 03:30:08', '2018-01-31 03:30:08'),
(59, 12, 4, 500.00, 1, 0, 1, 1, 'System', NULL, '2018-01-31 03:30:08', '2018-01-31 03:30:08'),
(60, 12, 4, 2300.00, 0, 0, 0, 1, 'System', NULL, '2018-01-31 03:30:08', '2018-01-31 03:30:08'),
(61, 13, 1, 300.00, 1, 0, 0, 1, 'System', NULL, '2018-01-31 03:30:08', '2018-01-31 03:30:08'),
(62, 13, 2, 350.00, 1, 0, 0, 1, 'System', NULL, '2018-01-31 03:30:08', '2018-01-31 03:30:08'),
(63, 13, 3, 400.00, 1, 0, 0, 1, 'System', NULL, '2018-01-31 03:30:08', '2018-01-31 03:30:08'),
(64, 13, 4, 400.00, 1, 0, 1, 1, 'System', NULL, '2018-01-31 03:30:08', '2018-01-31 03:30:08'),
(65, 13, 4, 1200.00, 0, 0, 0, 1, 'System', NULL, '2018-01-31 03:30:08', '2018-01-31 03:30:08'),
(66, 14, 1, 400.00, 1, 0, 0, 1, 'System', NULL, '2018-01-31 03:30:08', '2018-01-31 03:30:08'),
(67, 14, 2, 500.00, 1, 0, 0, 1, 'System', NULL, '2018-01-31 03:30:08', '2018-01-31 03:30:08'),
(68, 14, 3, 600.00, 1, 0, 0, 1, 'System', NULL, '2018-01-31 03:30:09', '2018-01-31 03:30:09'),
(69, 14, 4, 600.00, 1, 0, 1, 1, 'System', NULL, '2018-01-31 03:30:09', '2018-01-31 03:30:09'),
(70, 14, 4, 2500.00, 0, 0, 0, 1, 'System', NULL, '2018-01-31 03:30:09', '2018-01-31 03:30:09'),
(71, 15, 1, 300.00, 1, 0, 0, 1, 'System', NULL, '2018-01-31 03:30:09', '2018-01-31 03:30:09'),
(72, 15, 2, 350.00, 1, 0, 0, 1, 'System', NULL, '2018-01-31 03:30:09', '2018-01-31 03:30:09'),
(73, 15, 3, 400.00, 1, 0, 0, 1, 'System', NULL, '2018-01-31 03:30:09', '2018-01-31 03:30:09'),
(74, 15, 4, 400.00, 1, 0, 1, 1, 'System', NULL, '2018-01-31 03:30:09', '2018-01-31 03:30:09'),
(75, 15, 4, 1000.00, 0, 0, 0, 1, 'System', NULL, '2018-01-31 03:30:09', '2018-01-31 03:30:09'),
(76, 16, 1, 300.00, 1, 0, 0, 1, 'System', NULL, '2018-01-31 03:30:09', '2018-01-31 03:30:09'),
(77, 16, 2, 350.00, 1, 0, 0, 1, 'System', NULL, '2018-01-31 03:30:09', '2018-01-31 03:30:09'),
(78, 16, 3, 400.00, 1, 0, 0, 1, 'System', NULL, '2018-01-31 03:30:09', '2018-01-31 03:30:09'),
(79, 16, 4, 400.00, 1, 0, 1, 1, 'System', NULL, '2018-01-31 03:30:09', '2018-01-31 03:30:09'),
(80, 16, 4, 1000.00, 0, 0, 0, 1, 'System', NULL, '2018-01-31 03:30:09', '2018-01-31 03:30:09'),
(81, 17, 1, 0.00, 1, 0, 0, 1, 'System', NULL, '2018-01-31 03:30:09', '2018-01-31 03:30:09'),
(82, 17, 2, 0.00, 1, 0, 0, 1, 'System', NULL, '2018-01-31 03:30:09', '2018-01-31 03:30:09'),
(83, 17, 3, 0.00, 1, 0, 0, 1, 'System', NULL, '2018-01-31 03:30:10', '2018-01-31 03:30:10'),
(84, 17, 4, 0.00, 1, 0, 1, 1, 'System', NULL, '2018-01-31 03:30:10', '2018-01-31 03:30:10'),
(85, 17, 4, 1800.00, 0, 0, 0, 1, 'System', NULL, '2018-01-31 03:30:10', '2018-01-31 03:30:10');

-- --------------------------------------------------------

--
-- Table structure for table `tour_excludes`
--

CREATE TABLE IF NOT EXISTS `tour_excludes` (
  `id` int(10) unsigned NOT NULL,
  `tour_id` int(11) NOT NULL,
  `exclude` text COLLATE utf8_unicode_ci NOT NULL,
  `is_active` tinyint(4) NOT NULL DEFAULT '1',
  `created_by` varchar(50) COLLATE utf8_unicode_ci NOT NULL DEFAULT 'System',
  `updated_by` varchar(50) COLLATE utf8_unicode_ci DEFAULT NULL,
  `created_at` timestamp NOT NULL DEFAULT '0000-00-00 00:00:00',
  `updated_at` timestamp NOT NULL DEFAULT '0000-00-00 00:00:00'
) ENGINE=InnoDB DEFAULT CHARSET=utf8 COLLATE=utf8_unicode_ci;

-- --------------------------------------------------------

--
-- Table structure for table `tour_galleries`
--

CREATE TABLE IF NOT EXISTS `tour_galleries` (
  `id` int(10) unsigned NOT NULL,
  `tour_id` int(11) NOT NULL,
  `tour_travel_time_id` int(11) DEFAULT NULL,
  `travel_date` varchar(100) COLLATE utf8_unicode_ci DEFAULT NULL,
  `image_name` varchar(255) COLLATE utf8_unicode_ci NOT NULL,
  `image_path` varchar(255) COLLATE utf8_unicode_ci NOT NULL,
  `credit` varchar(100) COLLATE utf8_unicode_ci DEFAULT NULL,
  `is_active` tinyint(4) NOT NULL DEFAULT '1',
  `created_by` varchar(50) COLLATE utf8_unicode_ci NOT NULL DEFAULT 'System',
  `updated_by` varchar(50) COLLATE utf8_unicode_ci DEFAULT NULL,
  `created_at` timestamp NOT NULL DEFAULT '0000-00-00 00:00:00',
  `updated_at` timestamp NOT NULL DEFAULT '0000-00-00 00:00:00'
) ENGINE=InnoDB DEFAULT CHARSET=utf8 COLLATE=utf8_unicode_ci;

-- --------------------------------------------------------

--
-- Table structure for table `tour_guide_fee_rates`
--

CREATE TABLE IF NOT EXISTS `tour_guide_fee_rates` (
  `id` int(10) unsigned NOT NULL,
  `tour_id` int(11) NOT NULL,
  `tour_pax_id` int(11) NOT NULL,
  `cost` double NOT NULL,
  `is_famtrip` tinyint(4) NOT NULL DEFAULT '0',
  `is_active` tinyint(4) NOT NULL DEFAULT '1',
  `created_by` varchar(50) COLLATE utf8_unicode_ci NOT NULL DEFAULT 'System',
  `updated_by` varchar(50) COLLATE utf8_unicode_ci DEFAULT NULL,
  `created_at` timestamp NOT NULL DEFAULT '0000-00-00 00:00:00',
  `updated_at` timestamp NOT NULL DEFAULT '0000-00-00 00:00:00'
) ENGINE=InnoDB AUTO_INCREMENT=65 DEFAULT CHARSET=utf8 COLLATE=utf8_unicode_ci;

--
-- Dumping data for table `tour_guide_fee_rates`
--

INSERT INTO `tour_guide_fee_rates` (`id`, `tour_id`, `tour_pax_id`, `cost`, `is_famtrip`, `is_active`, `created_by`, `updated_by`, `created_at`, `updated_at`) VALUES
(1, 1, 1, 350, 0, 1, 'System', NULL, '2018-01-31 03:30:11', '2018-01-31 03:30:11'),
(2, 1, 2, 400, 0, 1, 'System', NULL, '2018-01-31 03:30:11', '2018-01-31 03:30:11'),
(3, 1, 3, 450, 0, 1, 'System', NULL, '2018-01-31 03:30:11', '2018-01-31 03:30:11'),
(4, 1, 4, 500, 1, 1, 'System', NULL, '2018-01-31 03:30:11', '2018-01-31 03:30:11'),
(5, 2, 1, 350, 0, 1, 'System', NULL, '2018-01-31 03:30:11', '2018-01-31 03:30:11'),
(6, 2, 2, 400, 0, 1, 'System', NULL, '2018-01-31 03:30:11', '2018-01-31 03:30:11'),
(7, 2, 3, 450, 0, 1, 'System', NULL, '2018-01-31 03:30:11', '2018-01-31 03:30:11'),
(8, 2, 4, 500, 1, 1, 'System', NULL, '2018-01-31 03:30:11', '2018-01-31 03:30:11'),
(9, 3, 1, 350, 0, 1, 'System', NULL, '2018-01-31 03:30:11', '2018-01-31 03:30:11'),
(10, 3, 2, 400, 0, 1, 'System', NULL, '2018-01-31 03:30:11', '2018-01-31 03:30:11'),
(11, 3, 3, 450, 0, 1, 'System', NULL, '2018-01-31 03:30:11', '2018-01-31 03:30:11'),
(12, 3, 4, 500, 1, 1, 'System', NULL, '2018-01-31 03:30:12', '2018-01-31 03:30:12'),
(13, 4, 1, 350, 0, 1, 'System', NULL, '2018-01-31 03:30:12', '2018-01-31 03:30:12'),
(14, 4, 2, 400, 0, 1, 'System', NULL, '2018-01-31 03:30:12', '2018-01-31 03:30:12'),
(15, 4, 3, 450, 0, 1, 'System', NULL, '2018-01-31 03:30:12', '2018-01-31 03:30:12'),
(16, 4, 4, 500, 1, 1, 'System', NULL, '2018-01-31 03:30:12', '2018-01-31 03:30:12'),
(17, 5, 1, 700, 0, 1, 'System', NULL, '2018-01-31 03:30:12', '2018-01-31 03:30:12'),
(18, 5, 2, 800, 0, 1, 'System', NULL, '2018-01-31 03:30:12', '2018-01-31 03:30:12'),
(19, 5, 3, 900, 0, 1, 'System', NULL, '2018-01-31 03:30:12', '2018-01-31 03:30:12'),
(20, 5, 4, 1000, 1, 1, 'System', NULL, '2018-01-31 03:30:12', '2018-01-31 03:30:12'),
(21, 6, 1, 350, 0, 1, 'System', NULL, '2018-01-31 03:30:12', '2018-01-31 03:30:12'),
(22, 6, 2, 400, 0, 1, 'System', NULL, '2018-01-31 03:30:12', '2018-01-31 03:30:12'),
(23, 6, 3, 450, 0, 1, 'System', NULL, '2018-01-31 03:30:12', '2018-01-31 03:30:12'),
(24, 6, 4, 500, 1, 1, 'System', NULL, '2018-01-31 03:30:12', '2018-01-31 03:30:12'),
(25, 7, 1, 400, 0, 1, 'System', NULL, '2018-01-31 03:30:12', '2018-01-31 03:30:12'),
(26, 7, 2, 450, 0, 1, 'System', NULL, '2018-01-31 03:30:12', '2018-01-31 03:30:12'),
(27, 7, 3, 500, 0, 1, 'System', NULL, '2018-01-31 03:30:12', '2018-01-31 03:30:12'),
(28, 7, 4, 500, 1, 1, 'System', NULL, '2018-01-31 03:30:12', '2018-01-31 03:30:12'),
(29, 8, 1, 700, 0, 1, 'System', NULL, '2018-01-31 03:30:12', '2018-01-31 03:30:12'),
(30, 8, 2, 800, 0, 1, 'System', NULL, '2018-01-31 03:30:12', '2018-01-31 03:30:12'),
(31, 8, 3, 900, 0, 1, 'System', NULL, '2018-01-31 03:30:13', '2018-01-31 03:30:13'),
(32, 8, 4, 1000, 1, 1, 'System', NULL, '2018-01-31 03:30:13', '2018-01-31 03:30:13'),
(33, 9, 1, 700, 0, 1, 'System', NULL, '2018-01-31 03:30:13', '2018-01-31 03:30:13'),
(34, 9, 2, 800, 0, 1, 'System', NULL, '2018-01-31 03:30:13', '2018-01-31 03:30:13'),
(35, 9, 3, 900, 0, 1, 'System', NULL, '2018-01-31 03:30:13', '2018-01-31 03:30:13'),
(36, 9, 4, 1000, 1, 1, 'System', NULL, '2018-01-31 03:30:13', '2018-01-31 03:30:13'),
(37, 10, 1, 1000, 0, 1, 'System', NULL, '2018-01-31 03:30:13', '2018-01-31 03:30:13'),
(38, 10, 2, 1200, 0, 1, 'System', NULL, '2018-01-31 03:30:13', '2018-01-31 03:30:13'),
(39, 10, 3, 1500, 0, 1, 'System', NULL, '2018-01-31 03:30:13', '2018-01-31 03:30:13'),
(40, 10, 4, 1500, 1, 1, 'System', NULL, '2018-01-31 03:30:13', '2018-01-31 03:30:13'),
(41, 11, 1, 700, 0, 1, 'System', NULL, '2018-01-31 03:30:13', '2018-01-31 03:30:13'),
(42, 11, 2, 800, 0, 1, 'System', NULL, '2018-01-31 03:30:13', '2018-01-31 03:30:13'),
(43, 11, 3, 900, 0, 1, 'System', NULL, '2018-01-31 03:30:13', '2018-01-31 03:30:13'),
(44, 11, 4, 1000, 1, 1, 'System', NULL, '2018-01-31 03:30:13', '2018-01-31 03:30:13'),
(45, 12, 1, 700, 0, 1, 'System', NULL, '2018-01-31 03:30:13', '2018-01-31 03:30:13'),
(46, 12, 2, 800, 0, 1, 'System', NULL, '2018-01-31 03:30:13', '2018-01-31 03:30:13'),
(47, 12, 3, 900, 0, 1, 'System', NULL, '2018-01-31 03:30:13', '2018-01-31 03:30:13'),
(48, 12, 4, 1000, 1, 1, 'System', NULL, '2018-01-31 03:30:13', '2018-01-31 03:30:13'),
(49, 13, 1, 700, 0, 1, 'System', NULL, '2018-01-31 03:30:14', '2018-01-31 03:30:14'),
(50, 13, 2, 800, 0, 1, 'System', NULL, '2018-01-31 03:30:14', '2018-01-31 03:30:14'),
(51, 13, 3, 900, 0, 1, 'System', NULL, '2018-01-31 03:30:14', '2018-01-31 03:30:14'),
(52, 13, 4, 1000, 1, 1, 'System', NULL, '2018-01-31 03:30:14', '2018-01-31 03:30:14'),
(53, 14, 1, 1000, 0, 1, 'System', NULL, '2018-01-31 03:30:14', '2018-01-31 03:30:14'),
(54, 14, 2, 1200, 0, 1, 'System', NULL, '2018-01-31 03:30:14', '2018-01-31 03:30:14'),
(55, 14, 3, 1500, 0, 1, 'System', NULL, '2018-01-31 03:30:14', '2018-01-31 03:30:14'),
(56, 14, 4, 1500, 1, 1, 'System', NULL, '2018-01-31 03:30:14', '2018-01-31 03:30:14'),
(57, 15, 1, 500, 0, 1, 'System', NULL, '2018-01-31 03:30:14', '2018-01-31 03:30:14'),
(58, 15, 2, 600, 0, 1, 'System', NULL, '2018-01-31 03:30:14', '2018-01-31 03:30:14'),
(59, 15, 3, 700, 0, 1, 'System', NULL, '2018-01-31 03:30:14', '2018-01-31 03:30:14'),
(60, 15, 4, 700, 1, 1, 'System', NULL, '2018-01-31 03:30:14', '2018-01-31 03:30:14'),
(61, 16, 1, 500, 0, 1, 'System', NULL, '2018-01-31 03:30:14', '2018-01-31 03:30:14'),
(62, 16, 2, 600, 0, 1, 'System', NULL, '2018-01-31 03:30:14', '2018-01-31 03:30:14'),
(63, 16, 3, 700, 0, 1, 'System', NULL, '2018-01-31 03:30:14', '2018-01-31 03:30:14'),
(64, 16, 4, 700, 1, 1, 'System', NULL, '2018-01-31 03:30:14', '2018-01-31 03:30:14');

-- --------------------------------------------------------

--
-- Table structure for table `tour_includes`
--

CREATE TABLE IF NOT EXISTS `tour_includes` (
  `id` int(10) unsigned NOT NULL,
  `tour_id` int(11) NOT NULL,
  `include` text COLLATE utf8_unicode_ci NOT NULL,
  `is_active` tinyint(4) NOT NULL DEFAULT '1',
  `created_by` varchar(50) COLLATE utf8_unicode_ci NOT NULL DEFAULT 'System',
  `updated_by` varchar(50) COLLATE utf8_unicode_ci DEFAULT NULL,
  `created_at` timestamp NOT NULL DEFAULT '0000-00-00 00:00:00',
  `updated_at` timestamp NOT NULL DEFAULT '0000-00-00 00:00:00'
) ENGINE=InnoDB DEFAULT CHARSET=utf8 COLLATE=utf8_unicode_ci;

-- --------------------------------------------------------

--
-- Table structure for table `tour_itineraries`
--

CREATE TABLE IF NOT EXISTS `tour_itineraries` (
  `id` int(10) unsigned NOT NULL,
  `tour_id` int(11) NOT NULL,
  `time` varchar(100) COLLATE utf8_unicode_ci NOT NULL,
  `detail` text COLLATE utf8_unicode_ci NOT NULL,
  `is_active` tinyint(4) NOT NULL DEFAULT '1',
  `created_by` varchar(50) COLLATE utf8_unicode_ci NOT NULL DEFAULT 'System',
  `updated_by` varchar(50) COLLATE utf8_unicode_ci DEFAULT NULL,
  `created_at` timestamp NOT NULL DEFAULT '0000-00-00 00:00:00',
  `updated_at` timestamp NOT NULL DEFAULT '0000-00-00 00:00:00'
) ENGINE=InnoDB DEFAULT CHARSET=utf8 COLLATE=utf8_unicode_ci;

-- --------------------------------------------------------

--
-- Table structure for table `tour_maps`
--

CREATE TABLE IF NOT EXISTS `tour_maps` (
  `id` int(10) unsigned NOT NULL,
  `tour_id` int(11) NOT NULL,
  `place_name` varchar(100) COLLATE utf8_unicode_ci NOT NULL,
  `latitude` varchar(50) COLLATE utf8_unicode_ci NOT NULL,
  `longtitude` varchar(50) COLLATE utf8_unicode_ci NOT NULL,
  `is_active` tinyint(4) NOT NULL DEFAULT '1',
  `created_by` varchar(50) COLLATE utf8_unicode_ci NOT NULL DEFAULT 'System',
  `updated_by` varchar(50) COLLATE utf8_unicode_ci DEFAULT NULL,
  `created_at` timestamp NOT NULL DEFAULT '0000-00-00 00:00:00',
  `updated_at` timestamp NOT NULL DEFAULT '0000-00-00 00:00:00'
) ENGINE=InnoDB DEFAULT CHARSET=utf8 COLLATE=utf8_unicode_ci;

-- --------------------------------------------------------

--
-- Table structure for table `tour_paxes`
--

CREATE TABLE IF NOT EXISTS `tour_paxes` (
  `id` int(10) unsigned NOT NULL,
  `min_pax` tinyint(4) NOT NULL,
  `max_pax` tinyint(4) NOT NULL,
  `is_active` tinyint(4) NOT NULL DEFAULT '1',
  `created_by` varchar(50) COLLATE utf8_unicode_ci NOT NULL DEFAULT 'System',
  `updated_by` varchar(50) COLLATE utf8_unicode_ci DEFAULT NULL,
  `created_at` timestamp NOT NULL DEFAULT '0000-00-00 00:00:00',
  `updated_at` timestamp NOT NULL DEFAULT '0000-00-00 00:00:00'
) ENGINE=InnoDB AUTO_INCREMENT=5 DEFAULT CHARSET=utf8 COLLATE=utf8_unicode_ci;

--
-- Dumping data for table `tour_paxes`
--

INSERT INTO `tour_paxes` (`id`, `min_pax`, `max_pax`, `is_active`, `created_by`, `updated_by`, `created_at`, `updated_at`) VALUES
(1, 2, 3, 1, 'System', NULL, '2018-01-31 03:30:15', '2018-01-31 03:30:15'),
(2, 4, 5, 1, 'System', NULL, '2018-01-31 03:30:15', '2018-01-31 03:30:15'),
(3, 6, 9, 1, 'System', NULL, '2018-01-31 03:30:15', '2018-01-31 03:30:15'),
(4, 1, 9, 1, 'System', NULL, '2018-01-31 03:30:15', '2018-01-31 03:30:15');

-- --------------------------------------------------------

--
-- Table structure for table `tour_price_histories`
--

CREATE TABLE IF NOT EXISTS `tour_price_histories` (
  `id` int(10) unsigned NOT NULL,
  `configuration_tour_id` int(11) NOT NULL,
  `net_price_adult` double(10,2) NOT NULL,
  `net_price_child` double(10,2) NOT NULL,
  `sell_price_adult` double(10,2) NOT NULL,
  `sell_price_child` double(10,2) NOT NULL,
  `commission_adult` double(10,2) NOT NULL,
  `commission_child` double(10,2) NOT NULL,
  `single_riding` double(10,2) NOT NULL,
  `period_start` date NOT NULL,
  `period_end` date NOT NULL,
  `is_active` tinyint(4) NOT NULL DEFAULT '1',
  `created_by` varchar(50) COLLATE utf8_unicode_ci NOT NULL DEFAULT 'System',
  `updated_by` varchar(50) COLLATE utf8_unicode_ci DEFAULT NULL,
  `created_at` timestamp NOT NULL DEFAULT '0000-00-00 00:00:00',
  `updated_at` timestamp NOT NULL DEFAULT '0000-00-00 00:00:00'
) ENGINE=InnoDB DEFAULT CHARSET=utf8 COLLATE=utf8_unicode_ci;

-- --------------------------------------------------------

--
-- Table structure for table `tour_privacies`
--

CREATE TABLE IF NOT EXISTS `tour_privacies` (
  `id` int(10) unsigned NOT NULL,
  `privacy` varchar(50) COLLATE utf8_unicode_ci NOT NULL,
  `is_active` tinyint(4) NOT NULL DEFAULT '1',
  `created_by` varchar(50) COLLATE utf8_unicode_ci NOT NULL DEFAULT 'System',
  `updated_by` varchar(50) COLLATE utf8_unicode_ci DEFAULT NULL,
  `created_at` timestamp NOT NULL DEFAULT '0000-00-00 00:00:00',
  `updated_at` timestamp NOT NULL DEFAULT '0000-00-00 00:00:00'
) ENGINE=InnoDB AUTO_INCREMENT=3 DEFAULT CHARSET=utf8 COLLATE=utf8_unicode_ci;

--
-- Dumping data for table `tour_privacies`
--

INSERT INTO `tour_privacies` (`id`, `privacy`, `is_active`, `created_by`, `updated_by`, `created_at`, `updated_at`) VALUES
(1, 'Join', 1, 'System', NULL, '2018-01-31 03:30:16', '2018-01-31 03:30:16'),
(2, 'Private', 1, 'System', NULL, '2018-01-31 03:30:16', '2018-01-31 03:30:16');

-- --------------------------------------------------------

--
-- Table structure for table `tour_travel_times`
--

CREATE TABLE IF NOT EXISTS `tour_travel_times` (
  `id` int(10) unsigned NOT NULL,
  `tour_id` int(11) NOT NULL,
  `meridiem` varchar(100) COLLATE utf8_unicode_ci NOT NULL,
  `travel_time_start` varchar(100) COLLATE utf8_unicode_ci NOT NULL,
  `travel_time_end` varchar(100) COLLATE utf8_unicode_ci NOT NULL,
  `pickup_time` varchar(100) COLLATE utf8_unicode_ci NOT NULL,
  `is_active` tinyint(4) NOT NULL DEFAULT '1',
  `created_by` varchar(50) COLLATE utf8_unicode_ci NOT NULL DEFAULT 'System',
  `updated_by` varchar(50) COLLATE utf8_unicode_ci DEFAULT NULL,
  `created_at` timestamp NOT NULL DEFAULT '0000-00-00 00:00:00',
  `updated_at` timestamp NOT NULL DEFAULT '0000-00-00 00:00:00'
) ENGINE=InnoDB AUTO_INCREMENT=23 DEFAULT CHARSET=utf8 COLLATE=utf8_unicode_ci;

--
-- Dumping data for table `tour_travel_times`
--

INSERT INTO `tour_travel_times` (`id`, `tour_id`, `meridiem`, `travel_time_start`, `travel_time_end`, `pickup_time`, `is_active`, `created_by`, `updated_by`, `created_at`, `updated_at`) VALUES
(1, 1, 'Morning', '08:30 AM', '12:00 PM', '08:00 AM', 1, 'System', NULL, '2018-01-31 03:30:20', '2018-01-31 03:30:20'),
(2, 1, 'Afternoon', '01:30 PM', '05:00 PM', '01:00 PM', 1, 'System', NULL, '2018-01-31 03:30:20', '2018-01-31 03:30:20'),
(3, 2, 'Morning', '08:30 AM', '12:00 PM', '08:00 AM', 1, 'System', NULL, '2018-01-31 03:30:20', '2018-01-31 03:30:20'),
(4, 2, 'Afternoon', '01:30 PM', '05:00 PM', '01:00 PM', 1, 'System', NULL, '2018-01-31 03:30:20', '2018-01-31 03:30:20'),
(5, 3, 'Morning', '08:00 AM', '12:00 AM', '07:30 AM', 1, 'System', NULL, '2018-01-31 03:30:20', '2018-01-31 03:30:20'),
(6, 3, 'Afternoon', '12:30 PM', '04:30 PM', '12:00 PM', 1, 'System', NULL, '2018-01-31 03:30:20', '2018-01-31 03:30:20'),
(7, 4, 'Morning', '08:30 AM', '12:00 PM', '08:00 AM', 1, 'System', NULL, '2018-01-31 03:30:21', '2018-01-31 03:30:21'),
(8, 4, 'Afternoon', '01:30 PM', '05:00 PM', '01:00 PM', 1, 'System', NULL, '2018-01-31 03:30:21', '2018-01-31 03:30:21'),
(9, 5, 'Afternoon', '03:00 PM', '07:30 PM', '02:30 PM', 1, 'System', NULL, '2018-01-31 03:30:21', '2018-01-31 03:30:21'),
(10, 6, 'Evening', '06:30 PM', '10:00 PM', '06:00 PM', 1, 'System', NULL, '2018-01-31 03:30:21', '2018-01-31 03:30:21'),
(11, 7, 'Evening', '06:30 PM', '10:00 PM', '06:00 PM', 1, 'System', NULL, '2018-01-31 03:30:21', '2018-01-31 03:30:21'),
(12, 8, 'Fullday', '08:30 AM', '04:30 PM', '08:00 AM', 1, 'System', NULL, '2018-01-31 03:30:21', '2018-01-31 03:30:21'),
(13, 9, 'Fullday', '07:30 AM', '08:00 PM', '07:00 AM', 1, 'System', NULL, '2018-01-31 03:30:21', '2018-01-31 03:30:21'),
(14, 10, 'Fullday', '08:30 AM', '05:00 PM', '08:00 AM', 1, 'System', NULL, '2018-01-31 03:30:21', '2018-01-31 03:30:21'),
(15, 11, 'Fullday', '08:30 AM', '05:00 PM', '08:00 AM', 1, 'System', NULL, '2018-01-31 03:30:21', '2018-01-31 03:30:21'),
(16, 12, 'Fullday', '08:30 AM', '04:30 PM', '08:00 AM', 1, 'System', NULL, '2018-01-31 03:30:21', '2018-01-31 03:30:21'),
(17, 13, 'Fullday', '08:00 AM', '02:30 PM', '07:30 AM', 1, 'System', NULL, '2018-01-31 03:30:21', '2018-01-31 03:30:21'),
(18, 14, 'Fullday', '08:30 AM', '05:00 PM', '08:00 AM', 1, 'System', NULL, '2018-01-31 03:30:22', '2018-01-31 03:30:22'),
(19, 15, 'Morning', '08:00 AM', '01:00 PM', '07:30 AM', 1, 'System', NULL, '2018-01-31 03:30:22', '2018-01-31 03:30:22'),
(20, 16, 'Afternoon', '02:00 PM', '07:00 PM', '01:30 PM', 1, 'System', NULL, '2018-01-31 03:30:22', '2018-01-31 03:30:22'),
(21, 17, 'Morning', '08:00 AM', '12:00 PM', '-', 1, 'System', NULL, '2018-01-31 03:30:22', '2018-01-31 03:30:22'),
(22, 18, 'Afternoon', '01:30 PM', '06:00 PM', '-', 1, 'System', NULL, '2018-01-31 03:30:22', '2018-01-31 03:30:22');

-- --------------------------------------------------------

--
-- Table structure for table `tour_travel_time_types`
--

CREATE TABLE IF NOT EXISTS `tour_travel_time_types` (
  `id` int(10) unsigned NOT NULL,
  `travel_time_type` varchar(100) COLLATE utf8_unicode_ci NOT NULL,
  `is_active` tinyint(4) NOT NULL DEFAULT '1',
  `created_by` varchar(50) COLLATE utf8_unicode_ci NOT NULL DEFAULT 'System',
  `updated_by` varchar(50) COLLATE utf8_unicode_ci DEFAULT NULL,
  `created_at` timestamp NOT NULL DEFAULT '0000-00-00 00:00:00',
  `updated_at` timestamp NOT NULL DEFAULT '0000-00-00 00:00:00'
) ENGINE=InnoDB AUTO_INCREMENT=5 DEFAULT CHARSET=utf8 COLLATE=utf8_unicode_ci;

--
-- Dumping data for table `tour_travel_time_types`
--

INSERT INTO `tour_travel_time_types` (`id`, `travel_time_type`, `is_active`, `created_by`, `updated_by`, `created_at`, `updated_at`) VALUES
(1, 'Half Day', 1, 'System', NULL, '2018-01-31 03:30:22', '2018-01-31 03:30:22'),
(2, 'Full Day', 1, 'System', NULL, '2018-01-31 03:30:22', '2018-01-31 03:30:22'),
(3, 'Evening Trip', 1, 'System', NULL, '2018-01-31 03:30:23', '2018-01-31 03:30:23'),
(4, 'Seasonal Program', 1, 'System', NULL, '2018-01-31 03:30:23', '2018-01-31 03:30:23');

-- --------------------------------------------------------

--
-- Table structure for table `tour_types`
--

CREATE TABLE IF NOT EXISTS `tour_types` (
  `id` int(10) unsigned NOT NULL,
  `type` varchar(100) COLLATE utf8_unicode_ci NOT NULL,
  `is_active` tinyint(4) NOT NULL DEFAULT '1',
  `created_by` varchar(50) COLLATE utf8_unicode_ci NOT NULL DEFAULT 'System',
  `updated_by` varchar(50) COLLATE utf8_unicode_ci DEFAULT NULL,
  `created_at` timestamp NOT NULL DEFAULT '0000-00-00 00:00:00',
  `updated_at` timestamp NOT NULL DEFAULT '0000-00-00 00:00:00'
) ENGINE=InnoDB AUTO_INCREMENT=3 DEFAULT CHARSET=utf8 COLLATE=utf8_unicode_ci;

--
-- Dumping data for table `tour_types`
--

INSERT INTO `tour_types` (`id`, `type`, `is_active`, `created_by`, `updated_by`, `created_at`, `updated_at`) VALUES
(1, 'Daytrip', 1, 'System', NULL, '2018-01-31 03:30:23', '2018-01-31 03:30:23'),
(2, 'Package', 1, 'System', NULL, '2018-01-31 03:30:23', '2018-01-31 03:30:23');

-- --------------------------------------------------------

--
-- Table structure for table `transactions`
--

CREATE TABLE IF NOT EXISTS `transactions` (
  `id` int(10) unsigned NOT NULL,
  `account_id` int(11) DEFAULT NULL,
  `transaction_status_id` int(11) NOT NULL,
  `customer_code_id` int(11) DEFAULT NULL,
  `payment_mode` varchar(100) COLLATE utf8_unicode_ci NOT NULL,
  `payment_collect` varchar(100) COLLATE utf8_unicode_ci NOT NULL,
  `book_by_name` varchar(100) COLLATE utf8_unicode_ci NOT NULL,
  `book_by_position` varchar(100) COLLATE utf8_unicode_ci NOT NULL,
  `book_by_tel` varchar(100) COLLATE utf8_unicode_ci DEFAULT NULL,
  `note_by` varchar(100) COLLATE utf8_unicode_ci NOT NULL DEFAULT 'Reservation TC',
  `book_date` varchar(50) COLLATE utf8_unicode_ci NOT NULL,
  `book_time` varchar(50) COLLATE utf8_unicode_ci NOT NULL,
  `commission` double NOT NULL DEFAULT '0',
  `discount` double(10,2) NOT NULL DEFAULT '0.00',
  `service_charge` double(10,2) NOT NULL DEFAULT '0.00',
  `amount` double(10,2) NOT NULL,
  `insurance_note` text COLLATE utf8_unicode_ci,
  `issued_by` varchar(100) COLLATE utf8_unicode_ci NOT NULL DEFAULT 'Offline',
  `is_insurance` tinyint(4) NOT NULL DEFAULT '0',
  `is_service_charge` tinyint(4) NOT NULL DEFAULT '0',
  `is_advance` tinyint(4) NOT NULL DEFAULT '0',
  `is_commission` tinyint(4) NOT NULL DEFAULT '0',
  `is_active` tinyint(4) NOT NULL DEFAULT '1',
  `created_by` varchar(50) COLLATE utf8_unicode_ci NOT NULL DEFAULT 'System',
  `updated_by` varchar(50) COLLATE utf8_unicode_ci DEFAULT NULL,
  `created_at` timestamp NOT NULL DEFAULT '0000-00-00 00:00:00',
  `updated_at` timestamp NOT NULL DEFAULT '0000-00-00 00:00:00'
) ENGINE=InnoDB DEFAULT CHARSET=utf8 COLLATE=utf8_unicode_ci;

-- --------------------------------------------------------

--
-- Table structure for table `transaction_promotions`
--

CREATE TABLE IF NOT EXISTS `transaction_promotions` (
  `id` int(10) unsigned NOT NULL,
  `transaction_id` int(11) NOT NULL,
  `guest_id` int(11) NOT NULL,
  `promotion_id` int(11) NOT NULL,
  `promotion_title` varchar(100) COLLATE utf8_unicode_ci NOT NULL,
  `adult` tinyint(4) NOT NULL,
  `child` tinyint(4) NOT NULL,
  `adult_price` double(10,2) NOT NULL,
  `child_price` double(10,2) NOT NULL,
  `discount` double(10,2) NOT NULL,
  `start_period` date NOT NULL,
  `end_period` date NOT NULL,
  `transfer_in_datetime` datetime NOT NULL,
  `transfer_out_datetime` datetime NOT NULL,
  `hotel` varchar(255) COLLATE utf8_unicode_ci NOT NULL,
  `hotel_room` varchar(255) COLLATE utf8_unicode_ci DEFAULT NULL,
  `is_active` tinyint(4) NOT NULL DEFAULT '1',
  `created_by` varchar(50) COLLATE utf8_unicode_ci NOT NULL DEFAULT 'System',
  `updated_by` varchar(50) COLLATE utf8_unicode_ci DEFAULT NULL,
  `created_at` timestamp NOT NULL DEFAULT '0000-00-00 00:00:00',
  `updated_at` timestamp NOT NULL DEFAULT '0000-00-00 00:00:00'
) ENGINE=InnoDB DEFAULT CHARSET=utf8 COLLATE=utf8_unicode_ci;

-- --------------------------------------------------------

--
-- Table structure for table `transaction_promotion_histories`
--

CREATE TABLE IF NOT EXISTS `transaction_promotion_histories` (
  `id` int(10) unsigned NOT NULL,
  `transaction_promotion_id` int(11) NOT NULL,
  `guest_id` int(11) NOT NULL,
  `promotion_id` int(11) NOT NULL,
  `promotion_title` varchar(100) COLLATE utf8_unicode_ci NOT NULL,
  `adult` tinyint(4) NOT NULL,
  `child` tinyint(4) NOT NULL,
  `adult_price` double(10,2) NOT NULL,
  `child_price` double(10,2) NOT NULL,
  `discount` double(10,2) NOT NULL,
  `start_period` date NOT NULL,
  `end_period` date NOT NULL,
  `transfer_in_datetime` datetime NOT NULL,
  `transfer_out_datetime` datetime NOT NULL,
  `hotel` varchar(255) COLLATE utf8_unicode_ci NOT NULL,
  `hotel_room` varchar(255) COLLATE utf8_unicode_ci DEFAULT NULL,
  `is_active` tinyint(4) NOT NULL DEFAULT '1',
  `created_by` varchar(50) COLLATE utf8_unicode_ci NOT NULL DEFAULT 'System',
  `updated_by` varchar(50) COLLATE utf8_unicode_ci DEFAULT NULL,
  `created_at` timestamp NOT NULL DEFAULT '0000-00-00 00:00:00',
  `updated_at` timestamp NOT NULL DEFAULT '0000-00-00 00:00:00'
) ENGINE=InnoDB DEFAULT CHARSET=utf8 COLLATE=utf8_unicode_ci;

-- --------------------------------------------------------

--
-- Table structure for table `transaction_statuses`
--

CREATE TABLE IF NOT EXISTS `transaction_statuses` (
  `id` int(10) unsigned NOT NULL,
  `status` varchar(50) COLLATE utf8_unicode_ci NOT NULL,
  `is_active` tinyint(4) NOT NULL DEFAULT '1',
  `created_by` varchar(50) COLLATE utf8_unicode_ci NOT NULL DEFAULT 'System',
  `updated_by` varchar(50) COLLATE utf8_unicode_ci DEFAULT NULL,
  `created_at` timestamp NOT NULL DEFAULT '0000-00-00 00:00:00',
  `updated_at` timestamp NOT NULL DEFAULT '0000-00-00 00:00:00'
) ENGINE=InnoDB AUTO_INCREMENT=6 DEFAULT CHARSET=utf8 COLLATE=utf8_unicode_ci;

--
-- Dumping data for table `transaction_statuses`
--

INSERT INTO `transaction_statuses` (`id`, `status`, `is_active`, `created_by`, `updated_by`, `created_at`, `updated_at`) VALUES
(1, 'Pending', 1, 'System', NULL, '2018-01-31 03:30:24', '2018-01-31 03:30:24'),
(2, 'Paid', 1, 'System', NULL, '2018-01-31 03:30:24', '2018-01-31 03:30:24'),
(3, 'Cancel', 1, 'System', NULL, '2018-01-31 03:30:24', '2018-01-31 03:30:24'),
(4, 'Expired', 1, 'System', NULL, '2018-01-31 03:30:24', '2018-01-31 03:30:24'),
(5, 'Error', 1, 'System', NULL, '2018-01-31 03:30:25', '2018-01-31 03:30:25');

-- --------------------------------------------------------

--
-- Table structure for table `transaction_tours`
--

CREATE TABLE IF NOT EXISTS `transaction_tours` (
  `id` int(10) unsigned NOT NULL,
  `transaction_id` int(11) NOT NULL,
  `tour_id` int(11) NOT NULL,
  `tour_code` varchar(50) COLLATE utf8_unicode_ci NOT NULL,
  `tour_title` varchar(100) COLLATE utf8_unicode_ci NOT NULL,
  `tour_privacy` varchar(255) COLLATE utf8_unicode_ci NOT NULL,
  `tour_travel_time` varchar(255) COLLATE utf8_unicode_ci NOT NULL,
  `tour_travel_date` varchar(100) COLLATE utf8_unicode_ci NOT NULL,
  `pax` tinyint(4) NOT NULL,
  `adult_pax` tinyint(4) NOT NULL,
  `child_pax` tinyint(4) NOT NULL,
  `infant_pax` tinyint(4) NOT NULL,
  `single_riding` double(10,2) NOT NULL,
  `discount_rate` varchar(20) COLLATE utf8_unicode_ci NOT NULL DEFAULT '0%',
  `discount` double(10,2) NOT NULL DEFAULT '0.00',
  `adult_price` double(10,2) NOT NULL,
  `child_price` double(10,2) NOT NULL DEFAULT '0.00',
  `total_adult_price` double(10,2) NOT NULL,
  `total_child_price` double(10,2) NOT NULL DEFAULT '0.00',
  `amount` double(10,2) NOT NULL,
  `hotel` varchar(255) COLLATE utf8_unicode_ci NOT NULL,
  `hotel_room` varchar(20) COLLATE utf8_unicode_ci DEFAULT NULL,
  `special_request` text COLLATE utf8_unicode_ci,
  `special_request_price` double NOT NULL DEFAULT '0',
  `is_active` tinyint(4) NOT NULL DEFAULT '1',
  `created_by` varchar(50) COLLATE utf8_unicode_ci NOT NULL DEFAULT 'System',
  `updated_by` varchar(50) COLLATE utf8_unicode_ci DEFAULT NULL,
  `created_at` timestamp NOT NULL DEFAULT '0000-00-00 00:00:00',
  `updated_at` timestamp NOT NULL DEFAULT '0000-00-00 00:00:00'
) ENGINE=InnoDB DEFAULT CHARSET=utf8 COLLATE=utf8_unicode_ci;

-- --------------------------------------------------------

--
-- Table structure for table `transaction_tour_details`
--

CREATE TABLE IF NOT EXISTS `transaction_tour_details` (
  `id` int(10) unsigned NOT NULL,
  `transaction_tour_id` int(11) NOT NULL,
  `guest_id` int(11) NOT NULL,
  `fullname` varchar(255) COLLATE utf8_unicode_ci NOT NULL,
  `ages` varchar(255) COLLATE utf8_unicode_ci NOT NULL DEFAULT 'Adult',
  `is_active` tinyint(4) NOT NULL DEFAULT '1',
  `created_by` varchar(255) COLLATE utf8_unicode_ci NOT NULL DEFAULT 'System',
  `updated_by` varchar(255) COLLATE utf8_unicode_ci DEFAULT NULL,
  `created_at` timestamp NOT NULL DEFAULT '0000-00-00 00:00:00',
  `updated_at` timestamp NOT NULL DEFAULT '0000-00-00 00:00:00'
) ENGINE=InnoDB DEFAULT CHARSET=utf8 COLLATE=utf8_unicode_ci;

-- --------------------------------------------------------

--
-- Table structure for table `transaction_tour_detail_histories`
--

CREATE TABLE IF NOT EXISTS `transaction_tour_detail_histories` (
  `id` int(10) unsigned NOT NULL,
  `transaction_tour_detail_id` int(11) NOT NULL,
  `guest_id` int(11) NOT NULL,
  `fullname` varchar(255) COLLATE utf8_unicode_ci NOT NULL,
  `ages` varchar(255) COLLATE utf8_unicode_ci NOT NULL DEFAULT 'Adult',
  `is_active` tinyint(4) NOT NULL DEFAULT '1',
  `created_by` varchar(255) COLLATE utf8_unicode_ci NOT NULL DEFAULT 'System',
  `updated_by` varchar(255) COLLATE utf8_unicode_ci DEFAULT NULL,
  `created_at` timestamp NOT NULL DEFAULT '0000-00-00 00:00:00',
  `updated_at` timestamp NOT NULL DEFAULT '0000-00-00 00:00:00'
) ENGINE=InnoDB DEFAULT CHARSET=utf8 COLLATE=utf8_unicode_ci;

-- --------------------------------------------------------

--
-- Table structure for table `transaction_tour_histories`
--

CREATE TABLE IF NOT EXISTS `transaction_tour_histories` (
  `id` int(10) unsigned NOT NULL,
  `transaction_tour_id` int(11) NOT NULL,
  `tour_id` int(11) NOT NULL,
  `tour_code` varchar(50) COLLATE utf8_unicode_ci NOT NULL,
  `tour_title` varchar(100) COLLATE utf8_unicode_ci NOT NULL,
  `tour_privacy` varchar(255) COLLATE utf8_unicode_ci NOT NULL,
  `tour_travel_time` varchar(255) COLLATE utf8_unicode_ci NOT NULL,
  `tour_travel_date` varchar(100) COLLATE utf8_unicode_ci NOT NULL,
  `pax` tinyint(4) NOT NULL,
  `adult_pax` tinyint(4) NOT NULL,
  `child_pax` tinyint(4) NOT NULL,
  `infant_pax` tinyint(4) NOT NULL,
  `single_riding` double(10,2) NOT NULL,
  `discount_rate` varchar(20) COLLATE utf8_unicode_ci NOT NULL DEFAULT '0%',
  `discount` double(10,2) NOT NULL DEFAULT '0.00',
  `adult_price` double(10,2) NOT NULL,
  `child_price` double(10,2) NOT NULL DEFAULT '0.00',
  `total_adult_price` double(10,2) NOT NULL,
  `total_child_price` double(10,2) NOT NULL DEFAULT '0.00',
  `amount` double(10,2) NOT NULL,
  `hotel` varchar(255) COLLATE utf8_unicode_ci NOT NULL,
  `hotel_room` varchar(20) COLLATE utf8_unicode_ci DEFAULT NULL,
  `special_request` text COLLATE utf8_unicode_ci,
  `special_request_price` double NOT NULL DEFAULT '0',
  `is_active` tinyint(4) NOT NULL DEFAULT '1',
  `created_by` varchar(50) COLLATE utf8_unicode_ci NOT NULL DEFAULT 'System',
  `updated_by` varchar(50) COLLATE utf8_unicode_ci DEFAULT NULL,
  `created_at` timestamp NOT NULL DEFAULT '0000-00-00 00:00:00',
  `updated_at` timestamp NOT NULL DEFAULT '0000-00-00 00:00:00'
) ENGINE=InnoDB DEFAULT CHARSET=utf8 COLLATE=utf8_unicode_ci;

-- --------------------------------------------------------

--
-- Table structure for table `transaction_transfers`
--

CREATE TABLE IF NOT EXISTS `transaction_transfers` (
  `id` int(10) unsigned NOT NULL,
  `transaction_id` int(11) NOT NULL,
  `transaction_status_id` int(11) NOT NULL,
  `transfer_mode_id` int(11) NOT NULL,
  `transfer_type_id` int(11) NOT NULL,
  `transportation_id` int(11) NOT NULL,
  `guest_id` int(11) NOT NULL,
  `transfer_datetime` datetime NOT NULL,
  `hotel` varchar(255) COLLATE utf8_unicode_ci NOT NULL,
  `hotel_room` varchar(20) COLLATE utf8_unicode_ci DEFAULT NULL,
  `is_active` tinyint(4) NOT NULL DEFAULT '1',
  `created_by` varchar(50) COLLATE utf8_unicode_ci NOT NULL DEFAULT 'System',
  `updated_by` varchar(50) COLLATE utf8_unicode_ci DEFAULT NULL,
  `created_at` timestamp NOT NULL DEFAULT '0000-00-00 00:00:00',
  `updated_at` timestamp NOT NULL DEFAULT '0000-00-00 00:00:00'
) ENGINE=InnoDB DEFAULT CHARSET=utf8 COLLATE=utf8_unicode_ci;

-- --------------------------------------------------------

--
-- Table structure for table `transaction_transfer_histories`
--

CREATE TABLE IF NOT EXISTS `transaction_transfer_histories` (
  `id` int(10) unsigned NOT NULL,
  `transaction_transfer_id` int(11) NOT NULL,
  `transaction_status_id` int(11) NOT NULL,
  `transfer_mode_id` int(11) NOT NULL,
  `transfer_type_id` int(11) NOT NULL,
  `transportation_id` int(11) NOT NULL,
  `guest_id` int(11) NOT NULL,
  `transfer_datetime` datetime NOT NULL,
  `hotel` varchar(255) COLLATE utf8_unicode_ci NOT NULL,
  `hotel_room` varchar(20) COLLATE utf8_unicode_ci DEFAULT NULL,
  `is_active` tinyint(4) NOT NULL DEFAULT '1',
  `created_by` varchar(50) COLLATE utf8_unicode_ci NOT NULL DEFAULT 'System',
  `updated_by` varchar(50) COLLATE utf8_unicode_ci DEFAULT NULL,
  `created_at` timestamp NOT NULL DEFAULT '0000-00-00 00:00:00',
  `updated_at` timestamp NOT NULL DEFAULT '0000-00-00 00:00:00'
) ENGINE=InnoDB DEFAULT CHARSET=utf8 COLLATE=utf8_unicode_ci;

-- --------------------------------------------------------

--
-- Table structure for table `transfer_modes`
--

CREATE TABLE IF NOT EXISTS `transfer_modes` (
  `id` int(10) unsigned NOT NULL,
  `mode` varchar(50) COLLATE utf8_unicode_ci NOT NULL,
  `is_active` tinyint(4) NOT NULL DEFAULT '1',
  `created_by` varchar(50) COLLATE utf8_unicode_ci NOT NULL DEFAULT 'System',
  `updated_by` varchar(50) COLLATE utf8_unicode_ci DEFAULT NULL,
  `created_at` timestamp NOT NULL DEFAULT '0000-00-00 00:00:00',
  `updated_at` timestamp NOT NULL DEFAULT '0000-00-00 00:00:00'
) ENGINE=InnoDB AUTO_INCREMENT=3 DEFAULT CHARSET=utf8 COLLATE=utf8_unicode_ci;

--
-- Dumping data for table `transfer_modes`
--

INSERT INTO `transfer_modes` (`id`, `mode`, `is_active`, `created_by`, `updated_by`, `created_at`, `updated_at`) VALUES
(1, 'One way', 1, 'System', NULL, '2018-01-31 03:30:25', '2018-01-31 03:30:25'),
(2, 'Round trip', 1, 'System', NULL, '2018-01-31 03:30:25', '2018-01-31 03:30:25');

-- --------------------------------------------------------

--
-- Table structure for table `transfer_types`
--

CREATE TABLE IF NOT EXISTS `transfer_types` (
  `id` int(10) unsigned NOT NULL,
  `type` varchar(50) COLLATE utf8_unicode_ci NOT NULL,
  `is_active` tinyint(4) NOT NULL DEFAULT '1',
  `created_by` varchar(50) COLLATE utf8_unicode_ci NOT NULL DEFAULT 'System',
  `updated_by` varchar(50) COLLATE utf8_unicode_ci DEFAULT NULL,
  `created_at` timestamp NOT NULL DEFAULT '0000-00-00 00:00:00',
  `updated_at` timestamp NOT NULL DEFAULT '0000-00-00 00:00:00'
) ENGINE=InnoDB AUTO_INCREMENT=3 DEFAULT CHARSET=utf8 COLLATE=utf8_unicode_ci;

--
-- Dumping data for table `transfer_types`
--

INSERT INTO `transfer_types` (`id`, `type`, `is_active`, `created_by`, `updated_by`, `created_at`, `updated_at`) VALUES
(1, 'Arrival', 1, 'System', NULL, '2018-01-31 03:30:26', '2018-01-31 03:30:26'),
(2, 'Departure', 1, 'System', NULL, '2018-01-31 03:30:26', '2018-01-31 03:30:26');

-- --------------------------------------------------------

--
-- Table structure for table `transportations`
--

CREATE TABLE IF NOT EXISTS `transportations` (
  `id` int(10) unsigned NOT NULL,
  `transport` varchar(50) COLLATE utf8_unicode_ci NOT NULL,
  `is_active` tinyint(4) NOT NULL DEFAULT '1',
  `created_by` varchar(50) COLLATE utf8_unicode_ci NOT NULL DEFAULT 'System',
  `updated_by` varchar(50) COLLATE utf8_unicode_ci DEFAULT NULL,
  `created_at` timestamp NOT NULL DEFAULT '0000-00-00 00:00:00',
  `updated_at` timestamp NOT NULL DEFAULT '0000-00-00 00:00:00'
) ENGINE=InnoDB AUTO_INCREMENT=6 DEFAULT CHARSET=utf8 COLLATE=utf8_unicode_ci;

--
-- Dumping data for table `transportations`
--

INSERT INTO `transportations` (`id`, `transport`, `is_active`, `created_by`, `updated_by`, `created_at`, `updated_at`) VALUES
(1, 'Van', 1, 'System', NULL, '2018-01-31 03:30:27', '2018-01-31 03:30:27'),
(2, 'Mercedes Benz E250', 1, 'System', NULL, '2018-01-31 03:30:27', '2018-01-31 03:30:27'),
(3, 'Toyota Camry', 1, 'System', NULL, '2018-01-31 03:30:27', '2018-01-31 03:30:27'),
(4, 'VIP - Van', 1, 'System', NULL, '2018-01-31 03:30:28', '2018-01-31 03:30:28'),
(5, 'Bus', 1, 'System', NULL, '2018-01-31 03:30:28', '2018-01-31 03:30:28');

-- --------------------------------------------------------

--
-- Table structure for table `work_statuses`
--

CREATE TABLE IF NOT EXISTS `work_statuses` (
  `id` int(10) unsigned NOT NULL,
  `status` varchar(100) COLLATE utf8_unicode_ci NOT NULL,
  `is_active` tinyint(4) NOT NULL DEFAULT '1',
  `created_by` varchar(50) COLLATE utf8_unicode_ci NOT NULL DEFAULT 'System',
  `updated_by` varchar(50) COLLATE utf8_unicode_ci DEFAULT NULL,
  `created_at` timestamp NOT NULL DEFAULT '0000-00-00 00:00:00',
  `updated_at` timestamp NOT NULL DEFAULT '0000-00-00 00:00:00'
) ENGINE=InnoDB AUTO_INCREMENT=5 DEFAULT CHARSET=utf8 COLLATE=utf8_unicode_ci;

--
-- Dumping data for table `work_statuses`
--

INSERT INTO `work_statuses` (`id`, `status`, `is_active`, `created_by`, `updated_by`, `created_at`, `updated_at`) VALUES
(1, 'Standby', 1, 'System', NULL, '2018-01-31 03:30:29', '2018-01-31 03:30:29'),
(2, 'Traveled', 1, 'System', NULL, '2018-01-31 03:30:29', '2018-01-31 03:30:29'),
(3, 'Locked', 1, 'System', NULL, '2018-01-31 03:30:29', '2018-01-31 03:30:29'),
(4, 'Busy', 1, 'System', NULL, '2018-01-31 03:30:29', '2018-01-31 03:30:29');

--
-- Indexes for dumped tables
--

--
-- Indexes for table `accounts`
--
ALTER TABLE `accounts`
  ADD PRIMARY KEY (`id`);

--
-- Indexes for table `account_types`
--
ALTER TABLE `account_types`
  ADD PRIMARY KEY (`id`);

--
-- Indexes for table `affiliate_commissions`
--
ALTER TABLE `affiliate_commissions`
  ADD PRIMARY KEY (`id`);

--
-- Indexes for table `affiliate_commission_details`
--
ALTER TABLE `affiliate_commission_details`
  ADD PRIMARY KEY (`id`);

--
-- Indexes for table `affiliate_tour_statistics`
--
ALTER TABLE `affiliate_tour_statistics`
  ADD PRIMARY KEY (`id`);

--
-- Indexes for table `configuration_emails`
--
ALTER TABLE `configuration_emails`
  ADD PRIMARY KEY (`id`);

--
-- Indexes for table `configuration_tour_holidays`
--
ALTER TABLE `configuration_tour_holidays`
  ADD PRIMARY KEY (`id`);

--
-- Indexes for table `configuration_tour_prices`
--
ALTER TABLE `configuration_tour_prices`
  ADD PRIMARY KEY (`id`);

--
-- Indexes for table `customer_codes`
--
ALTER TABLE `customer_codes`
  ADD PRIMARY KEY (`id`);

--
-- Indexes for table `drivers`
--
ALTER TABLE `drivers`
  ADD PRIMARY KEY (`id`);

--
-- Indexes for table `driver_schedules`
--
ALTER TABLE `driver_schedules`
  ADD PRIMARY KEY (`id`);

--
-- Indexes for table `emails`
--
ALTER TABLE `emails`
  ADD PRIMARY KEY (`id`);

--
-- Indexes for table `email_contact_types`
--
ALTER TABLE `email_contact_types`
  ADD PRIMARY KEY (`id`);

--
-- Indexes for table `email_notify_transactions`
--
ALTER TABLE `email_notify_transactions`
  ADD PRIMARY KEY (`id`);

--
-- Indexes for table `email_types`
--
ALTER TABLE `email_types`
  ADD PRIMARY KEY (`id`);

--
-- Indexes for table `guests`
--
ALTER TABLE `guests`
  ADD PRIMARY KEY (`id`);

--
-- Indexes for table `guides`
--
ALTER TABLE `guides`
  ADD PRIMARY KEY (`id`);

--
-- Indexes for table `guide_schedules`
--
ALTER TABLE `guide_schedules`
  ADD PRIMARY KEY (`id`);

--
-- Indexes for table `holidays`
--
ALTER TABLE `holidays`
  ADD PRIMARY KEY (`id`);

--
-- Indexes for table `holiday_types`
--
ALTER TABLE `holiday_types`
  ADD PRIMARY KEY (`id`);

--
-- Indexes for table `hotels`
--
ALTER TABLE `hotels`
  ADD PRIMARY KEY (`id`);

--
-- Indexes for table `invoice_tour_offlines`
--
ALTER TABLE `invoice_tour_offlines`
  ADD PRIMARY KEY (`id`);

--
-- Indexes for table `invoice_tour_onlines`
--
ALTER TABLE `invoice_tour_onlines`
  ADD PRIMARY KEY (`id`);

--
-- Indexes for table `job_application_vans`
--
ALTER TABLE `job_application_vans`
  ADD PRIMARY KEY (`id`);

--
-- Indexes for table `job_experience_vans`
--
ALTER TABLE `job_experience_vans`
  ADD PRIMARY KEY (`id`);

--
-- Indexes for table `job_image_vans`
--
ALTER TABLE `job_image_vans`
  ADD PRIMARY KEY (`id`);

--
-- Indexes for table `job_statuses`
--
ALTER TABLE `job_statuses`
  ADD PRIMARY KEY (`id`);

--
-- Indexes for table `nationalities`
--
ALTER TABLE `nationalities`
  ADD PRIMARY KEY (`id`);

--
-- Indexes for table `payments`
--
ALTER TABLE `payments`
  ADD PRIMARY KEY (`id`);

--
-- Indexes for table `payment_channels`
--
ALTER TABLE `payment_channels`
  ADD PRIMARY KEY (`id`);

--
-- Indexes for table `payment_modes`
--
ALTER TABLE `payment_modes`
  ADD PRIMARY KEY (`id`);

--
-- Indexes for table `payment_statuses`
--
ALTER TABLE `payment_statuses`
  ADD PRIMARY KEY (`id`);

--
-- Indexes for table `promotions`
--
ALTER TABLE `promotions`
  ADD PRIMARY KEY (`id`);

--
-- Indexes for table `promotion_tour_details`
--
ALTER TABLE `promotion_tour_details`
  ADD PRIMARY KEY (`id`);

--
-- Indexes for table `promotion_transfer_details`
--
ALTER TABLE `promotion_transfer_details`
  ADD PRIMARY KEY (`id`);

--
-- Indexes for table `tours`
--
ALTER TABLE `tours`
  ADD PRIMARY KEY (`id`);

--
-- Indexes for table `tour_admission_drivers`
--
ALTER TABLE `tour_admission_drivers`
  ADD PRIMARY KEY (`id`);

--
-- Indexes for table `tour_admission_guides`
--
ALTER TABLE `tour_admission_guides`
  ADD PRIMARY KEY (`id`);

--
-- Indexes for table `tour_categories`
--
ALTER TABLE `tour_categories`
  ADD PRIMARY KEY (`id`);

--
-- Indexes for table `tour_driver_fee_rates`
--
ALTER TABLE `tour_driver_fee_rates`
  ADD PRIMARY KEY (`id`);

--
-- Indexes for table `tour_excludes`
--
ALTER TABLE `tour_excludes`
  ADD PRIMARY KEY (`id`);

--
-- Indexes for table `tour_galleries`
--
ALTER TABLE `tour_galleries`
  ADD PRIMARY KEY (`id`);

--
-- Indexes for table `tour_guide_fee_rates`
--
ALTER TABLE `tour_guide_fee_rates`
  ADD PRIMARY KEY (`id`);

--
-- Indexes for table `tour_includes`
--
ALTER TABLE `tour_includes`
  ADD PRIMARY KEY (`id`);

--
-- Indexes for table `tour_itineraries`
--
ALTER TABLE `tour_itineraries`
  ADD PRIMARY KEY (`id`);

--
-- Indexes for table `tour_maps`
--
ALTER TABLE `tour_maps`
  ADD PRIMARY KEY (`id`);

--
-- Indexes for table `tour_paxes`
--
ALTER TABLE `tour_paxes`
  ADD PRIMARY KEY (`id`);

--
-- Indexes for table `tour_price_histories`
--
ALTER TABLE `tour_price_histories`
  ADD PRIMARY KEY (`id`);

--
-- Indexes for table `tour_privacies`
--
ALTER TABLE `tour_privacies`
  ADD PRIMARY KEY (`id`);

--
-- Indexes for table `tour_travel_times`
--
ALTER TABLE `tour_travel_times`
  ADD PRIMARY KEY (`id`);

--
-- Indexes for table `tour_travel_time_types`
--
ALTER TABLE `tour_travel_time_types`
  ADD PRIMARY KEY (`id`);

--
-- Indexes for table `tour_types`
--
ALTER TABLE `tour_types`
  ADD PRIMARY KEY (`id`);

--
-- Indexes for table `transactions`
--
ALTER TABLE `transactions`
  ADD PRIMARY KEY (`id`);

--
-- Indexes for table `transaction_promotions`
--
ALTER TABLE `transaction_promotions`
  ADD PRIMARY KEY (`id`);

--
-- Indexes for table `transaction_promotion_histories`
--
ALTER TABLE `transaction_promotion_histories`
  ADD PRIMARY KEY (`id`);

--
-- Indexes for table `transaction_statuses`
--
ALTER TABLE `transaction_statuses`
  ADD PRIMARY KEY (`id`);

--
-- Indexes for table `transaction_tours`
--
ALTER TABLE `transaction_tours`
  ADD PRIMARY KEY (`id`);

--
-- Indexes for table `transaction_tour_details`
--
ALTER TABLE `transaction_tour_details`
  ADD PRIMARY KEY (`id`);

--
-- Indexes for table `transaction_tour_detail_histories`
--
ALTER TABLE `transaction_tour_detail_histories`
  ADD PRIMARY KEY (`id`);

--
-- Indexes for table `transaction_tour_histories`
--
ALTER TABLE `transaction_tour_histories`
  ADD PRIMARY KEY (`id`);

--
-- Indexes for table `transaction_transfers`
--
ALTER TABLE `transaction_transfers`
  ADD PRIMARY KEY (`id`);

--
-- Indexes for table `transaction_transfer_histories`
--
ALTER TABLE `transaction_transfer_histories`
  ADD PRIMARY KEY (`id`);

--
-- Indexes for table `transfer_modes`
--
ALTER TABLE `transfer_modes`
  ADD PRIMARY KEY (`id`);

--
-- Indexes for table `transfer_types`
--
ALTER TABLE `transfer_types`
  ADD PRIMARY KEY (`id`);

--
-- Indexes for table `transportations`
--
ALTER TABLE `transportations`
  ADD PRIMARY KEY (`id`);

--
-- Indexes for table `work_statuses`
--
ALTER TABLE `work_statuses`
  ADD PRIMARY KEY (`id`);

--
-- AUTO_INCREMENT for dumped tables
--

--
-- AUTO_INCREMENT for table `accounts`
--
ALTER TABLE `accounts`
  MODIFY `id` int(10) unsigned NOT NULL AUTO_INCREMENT;
--
-- AUTO_INCREMENT for table `account_types`
--
ALTER TABLE `account_types`
  MODIFY `id` int(10) unsigned NOT NULL AUTO_INCREMENT,AUTO_INCREMENT=6;
--
-- AUTO_INCREMENT for table `affiliate_commissions`
--
ALTER TABLE `affiliate_commissions`
  MODIFY `id` int(10) unsigned NOT NULL AUTO_INCREMENT;
--
-- AUTO_INCREMENT for table `affiliate_commission_details`
--
ALTER TABLE `affiliate_commission_details`
  MODIFY `id` int(10) unsigned NOT NULL AUTO_INCREMENT;
--
-- AUTO_INCREMENT for table `affiliate_tour_statistics`
--
ALTER TABLE `affiliate_tour_statistics`
  MODIFY `id` int(10) unsigned NOT NULL AUTO_INCREMENT;
--
-- AUTO_INCREMENT for table `configuration_emails`
--
ALTER TABLE `configuration_emails`
  MODIFY `id` int(10) unsigned NOT NULL AUTO_INCREMENT,AUTO_INCREMENT=13;
--
-- AUTO_INCREMENT for table `configuration_tour_holidays`
--
ALTER TABLE `configuration_tour_holidays`
  MODIFY `id` int(10) unsigned NOT NULL AUTO_INCREMENT,AUTO_INCREMENT=37;
--
-- AUTO_INCREMENT for table `configuration_tour_prices`
--
ALTER TABLE `configuration_tour_prices`
  MODIFY `id` int(10) unsigned NOT NULL AUTO_INCREMENT,AUTO_INCREMENT=643;
--
-- AUTO_INCREMENT for table `customer_codes`
--
ALTER TABLE `customer_codes`
  MODIFY `id` int(10) unsigned NOT NULL AUTO_INCREMENT,AUTO_INCREMENT=333;
--
-- AUTO_INCREMENT for table `drivers`
--
ALTER TABLE `drivers`
  MODIFY `id` int(10) unsigned NOT NULL AUTO_INCREMENT,AUTO_INCREMENT=50;
--
-- AUTO_INCREMENT for table `driver_schedules`
--
ALTER TABLE `driver_schedules`
  MODIFY `id` int(10) unsigned NOT NULL AUTO_INCREMENT;
--
-- AUTO_INCREMENT for table `emails`
--
ALTER TABLE `emails`
  MODIFY `id` int(10) unsigned NOT NULL AUTO_INCREMENT,AUTO_INCREMENT=38;
--
-- AUTO_INCREMENT for table `email_contact_types`
--
ALTER TABLE `email_contact_types`
  MODIFY `id` int(10) unsigned NOT NULL AUTO_INCREMENT,AUTO_INCREMENT=5;
--
-- AUTO_INCREMENT for table `email_notify_transactions`
--
ALTER TABLE `email_notify_transactions`
  MODIFY `id` int(10) unsigned NOT NULL AUTO_INCREMENT;
--
-- AUTO_INCREMENT for table `email_types`
--
ALTER TABLE `email_types`
  MODIFY `id` int(10) unsigned NOT NULL AUTO_INCREMENT,AUTO_INCREMENT=9;
--
-- AUTO_INCREMENT for table `guests`
--
ALTER TABLE `guests`
  MODIFY `id` int(10) unsigned NOT NULL AUTO_INCREMENT;
--
-- AUTO_INCREMENT for table `guides`
--
ALTER TABLE `guides`
  MODIFY `id` int(10) unsigned NOT NULL AUTO_INCREMENT,AUTO_INCREMENT=44;
--
-- AUTO_INCREMENT for table `guide_schedules`
--
ALTER TABLE `guide_schedules`
  MODIFY `id` int(10) unsigned NOT NULL AUTO_INCREMENT;
--
-- AUTO_INCREMENT for table `holidays`
--
ALTER TABLE `holidays`
  MODIFY `id` int(10) unsigned NOT NULL AUTO_INCREMENT,AUTO_INCREMENT=4;
--
-- AUTO_INCREMENT for table `holiday_types`
--
ALTER TABLE `holiday_types`
  MODIFY `id` int(10) unsigned NOT NULL AUTO_INCREMENT,AUTO_INCREMENT=3;
--
-- AUTO_INCREMENT for table `hotels`
--
ALTER TABLE `hotels`
  MODIFY `id` int(10) unsigned NOT NULL AUTO_INCREMENT,AUTO_INCREMENT=166;
--
-- AUTO_INCREMENT for table `invoice_tour_offlines`
--
ALTER TABLE `invoice_tour_offlines`
  MODIFY `id` int(10) unsigned NOT NULL AUTO_INCREMENT;
--
-- AUTO_INCREMENT for table `invoice_tour_onlines`
--
ALTER TABLE `invoice_tour_onlines`
  MODIFY `id` int(10) unsigned NOT NULL AUTO_INCREMENT;
--
-- AUTO_INCREMENT for table `job_application_vans`
--
ALTER TABLE `job_application_vans`
  MODIFY `id` int(10) unsigned NOT NULL AUTO_INCREMENT;
--
-- AUTO_INCREMENT for table `job_experience_vans`
--
ALTER TABLE `job_experience_vans`
  MODIFY `id` int(10) unsigned NOT NULL AUTO_INCREMENT;
--
-- AUTO_INCREMENT for table `job_image_vans`
--
ALTER TABLE `job_image_vans`
  MODIFY `id` int(10) unsigned NOT NULL AUTO_INCREMENT;
--
-- AUTO_INCREMENT for table `job_statuses`
--
ALTER TABLE `job_statuses`
  MODIFY `id` int(10) unsigned NOT NULL AUTO_INCREMENT,AUTO_INCREMENT=3;
--
-- AUTO_INCREMENT for table `nationalities`
--
ALTER TABLE `nationalities`
  MODIFY `id` int(10) unsigned NOT NULL AUTO_INCREMENT,AUTO_INCREMENT=177;
--
-- AUTO_INCREMENT for table `payments`
--
ALTER TABLE `payments`
  MODIFY `id` int(10) unsigned NOT NULL AUTO_INCREMENT,AUTO_INCREMENT=28;
--
-- AUTO_INCREMENT for table `payment_channels`
--
ALTER TABLE `payment_channels`
  MODIFY `id` int(10) unsigned NOT NULL AUTO_INCREMENT,AUTO_INCREMENT=6;
--
-- AUTO_INCREMENT for table `payment_modes`
--
ALTER TABLE `payment_modes`
  MODIFY `id` int(10) unsigned NOT NULL AUTO_INCREMENT,AUTO_INCREMENT=11;
--
-- AUTO_INCREMENT for table `payment_statuses`
--
ALTER TABLE `payment_statuses`
  MODIFY `id` int(10) unsigned NOT NULL AUTO_INCREMENT,AUTO_INCREMENT=6;
--
-- AUTO_INCREMENT for table `promotions`
--
ALTER TABLE `promotions`
  MODIFY `id` int(10) unsigned NOT NULL AUTO_INCREMENT;
--
-- AUTO_INCREMENT for table `promotion_tour_details`
--
ALTER TABLE `promotion_tour_details`
  MODIFY `id` int(10) unsigned NOT NULL AUTO_INCREMENT;
--
-- AUTO_INCREMENT for table `promotion_transfer_details`
--
ALTER TABLE `promotion_transfer_details`
  MODIFY `id` int(10) unsigned NOT NULL AUTO_INCREMENT;
--
-- AUTO_INCREMENT for table `tours`
--
ALTER TABLE `tours`
  MODIFY `id` int(10) unsigned NOT NULL AUTO_INCREMENT,AUTO_INCREMENT=20;
--
-- AUTO_INCREMENT for table `tour_admission_drivers`
--
ALTER TABLE `tour_admission_drivers`
  MODIFY `id` int(10) unsigned NOT NULL AUTO_INCREMENT;
--
-- AUTO_INCREMENT for table `tour_admission_guides`
--
ALTER TABLE `tour_admission_guides`
  MODIFY `id` int(10) unsigned NOT NULL AUTO_INCREMENT;
--
-- AUTO_INCREMENT for table `tour_categories`
--
ALTER TABLE `tour_categories`
  MODIFY `id` int(10) unsigned NOT NULL AUTO_INCREMENT,AUTO_INCREMENT=5;
--
-- AUTO_INCREMENT for table `tour_driver_fee_rates`
--
ALTER TABLE `tour_driver_fee_rates`
  MODIFY `id` int(10) unsigned NOT NULL AUTO_INCREMENT,AUTO_INCREMENT=86;
--
-- AUTO_INCREMENT for table `tour_excludes`
--
ALTER TABLE `tour_excludes`
  MODIFY `id` int(10) unsigned NOT NULL AUTO_INCREMENT;
--
-- AUTO_INCREMENT for table `tour_galleries`
--
ALTER TABLE `tour_galleries`
  MODIFY `id` int(10) unsigned NOT NULL AUTO_INCREMENT;
--
-- AUTO_INCREMENT for table `tour_guide_fee_rates`
--
ALTER TABLE `tour_guide_fee_rates`
  MODIFY `id` int(10) unsigned NOT NULL AUTO_INCREMENT,AUTO_INCREMENT=65;
--
-- AUTO_INCREMENT for table `tour_includes`
--
ALTER TABLE `tour_includes`
  MODIFY `id` int(10) unsigned NOT NULL AUTO_INCREMENT;
--
-- AUTO_INCREMENT for table `tour_itineraries`
--
ALTER TABLE `tour_itineraries`
  MODIFY `id` int(10) unsigned NOT NULL AUTO_INCREMENT;
--
-- AUTO_INCREMENT for table `tour_maps`
--
ALTER TABLE `tour_maps`
  MODIFY `id` int(10) unsigned NOT NULL AUTO_INCREMENT;
--
-- AUTO_INCREMENT for table `tour_paxes`
--
ALTER TABLE `tour_paxes`
  MODIFY `id` int(10) unsigned NOT NULL AUTO_INCREMENT,AUTO_INCREMENT=5;
--
-- AUTO_INCREMENT for table `tour_price_histories`
--
ALTER TABLE `tour_price_histories`
  MODIFY `id` int(10) unsigned NOT NULL AUTO_INCREMENT;
--
-- AUTO_INCREMENT for table `tour_privacies`
--
ALTER TABLE `tour_privacies`
  MODIFY `id` int(10) unsigned NOT NULL AUTO_INCREMENT,AUTO_INCREMENT=3;
--
-- AUTO_INCREMENT for table `tour_travel_times`
--
ALTER TABLE `tour_travel_times`
  MODIFY `id` int(10) unsigned NOT NULL AUTO_INCREMENT,AUTO_INCREMENT=23;
--
-- AUTO_INCREMENT for table `tour_travel_time_types`
--
ALTER TABLE `tour_travel_time_types`
  MODIFY `id` int(10) unsigned NOT NULL AUTO_INCREMENT,AUTO_INCREMENT=5;
--
-- AUTO_INCREMENT for table `tour_types`
--
ALTER TABLE `tour_types`
  MODIFY `id` int(10) unsigned NOT NULL AUTO_INCREMENT,AUTO_INCREMENT=3;
--
-- AUTO_INCREMENT for table `transactions`
--
ALTER TABLE `transactions`
  MODIFY `id` int(10) unsigned NOT NULL AUTO_INCREMENT;
--
-- AUTO_INCREMENT for table `transaction_promotions`
--
ALTER TABLE `transaction_promotions`
  MODIFY `id` int(10) unsigned NOT NULL AUTO_INCREMENT;
--
-- AUTO_INCREMENT for table `transaction_promotion_histories`
--
ALTER TABLE `transaction_promotion_histories`
  MODIFY `id` int(10) unsigned NOT NULL AUTO_INCREMENT;
--
-- AUTO_INCREMENT for table `transaction_statuses`
--
ALTER TABLE `transaction_statuses`
  MODIFY `id` int(10) unsigned NOT NULL AUTO_INCREMENT,AUTO_INCREMENT=6;
--
-- AUTO_INCREMENT for table `transaction_tours`
--
ALTER TABLE `transaction_tours`
  MODIFY `id` int(10) unsigned NOT NULL AUTO_INCREMENT;
--
-- AUTO_INCREMENT for table `transaction_tour_details`
--
ALTER TABLE `transaction_tour_details`
  MODIFY `id` int(10) unsigned NOT NULL AUTO_INCREMENT;
--
-- AUTO_INCREMENT for table `transaction_tour_detail_histories`
--
ALTER TABLE `transaction_tour_detail_histories`
  MODIFY `id` int(10) unsigned NOT NULL AUTO_INCREMENT;
--
-- AUTO_INCREMENT for table `transaction_tour_histories`
--
ALTER TABLE `transaction_tour_histories`
  MODIFY `id` int(10) unsigned NOT NULL AUTO_INCREMENT;
--
-- AUTO_INCREMENT for table `transaction_transfers`
--
ALTER TABLE `transaction_transfers`
  MODIFY `id` int(10) unsigned NOT NULL AUTO_INCREMENT;
--
-- AUTO_INCREMENT for table `transaction_transfer_histories`
--
ALTER TABLE `transaction_transfer_histories`
  MODIFY `id` int(10) unsigned NOT NULL AUTO_INCREMENT;
--
-- AUTO_INCREMENT for table `transfer_modes`
--
ALTER TABLE `transfer_modes`
  MODIFY `id` int(10) unsigned NOT NULL AUTO_INCREMENT,AUTO_INCREMENT=3;
--
-- AUTO_INCREMENT for table `transfer_types`
--
ALTER TABLE `transfer_types`
  MODIFY `id` int(10) unsigned NOT NULL AUTO_INCREMENT,AUTO_INCREMENT=3;
--
-- AUTO_INCREMENT for table `transportations`
--
ALTER TABLE `transportations`
  MODIFY `id` int(10) unsigned NOT NULL AUTO_INCREMENT,AUTO_INCREMENT=6;
--
-- AUTO_INCREMENT for table `work_statuses`
--
ALTER TABLE `work_statuses`
  MODIFY `id` int(10) unsigned NOT NULL AUTO_INCREMENT,AUTO_INCREMENT=5;
/*!40101 SET CHARACTER_SET_CLIENT=@OLD_CHARACTER_SET_CLIENT */;
/*!40101 SET CHARACTER_SET_RESULTS=@OLD_CHARACTER_SET_RESULTS */;
/*!40101 SET COLLATION_CONNECTION=@OLD_COLLATION_CONNECTION */;
